job_id,skill,skill_category,job_category
JOB00000,google_cloud,Cloud & Infrastructure,Program Management
JOB00000,cloud_computing,Cloud & Infrastructure,Program Management
JOB00000,project_management,Business & Soft Skills,Program Management
JOB00000,stakeholder_management,Business & Soft Skills,Program Management
JOB00000,communication_skills,Business & Soft Skills,Program Management
JOB00000,cross_functional_collaboration,Business & Soft Skills,Program Management
JOB00000,sales,Business & Soft Skills,Program Management
JOB00000,marketing,Business & Soft Skills,Program Management
JOB00000,bachelors_degree,Education & Certifications,Program Management
JOB00001,data_analysis,Data & Machine Learning,Manufacturing & Supply Chain
JOB00001,statistics,Data & Machine Learning,Manufacturing & Supply Chain
JOB00001,cross_functional_collaboration,Business & Soft Skills,Manufacturing & Supply Chain
JOB00001,supply_chain,Hardware & Manufacturing,Manufacturing & Supply Chain
JOB00001,manufacturing,Hardware & Manufacturing,Manufacturing & Supply Chain
JOB00001,bachelors_degree,Education & Certifications,Manufacturing & Supply Chain
JOB00002,python,Programming Languages,Technical Solutions
JOB00002,r_lang,Programming Languages,Technical Solutions
JOB00002,sql,Programming Languages,Technical Solutions
JOB00002,machine_learning,Data & Machine Learning,Technical Solutions
JOB00002,statistics,Data & Machine Learning,Technical Solutions
JOB00002,databases_general,Databases,Technical Solutions
JOB00002,stakeholder_management,Business & Soft Skills,Technical Solutions
JOB00002,communication_skills,Business & Soft Skills,Technical Solutions
JOB00002,cross_functional_collaboration,Business & Soft Skills,Technical Solutions
JOB00002,consulting,Business & Soft Skills,Technical Solutions
JOB00003,java,Programming Languages,Developer Relations
JOB00003,javascript,Programming Languages,Developer Relations
JOB00003,kotlin,Programming Languages,Developer Relations
JOB00003,rest_api,Web & Frameworks,Developer Relations
JOB00003,android,Web & Frameworks,Developer Relations
JOB00003,ios,Web & Frameworks,Developer Relations
JOB00003,mobile_development,Web & Frameworks,Developer Relations
JOB00003,stakeholder_management,Business & Soft Skills,Developer Relations
JOB00003,bachelors_degree,Education & Certifications,Developer Relations
JOB00003,computer_science_degree,Education & Certifications,Developer Relations
JOB00004,project_management,Business & Soft Skills,Program Management
JOB00004,stakeholder_management,Business & Soft Skills,Program Management
JOB00004,cross_functional_collaboration,Business & Soft Skills,Program Management
JOB00004,strategic_planning,Business & Soft Skills,Program Management
JOB00004,consulting,Business & Soft Skills,Program Management
JOB00004,bachelors_degree,Education & Certifications,Program Management
JOB00005,strategic_planning,Business & Soft Skills,Technical Solutions
JOB00005,customer_service,Business & Soft Skills,Technical Solutions
JOB00005,sales,Business & Soft Skills,Technical Solutions
JOB00005,marketing,Business & Soft Skills,Technical Solutions
JOB00005,consulting,Business & Soft Skills,Technical Solutions
JOB00006,statistics,Data & Machine Learning,Hardware Engineering
JOB00006,project_management,Business & Soft Skills,Hardware Engineering
JOB00006,cross_functional_collaboration,Business & Soft Skills,Hardware Engineering
JOB00006,hardware_engineering,Hardware & Manufacturing,Hardware Engineering
JOB00006,supply_chain,Hardware & Manufacturing,Hardware Engineering
JOB00006,manufacturing,Hardware & Manufacturing,Hardware Engineering
JOB00006,bachelors_degree,Education & Certifications,Hardware Engineering
JOB00007,product_management,Business & Soft Skills,Partnerships
JOB00007,cross_functional_collaboration,Business & Soft Skills,Partnerships
JOB00007,strategic_planning,Business & Soft Skills,Partnerships
JOB00007,sales,Business & Soft Skills,Partnerships
JOB00007,bachelors_degree,Education & Certifications,Partnerships
JOB00008,cross_functional_collaboration,Business & Soft Skills,Manufacturing & Supply Chain
JOB00008,negotiation,Business & Soft Skills,Manufacturing & Supply Chain
JOB00008,strategic_planning,Business & Soft Skills,Manufacturing & Supply Chain
JOB00008,hardware_engineering,Hardware & Manufacturing,Manufacturing & Supply Chain
JOB00008,supply_chain,Hardware & Manufacturing,Manufacturing & Supply Chain
JOB00008,manufacturing,Hardware & Manufacturing,Manufacturing & Supply Chain
JOB00008,bachelors_degree,Education & Certifications,Manufacturing & Supply Chain
JOB00008,masters_degree,Education & Certifications,Manufacturing & Supply Chain
JOB00009,python,Programming Languages,Technical Solutions
JOB00009,java,Programming Languages,Technical Solutions
JOB00009,javascript,Programming Languages,Technical Solutions
JOB00009,c++,Programming Languages,Technical Solutions
JOB00009,c_lang,Programming Languages,Technical Solutions
JOB00009,go,Programming Languages,Technical Solutions
JOB00009,google_cloud,Cloud & Infrastructure,Technical Solutions
JOB00009,cloud_computing,Cloud & Infrastructure,Technical Solutions
JOB00009,networking,Cloud & Infrastructure,Technical Solutions
JOB00009,databases_general,Databases,Technical Solutions
JOB00009,security_general,Security,Technical Solutions
JOB00009,leadership,Business & Soft Skills,Technical Solutions
JOB00009,sales,Business & Soft Skills,Technical Solutions
JOB00009,marketing,Business & Soft Skills,Technical Solutions
JOB00009,bachelors_degree,Education & Certifications,Technical Solutions
JOB00009,computer_science_degree,Education & Certifications,Technical Solutions
JOB00010,sql,Programming Languages,Product & Customer Support
JOB00010,data_analysis,Data & Machine Learning,Product & Customer Support
JOB00010,statistics,Data & Machine Learning,Product & Customer Support
JOB00010,communication_skills,Business & Soft Skills,Product & Customer Support
JOB00010,leadership,Business & Soft Skills,Product & Customer Support
JOB00010,strategic_planning,Business & Soft Skills,Product & Customer Support
JOB00010,consulting,Business & Soft Skills,Product & Customer Support
JOB00010,hardware_engineering,Hardware & Manufacturing,Product & Customer Support
JOB00010,bachelors_degree,Education & Certifications,Product & Customer Support
JOB00010,computer_science_degree,Education & Certifications,Product & Customer Support
JOB00011,scala,Programming Languages,Partnerships
JOB00011,google_cloud,Cloud & Infrastructure,Partnerships
JOB00011,program_management,Business & Soft Skills,Partnerships
JOB00011,communication_skills,Business & Soft Skills,Partnerships
JOB00011,sales,Business & Soft Skills,Partnerships
JOB00011,masters_degree,Education & Certifications,Partnerships
JOB00011,computer_science_degree,Education & Certifications,Partnerships
JOB00012,strategic_planning,Business & Soft Skills,Technical Solutions
JOB00012,customer_service,Business & Soft Skills,Technical Solutions
JOB00012,sales,Business & Soft Skills,Technical Solutions
JOB00012,marketing,Business & Soft Skills,Technical Solutions
JOB00012,consulting,Business & Soft Skills,Technical Solutions
JOB00013,python,Programming Languages,Product & Customer Support
JOB00013,r_lang,Programming Languages,Product & Customer Support
JOB00013,sql,Programming Languages,Product & Customer Support
JOB00013,data_analysis,Data & Machine Learning,Product & Customer Support
JOB00013,statistics,Data & Machine Learning,Product & Customer Support
JOB00013,data_mining,Data & Machine Learning,Product & Customer Support
JOB00013,google_cloud,Cloud & Infrastructure,Product & Customer Support
JOB00013,stakeholder_management,Business & Soft Skills,Product & Customer Support
JOB00013,cross_functional_collaboration,Business & Soft Skills,Product & Customer Support
JOB00013,customer_service,Business & Soft Skills,Product & Customer Support
JOB00013,bachelors_degree,Education & Certifications,Product & Customer Support
JOB00013,masters_degree,Education & Certifications,Product & Customer Support
JOB00013,phd,Education & Certifications,Product & Customer Support
JOB00014,python,Programming Languages,Technical Solutions
JOB00014,java,Programming Languages,Technical Solutions
JOB00014,javascript,Programming Languages,Technical Solutions
JOB00014,c#,Programming Languages,Technical Solutions
JOB00014,c_lang,Programming Languages,Technical Solutions
JOB00014,ruby,Programming Languages,Technical Solutions
JOB00014,google_cloud,Cloud & Infrastructure,Technical Solutions
JOB00014,distributed_systems,Cloud & Infrastructure,Technical Solutions
JOB00014,networking,Cloud & Infrastructure,Technical Solutions
JOB00014,virtualization,Cloud & Infrastructure,Technical Solutions
JOB00014,rest_api,Web & Frameworks,Technical Solutions
JOB00014,security_general,Security,Technical Solutions
JOB00014,stakeholder_management,Business & Soft Skills,Technical Solutions
JOB00014,communication_skills,Business & Soft Skills,Technical Solutions
JOB00014,leadership,Business & Soft Skills,Technical Solutions
JOB00014,sales,Business & Soft Skills,Technical Solutions
JOB00014,bachelors_degree,Education & Certifications,Technical Solutions
JOB00015,manufacturing,Hardware & Manufacturing,Hardware Engineering
JOB00016,machine_learning,Data & Machine Learning,Technical Solutions
JOB00016,big_data,Data & Machine Learning,Technical Solutions
JOB00016,algorithms,Data & Machine Learning,Technical Solutions
JOB00016,google_cloud,Cloud & Infrastructure,Technical Solutions
JOB00016,cloud_computing,Cloud & Infrastructure,Technical Solutions
JOB00016,sales,Business & Soft Skills,Technical Solutions
JOB00016,bachelors_degree,Education & Certifications,Technical Solutions
JOB00016,computer_science_degree,Education & Certifications,Technical Solutions
JOB00017,python,Programming Languages,Software Engineering
JOB00017,java,Programming Languages,Software Engineering
JOB00017,c++,Programming Languages,Software Engineering
JOB00017,c_lang,Programming Languages,Software Engineering
JOB00017,go,Programming Languages,Software Engineering
JOB00017,scala,Programming Languages,Software Engineering
JOB00017,algorithms,Data & Machine Learning,Software Engineering
JOB00017,distributed_systems,Cloud & Infrastructure,Software Engineering
JOB00017,linux,Cloud & Infrastructure,Software Engineering
JOB00017,networking,Cloud & Infrastructure,Software Engineering
JOB00017,site_reliability,Cloud & Infrastructure,Software Engineering
JOB00017,communication_skills,Business & Soft Skills,Software Engineering
JOB00017,problem_solving,Business & Soft Skills,Software Engineering
JOB00017,agile_scrum,Business & Soft Skills,Software Engineering
JOB00017,strategic_planning,Business & Soft Skills,Software Engineering
JOB00017,bachelors_degree,Education & Certifications,Software Engineering
JOB00017,computer_science_degree,Education & Certifications,Software Engineering
JOB00018,scala,Programming Languages,Hardware Engineering
JOB00018,cross_functional_collaboration,Business & Soft Skills,Hardware Engineering
JOB00018,hardware_engineering,Hardware & Manufacturing,Hardware Engineering
JOB00018,supply_chain,Hardware & Manufacturing,Hardware Engineering
JOB00018,manufacturing,Hardware & Manufacturing,Hardware Engineering
JOB00018,electrical_engineering,Hardware & Manufacturing,Hardware Engineering
JOB00018,mechanical_engineering,Hardware & Manufacturing,Hardware Engineering
JOB00018,bachelors_degree,Education & Certifications,Hardware Engineering
JOB00019,project_management,Business & Soft Skills,Program Management
JOB00019,cross_functional_collaboration,Business & Soft Skills,Program Management
JOB00019,hardware_engineering,Hardware & Manufacturing,Program Management
JOB00019,manufacturing,Hardware & Manufacturing,Program Management
JOB00019,electrical_engineering,Hardware & Manufacturing,Program Management
JOB00019,bachelors_degree,Education & Certifications,Program Management
JOB00019,phd,Education & Certifications,Program Management
JOB00019,computer_science_degree,Education & Certifications,Program Management
JOB00020,python,Programming Languages,Product & Customer Support
JOB00020,r_lang,Programming Languages,Product & Customer Support
JOB00020,matlab,Programming Languages,Product & Customer Support
JOB00020,statistics,Data & Machine Learning,Product & Customer Support
JOB00020,cross_functional_collaboration,Business & Soft Skills,Product & Customer Support
JOB00020,phd,Education & Certifications,Product & Customer Support
JOB00021,python,Programming Languages,Software Engineering
JOB00021,java,Programming Languages,Software Engineering
JOB00021,c++,Programming Languages,Software Engineering
JOB00021,c_lang,Programming Languages,Software Engineering
JOB00021,scala,Programming Languages,Software Engineering
JOB00021,machine_learning,Data & Machine Learning,Software Engineering
JOB00021,artificial_intelligence,Data & Machine Learning,Software Engineering
JOB00021,distributed_systems,Cloud & Infrastructure,Software Engineering
JOB00021,leadership,Business & Soft Skills,Software Engineering
JOB00021,team_management,Business & Soft Skills,Software Engineering
JOB00021,strategic_planning,Business & Soft Skills,Software Engineering
JOB00021,bachelors_degree,Education & Certifications,Software Engineering
JOB00021,phd,Education & Certifications,Software Engineering
JOB00021,computer_science_degree,Education & Certifications,Software Engineering
JOB00022,go,Programming Languages,Program Management
JOB00022,google_cloud,Cloud & Infrastructure,Program Management
JOB00022,aws,Cloud & Infrastructure,Program Management
JOB00022,azure,Cloud & Infrastructure,Program Management
JOB00022,stakeholder_management,Business & Soft Skills,Program Management
JOB00022,cross_functional_collaboration,Business & Soft Skills,Program Management
JOB00022,consulting,Business & Soft Skills,Program Management
JOB00022,bachelors_degree,Education & Certifications,Program Management
JOB00023,python,Programming Languages,Product & Customer Support
JOB00023,r_lang,Programming Languages,Product & Customer Support
JOB00023,sql,Programming Languages,Product & Customer Support
JOB00023,data_analysis,Data & Machine Learning,Product & Customer Support
JOB00023,statistics,Data & Machine Learning,Product & Customer Support
JOB00023,data_mining,Data & Machine Learning,Product & Customer Support
JOB00023,google_cloud,Cloud & Infrastructure,Product & Customer Support
JOB00023,stakeholder_management,Business & Soft Skills,Product & Customer Support
JOB00023,cross_functional_collaboration,Business & Soft Skills,Product & Customer Support
JOB00023,customer_service,Business & Soft Skills,Product & Customer Support
JOB00023,bachelors_degree,Education & Certifications,Product & Customer Support
JOB00023,masters_degree,Education & Certifications,Product & Customer Support
JOB00023,phd,Education & Certifications,Product & Customer Support
JOB00024,machine_learning,Data & Machine Learning,Program Management
JOB00024,google_cloud,Cloud & Infrastructure,Program Management
JOB00024,cross_functional_collaboration,Business & Soft Skills,Program Management
JOB00025,scala,Programming Languages,Technical Solutions
JOB00025,big_data,Data & Machine Learning,Technical Solutions
JOB00025,google_cloud,Cloud & Infrastructure,Technical Solutions
JOB00025,cloud_computing,Cloud & Infrastructure,Technical Solutions
JOB00025,distributed_systems,Cloud & Infrastructure,Technical Solutions
JOB00025,linux,Cloud & Infrastructure,Technical Solutions
JOB00025,networking,Cloud & Infrastructure,Technical Solutions
JOB00025,databases_general,Databases,Technical Solutions
JOB00025,sales,Business & Soft Skills,Technical Solutions
JOB00025,computer_science_degree,Education & Certifications,Technical Solutions
JOB00026,python,Programming Languages,Technical Solutions
JOB00026,java,Programming Languages,Technical Solutions
JOB00026,javascript,Programming Languages,Technical Solutions
JOB00026,c++,Programming Languages,Technical Solutions
JOB00026,c_lang,Programming Languages,Technical Solutions
JOB00026,data_mining,Data & Machine Learning,Technical Solutions
JOB00026,google_cloud,Cloud & Infrastructure,Technical Solutions
JOB00026,linux,Cloud & Infrastructure,Technical Solutions
JOB00026,html_css,Web & Frameworks,Technical Solutions
JOB00026,android,Web & Frameworks,Technical Solutions
JOB00026,product_management,Business & Soft Skills,Technical Solutions
JOB00026,communication_skills,Business & Soft Skills,Technical Solutions
JOB00026,problem_solving,Business & Soft Skills,Technical Solutions
JOB00026,sales,Business & Soft Skills,Technical Solutions
JOB00026,quality_assurance,Hardware & Manufacturing,Technical Solutions
JOB00026,computer_science_degree,Education & Certifications,Technical Solutions
JOB00027,networking,Cloud & Infrastructure,Data Center & Network
JOB00027,project_management,Business & Soft Skills,Data Center & Network
JOB00027,program_management,Business & Soft Skills,Data Center & Network
JOB00027,stakeholder_management,Business & Soft Skills,Data Center & Network
JOB00027,cross_functional_collaboration,Business & Soft Skills,Data Center & Network
JOB00027,supply_chain,Hardware & Manufacturing,Data Center & Network
JOB00028,machine_learning,Data & Machine Learning,Technical Solutions
JOB00028,big_data,Data & Machine Learning,Technical Solutions
JOB00028,algorithms,Data & Machine Learning,Technical Solutions
JOB00028,google_cloud,Cloud & Infrastructure,Technical Solutions
JOB00028,cloud_computing,Cloud & Infrastructure,Technical Solutions
JOB00028,sales,Business & Soft Skills,Technical Solutions
JOB00028,bachelors_degree,Education & Certifications,Technical Solutions
JOB00028,computer_science_degree,Education & Certifications,Technical Solutions
JOB00029,python,Programming Languages,Technical Solutions
JOB00029,java,Programming Languages,Technical Solutions
JOB00029,javascript,Programming Languages,Technical Solutions
JOB00029,go,Programming Languages,Technical Solutions
JOB00029,php,Programming Languages,Technical Solutions
JOB00029,google_cloud,Cloud & Infrastructure,Technical Solutions
JOB00029,cloud_computing,Cloud & Infrastructure,Technical Solutions
JOB00029,networking,Cloud & Infrastructure,Technical Solutions
JOB00029,mobile_development,Web & Frameworks,Technical Solutions
JOB00029,security_general,Security,Technical Solutions
JOB00029,leadership,Business & Soft Skills,Technical Solutions
JOB00029,strategic_planning,Business & Soft Skills,Technical Solutions
JOB00029,bachelors_degree,Education & Certifications,Technical Solutions
JOB00029,computer_science_degree,Education & Certifications,Technical Solutions
JOB00030,cross_functional_collaboration,Business & Soft Skills,Program Management
JOB00030,sales,Business & Soft Skills,Program Management
JOB00030,bachelors_degree,Education & Certifications,Program Management
JOB00031,python,Programming Languages,Technical Solutions
JOB00031,java,Programming Languages,Technical Solutions
JOB00031,javascript,Programming Languages,Technical Solutions
JOB00031,c++,Programming Languages,Technical Solutions
JOB00031,c_lang,Programming Languages,Technical Solutions
JOB00031,sql,Programming Languages,Technical Solutions
JOB00031,scala,Programming Languages,Technical Solutions
JOB00031,linux,Cloud & Infrastructure,Technical Solutions
JOB00031,mysql,Databases,Technical Solutions
JOB00031,html_css,Web & Frameworks,Technical Solutions
JOB00031,project_management,Business & Soft Skills,Technical Solutions
JOB00031,product_management,Business & Soft Skills,Technical Solutions
JOB00031,cross_functional_collaboration,Business & Soft Skills,Technical Solutions
JOB00031,problem_solving,Business & Soft Skills,Technical Solutions
JOB00031,sales,Business & Soft Skills,Technical Solutions
JOB00031,marketing,Business & Soft Skills,Technical Solutions
JOB00031,consulting,Business & Soft Skills,Technical Solutions
JOB00031,bachelors_degree,Education & Certifications,Technical Solutions
JOB00031,computer_science_degree,Education & Certifications,Technical Solutions
JOB00032,javascript,Programming Languages,Product & Customer Support
JOB00032,sql,Programming Languages,Product & Customer Support
JOB00032,linux,Cloud & Infrastructure,Product & Customer Support
JOB00032,html_css,Web & Frameworks,Product & Customer Support
JOB00032,budget_management,Business & Soft Skills,Product & Customer Support
JOB00032,strategic_planning,Business & Soft Skills,Product & Customer Support
JOB00032,sales,Business & Soft Skills,Product & Customer Support
JOB00032,consulting,Business & Soft Skills,Product & Customer Support
JOB00032,bachelors_degree,Education & Certifications,Product & Customer Support
JOB00032,computer_science_degree,Education & Certifications,Product & Customer Support
JOB00033,c_lang,Programming Languages,Business Strategy
JOB00033,project_management,Business & Soft Skills,Business Strategy
JOB00033,program_management,Business & Soft Skills,Business Strategy
JOB00033,stakeholder_management,Business & Soft Skills,Business Strategy
JOB00033,communication_skills,Business & Soft Skills,Business Strategy
JOB00033,leadership,Business & Soft Skills,Business Strategy
JOB00033,cross_functional_collaboration,Business & Soft Skills,Business Strategy
JOB00033,strategic_planning,Business & Soft Skills,Business Strategy
JOB00033,sales,Business & Soft Skills,Business Strategy
JOB00033,marketing,Business & Soft Skills,Business Strategy
JOB00033,consulting,Business & Soft Skills,Business Strategy
JOB00033,hardware_engineering,Hardware & Manufacturing,Business Strategy
JOB00033,bachelors_degree,Education & Certifications,Business Strategy
JOB00033,masters_degree,Education & Certifications,Business Strategy
JOB00034,sql,Programming Languages,Technical Solutions
JOB00034,data_analysis,Data & Machine Learning,Technical Solutions
JOB00034,big_data,Data & Machine Learning,Technical Solutions
JOB00034,databases_general,Databases,Technical Solutions
JOB00034,data_warehousing,Databases,Technical Solutions
JOB00034,project_management,Business & Soft Skills,Technical Solutions
JOB00034,stakeholder_management,Business & Soft Skills,Technical Solutions
JOB00034,cross_functional_collaboration,Business & Soft Skills,Technical Solutions
JOB00034,team_management,Business & Soft Skills,Technical Solutions
JOB00034,marketing,Business & Soft Skills,Technical Solutions
JOB00035,python,Programming Languages,Technical Solutions
JOB00035,java,Programming Languages,Technical Solutions
JOB00035,javascript,Programming Languages,Technical Solutions
JOB00035,go,Programming Languages,Technical Solutions
JOB00035,sql,Programming Languages,Technical Solutions
JOB00035,scala,Programming Languages,Technical Solutions
JOB00035,php,Programming Languages,Technical Solutions
JOB00035,big_data,Data & Machine Learning,Technical Solutions
JOB00035,google_cloud,Cloud & Infrastructure,Technical Solutions
JOB00035,cloud_computing,Cloud & Infrastructure,Technical Solutions
JOB00035,distributed_systems,Cloud & Infrastructure,Technical Solutions
JOB00035,linux,Cloud & Infrastructure,Technical Solutions
JOB00035,databases_general,Databases,Technical Solutions
JOB00035,spanner_bigtable,Databases,Technical Solutions
JOB00035,data_warehousing,Databases,Technical Solutions
JOB00035,html_css,Web & Frameworks,Technical Solutions
JOB00035,android,Web & Frameworks,Technical Solutions
JOB00035,ios,Web & Frameworks,Technical Solutions
JOB00035,mobile_development,Web & Frameworks,Technical Solutions
JOB00035,sales,Business & Soft Skills,Technical Solutions
JOB00035,bachelors_degree,Education & Certifications,Technical Solutions
JOB00035,computer_science_degree,Education & Certifications,Technical Solutions
JOB00036,scala,Programming Languages,Manufacturing & Supply Chain
JOB00036,cross_functional_collaboration,Business & Soft Skills,Manufacturing & Supply Chain
JOB00036,negotiation,Business & Soft Skills,Manufacturing & Supply Chain
JOB00036,hardware_engineering,Hardware & Manufacturing,Manufacturing & Supply Chain
JOB00036,supply_chain,Hardware & Manufacturing,Manufacturing & Supply Chain
JOB00036,manufacturing,Hardware & Manufacturing,Manufacturing & Supply Chain
JOB00036,electrical_engineering,Hardware & Manufacturing,Manufacturing & Supply Chain
JOB00036,mechanical_engineering,Hardware & Manufacturing,Manufacturing & Supply Chain
JOB00037,project_management,Business & Soft Skills,Technical Solutions
JOB00037,stakeholder_management,Business & Soft Skills,Technical Solutions
JOB00037,communication_skills,Business & Soft Skills,Technical Solutions
JOB00037,leadership,Business & Soft Skills,Technical Solutions
JOB00037,cross_functional_collaboration,Business & Soft Skills,Technical Solutions
JOB00037,problem_solving,Business & Soft Skills,Technical Solutions
JOB00037,bachelors_degree,Education & Certifications,Technical Solutions
JOB00037,masters_degree,Education & Certifications,Technical Solutions
JOB00037,computer_science_degree,Education & Certifications,Technical Solutions
JOB00038,scala,Programming Languages,Program Management
JOB00038,google_cloud,Cloud & Infrastructure,Program Management
JOB00038,kubernetes,Cloud & Infrastructure,Program Management
JOB00038,docker,Cloud & Infrastructure,Program Management
JOB00038,cloud_computing,Cloud & Infrastructure,Program Management
JOB00038,distributed_systems,Cloud & Infrastructure,Program Management
JOB00038,networking,Cloud & Infrastructure,Program Management
JOB00038,presentation_skills,Business & Soft Skills,Program Management
JOB00038,sales,Business & Soft Skills,Program Management
JOB00038,bachelors_degree,Education & Certifications,Program Management
JOB00038,computer_science_degree,Education & Certifications,Program Management
JOB00039,google_cloud,Cloud & Infrastructure,Program Management
JOB00039,site_reliability,Cloud & Infrastructure,Program Management
JOB00039,project_management,Business & Soft Skills,Program Management
JOB00039,program_management,Business & Soft Skills,Program Management
JOB00039,stakeholder_management,Business & Soft Skills,Program Management
JOB00039,leadership,Business & Soft Skills,Program Management
JOB00039,cross_functional_collaboration,Business & Soft Skills,Program Management
JOB00039,electrical_engineering,Hardware & Manufacturing,Program Management
JOB00039,bachelors_degree,Education & Certifications,Program Management
JOB00039,masters_degree,Education & Certifications,Program Management
JOB00039,computer_science_degree,Education & Certifications,Program Management
JOB00040,python,Programming Languages,Software Engineering
JOB00040,java,Programming Languages,Software Engineering
JOB00040,javascript,Programming Languages,Software Engineering
JOB00040,c++,Programming Languages,Software Engineering
JOB00040,c#,Programming Languages,Software Engineering
JOB00040,c_lang,Programming Languages,Software Engineering
JOB00040,go,Programming Languages,Software Engineering
JOB00040,machine_learning,Data & Machine Learning,Software Engineering
JOB00040,natural_language_processing,Data & Machine Learning,Software Engineering
JOB00040,linux,Cloud & Infrastructure,Software Engineering
JOB00040,networking,Cloud & Infrastructure,Software Engineering
JOB00040,mobile_development,Web & Frameworks,Software Engineering
JOB00040,security_general,Security,Software Engineering
JOB00040,bachelors_degree,Education & Certifications,Software Engineering
JOB00040,phd,Education & Certifications,Software Engineering
JOB00040,computer_science_degree,Education & Certifications,Software Engineering
JOB00041,python,Programming Languages,Technical Solutions
JOB00041,java,Programming Languages,Technical Solutions
JOB00041,javascript,Programming Languages,Technical Solutions
JOB00041,c++,Programming Languages,Technical Solutions
JOB00041,c_lang,Programming Languages,Technical Solutions
JOB00041,go,Programming Languages,Technical Solutions
JOB00041,google_cloud,Cloud & Infrastructure,Technical Solutions
JOB00041,cloud_computing,Cloud & Infrastructure,Technical Solutions
JOB00041,networking,Cloud & Infrastructure,Technical Solutions
JOB00041,databases_general,Databases,Technical Solutions
JOB00041,security_general,Security,Technical Solutions
JOB00041,leadership,Business & Soft Skills,Technical Solutions
JOB00041,sales,Business & Soft Skills,Technical Solutions
JOB00041,marketing,Business & Soft Skills,Technical Solutions
JOB00041,bachelors_degree,Education & Certifications,Technical Solutions
JOB00041,computer_science_degree,Education & Certifications,Technical Solutions
JOB00042,google_cloud,Cloud & Infrastructure,Program Management
JOB00042,project_management,Business & Soft Skills,Program Management
JOB00042,program_management,Business & Soft Skills,Program Management
JOB00042,budget_management,Business & Soft Skills,Program Management
JOB00043,scala,Programming Languages,Program Management
JOB00043,google_cloud,Cloud & Infrastructure,Program Management
JOB00043,kubernetes,Cloud & Infrastructure,Program Management
JOB00043,docker,Cloud & Infrastructure,Program Management
JOB00043,cloud_computing,Cloud & Infrastructure,Program Management
JOB00043,distributed_systems,Cloud & Infrastructure,Program Management
JOB00043,networking,Cloud & Infrastructure,Program Management
JOB00043,presentation_skills,Business & Soft Skills,Program Management
JOB00043,sales,Business & Soft Skills,Program Management
JOB00043,bachelors_degree,Education & Certifications,Program Management
JOB00043,computer_science_degree,Education & Certifications,Program Management
JOB00044,project_management,Business & Soft Skills,Technical Solutions
JOB00044,leadership,Business & Soft Skills,Technical Solutions
JOB00044,problem_solving,Business & Soft Skills,Technical Solutions
JOB00044,negotiation,Business & Soft Skills,Technical Solutions
JOB00044,budget_management,Business & Soft Skills,Technical Solutions
JOB00044,strategic_planning,Business & Soft Skills,Technical Solutions
JOB00044,customer_service,Business & Soft Skills,Technical Solutions
JOB00045,python,Programming Languages,Technical Solutions
JOB00045,java,Programming Languages,Technical Solutions
JOB00045,javascript,Programming Languages,Technical Solutions
JOB00045,c#,Programming Languages,Technical Solutions
JOB00045,c_lang,Programming Languages,Technical Solutions
JOB00045,ruby,Programming Languages,Technical Solutions
JOB00045,google_cloud,Cloud & Infrastructure,Technical Solutions
JOB00045,distributed_systems,Cloud & Infrastructure,Technical Solutions
JOB00045,networking,Cloud & Infrastructure,Technical Solutions
JOB00045,virtualization,Cloud & Infrastructure,Technical Solutions
JOB00045,rest_api,Web & Frameworks,Technical Solutions
JOB00045,security_general,Security,Technical Solutions
JOB00045,stakeholder_management,Business & Soft Skills,Technical Solutions
JOB00045,communication_skills,Business & Soft Skills,Technical Solutions
JOB00045,leadership,Business & Soft Skills,Technical Solutions
JOB00045,sales,Business & Soft Skills,Technical Solutions
JOB00045,bachelors_degree,Education & Certifications,Technical Solutions
JOB00046,c++,Programming Languages,Software Engineering
JOB00046,c_lang,Programming Languages,Software Engineering
JOB00046,google_cloud,Cloud & Infrastructure,Software Engineering
JOB00046,linux,Cloud & Infrastructure,Software Engineering
JOB00046,bachelors_degree,Education & Certifications,Software Engineering
JOB00046,computer_science_degree,Education & Certifications,Software Engineering
JOB00047,python,Programming Languages,Technical Writing
JOB00047,java,Programming Languages,Technical Writing
JOB00047,javascript,Programming Languages,Technical Writing
JOB00047,c++,Programming Languages,Technical Writing
JOB00047,c_lang,Programming Languages,Technical Writing
JOB00047,linux,Cloud & Infrastructure,Technical Writing
JOB00047,html_css,Web & Frameworks,Technical Writing
JOB00047,rest_api,Web & Frameworks,Technical Writing
JOB00047,bachelors_degree,Education & Certifications,Technical Writing
JOB00048,python,Programming Languages,Technical Solutions
JOB00048,java,Programming Languages,Technical Solutions
JOB00048,javascript,Programming Languages,Technical Solutions
JOB00048,c++,Programming Languages,Technical Solutions
JOB00048,c_lang,Programming Languages,Technical Solutions
JOB00048,go,Programming Languages,Technical Solutions
JOB00048,google_cloud,Cloud & Infrastructure,Technical Solutions
JOB00048,cloud_computing,Cloud & Infrastructure,Technical Solutions
JOB00048,networking,Cloud & Infrastructure,Technical Solutions
JOB00048,databases_general,Databases,Technical Solutions
JOB00048,security_general,Security,Technical Solutions
JOB00048,leadership,Business & Soft Skills,Technical Solutions
JOB00048,sales,Business & Soft Skills,Technical Solutions
JOB00048,marketing,Business & Soft Skills,Technical Solutions
JOB00048,bachelors_degree,Education & Certifications,Technical Solutions
JOB00048,computer_science_degree,Education & Certifications,Technical Solutions
JOB00049,stakeholder_management,Business & Soft Skills,Technical Infrastructure
JOB00049,cross_functional_collaboration,Business & Soft Skills,Technical Infrastructure
JOB00049,negotiation,Business & Soft Skills,Technical Infrastructure
JOB00049,strategic_planning,Business & Soft Skills,Technical Infrastructure
JOB00049,supply_chain,Hardware & Manufacturing,Technical Infrastructure
JOB00049,bachelors_degree,Education & Certifications,Technical Infrastructure
JOB00049,masters_degree,Education & Certifications,Technical Infrastructure
JOB00049,computer_science_degree,Education & Certifications,Technical Infrastructure
JOB00050,stakeholder_management,Business & Soft Skills,Technical Solutions
JOB00050,communication_skills,Business & Soft Skills,Technical Solutions
JOB00050,cross_functional_collaboration,Business & Soft Skills,Technical Solutions
JOB00050,sales,Business & Soft Skills,Technical Solutions
JOB00050,marketing,Business & Soft Skills,Technical Solutions
JOB00050,bachelors_degree,Education & Certifications,Technical Solutions
JOB00051,go,Programming Languages,Program Management
JOB00051,program_management,Business & Soft Skills,Program Management
JOB00051,leadership,Business & Soft Skills,Program Management
JOB00051,strategic_planning,Business & Soft Skills,Program Management
JOB00051,sales,Business & Soft Skills,Program Management
JOB00051,marketing,Business & Soft Skills,Program Management
JOB00051,masters_degree,Education & Certifications,Program Management
JOB00051,computer_science_degree,Education & Certifications,Program Management
JOB00052,python,Programming Languages,Program Management
JOB00052,java,Programming Languages,Program Management
JOB00052,c++,Programming Languages,Program Management
JOB00052,c_lang,Programming Languages,Program Management
JOB00052,program_management,Business & Soft Skills,Program Management
JOB00052,leadership,Business & Soft Skills,Program Management
JOB00052,strategic_planning,Business & Soft Skills,Program Management
JOB00052,bachelors_degree,Education & Certifications,Program Management
JOB00052,computer_science_degree,Education & Certifications,Program Management
JOB00053,python,Programming Languages,Technical Solutions
JOB00053,java,Programming Languages,Technical Solutions
JOB00053,javascript,Programming Languages,Technical Solutions
JOB00053,c++,Programming Languages,Technical Solutions
JOB00053,c_lang,Programming Languages,Technical Solutions
JOB00053,go,Programming Languages,Technical Solutions
JOB00053,scala,Programming Languages,Technical Solutions
JOB00053,data_analysis,Data & Machine Learning,Technical Solutions
JOB00053,big_data,Data & Machine Learning,Technical Solutions
JOB00053,google_cloud,Cloud & Infrastructure,Technical Solutions
JOB00053,cloud_computing,Cloud & Infrastructure,Technical Solutions
JOB00053,distributed_systems,Cloud & Infrastructure,Technical Solutions
JOB00053,networking,Cloud & Infrastructure,Technical Solutions
JOB00053,virtualization,Cloud & Infrastructure,Technical Solutions
JOB00053,mobile_development,Web & Frameworks,Technical Solutions
JOB00053,compliance,Security,Technical Solutions
JOB00053,strategic_planning,Business & Soft Skills,Technical Solutions
JOB00053,bachelors_degree,Education & Certifications,Technical Solutions
JOB00053,computer_science_degree,Education & Certifications,Technical Solutions
JOB00054,python,Programming Languages,Technical Solutions
JOB00054,javascript,Programming Languages,Technical Solutions
JOB00054,sql,Programming Languages,Technical Solutions
JOB00054,scala,Programming Languages,Technical Solutions
JOB00054,databases_general,Databases,Technical Solutions
JOB00054,html_css,Web & Frameworks,Technical Solutions
JOB00054,project_management,Business & Soft Skills,Technical Solutions
JOB00054,product_management,Business & Soft Skills,Technical Solutions
JOB00054,communication_skills,Business & Soft Skills,Technical Solutions
JOB00054,problem_solving,Business & Soft Skills,Technical Solutions
JOB00054,sales,Business & Soft Skills,Technical Solutions
JOB00054,bachelors_degree,Education & Certifications,Technical Solutions
JOB00054,masters_degree,Education & Certifications,Technical Solutions
JOB00054,computer_science_degree,Education & Certifications,Technical Solutions
JOB00055,python,Programming Languages,Technical Solutions
JOB00055,java,Programming Languages,Technical Solutions
JOB00055,javascript,Programming Languages,Technical Solutions
JOB00055,c#,Programming Languages,Technical Solutions
JOB00055,c_lang,Programming Languages,Technical Solutions
JOB00055,sql,Programming Languages,Technical Solutions
JOB00055,ruby,Programming Languages,Technical Solutions
JOB00055,machine_learning,Data & Machine Learning,Technical Solutions
JOB00055,data_analysis,Data & Machine Learning,Technical Solutions
JOB00055,tensorflow,Data & Machine Learning,Technical Solutions
JOB00055,big_data,Data & Machine Learning,Technical Solutions
JOB00055,google_cloud,Cloud & Infrastructure,Technical Solutions
JOB00055,distributed_systems,Cloud & Infrastructure,Technical Solutions
JOB00055,databases_general,Databases,Technical Solutions
JOB00055,mysql,Databases,Technical Solutions
JOB00055,mongodb,Databases,Technical Solutions
JOB00055,spanner_bigtable,Databases,Technical Solutions
JOB00055,data_warehousing,Databases,Technical Solutions
JOB00055,html_css,Web & Frameworks,Technical Solutions
JOB00055,stakeholder_management,Business & Soft Skills,Technical Solutions
JOB00055,communication_skills,Business & Soft Skills,Technical Solutions
JOB00055,sales,Business & Soft Skills,Technical Solutions
JOB00055,bachelors_degree,Education & Certifications,Technical Solutions
JOB00056,scala,Programming Languages,Partnerships
JOB00056,google_cloud,Cloud & Infrastructure,Partnerships
JOB00056,program_management,Business & Soft Skills,Partnerships
JOB00056,communication_skills,Business & Soft Skills,Partnerships
JOB00056,sales,Business & Soft Skills,Partnerships
JOB00056,masters_degree,Education & Certifications,Partnerships
JOB00056,computer_science_degree,Education & Certifications,Partnerships
JOB00057,python,Programming Languages,Technical Solutions
JOB00057,java,Programming Languages,Technical Solutions
JOB00057,javascript,Programming Languages,Technical Solutions
JOB00057,go,Programming Languages,Technical Solutions
JOB00057,php,Programming Languages,Technical Solutions
JOB00057,google_cloud,Cloud & Infrastructure,Technical Solutions
JOB00057,cloud_computing,Cloud & Infrastructure,Technical Solutions
JOB00057,android,Web & Frameworks,Technical Solutions
JOB00057,ios,Web & Frameworks,Technical Solutions
JOB00057,mobile_development,Web & Frameworks,Technical Solutions
JOB00057,security_general,Security,Technical Solutions
JOB00057,encryption,Security,Technical Solutions
JOB00057,customer_service,Business & Soft Skills,Technical Solutions
JOB00057,sales,Business & Soft Skills,Technical Solutions
JOB00057,bachelors_degree,Education & Certifications,Technical Solutions
JOB00057,computer_science_degree,Education & Certifications,Technical Solutions
JOB00058,scala,Programming Languages,Technical Solutions
JOB00058,google_cloud,Cloud & Infrastructure,Technical Solutions
JOB00058,cloud_computing,Cloud & Infrastructure,Technical Solutions
JOB00058,distributed_systems,Cloud & Infrastructure,Technical Solutions
JOB00058,networking,Cloud & Infrastructure,Technical Solutions
JOB00058,product_management,Business & Soft Skills,Technical Solutions
JOB00058,presentation_skills,Business & Soft Skills,Technical Solutions
JOB00058,strategic_planning,Business & Soft Skills,Technical Solutions
JOB00058,sales,Business & Soft Skills,Technical Solutions
JOB00058,bachelors_degree,Education & Certifications,Technical Solutions
JOB00058,computer_science_degree,Education & Certifications,Technical Solutions
JOB00059,cross_functional_collaboration,Business & Soft Skills,Manufacturing & Supply Chain
JOB00059,problem_solving,Business & Soft Skills,Manufacturing & Supply Chain
JOB00059,hardware_engineering,Hardware & Manufacturing,Manufacturing & Supply Chain
JOB00059,supply_chain,Hardware & Manufacturing,Manufacturing & Supply Chain
JOB00059,manufacturing,Hardware & Manufacturing,Manufacturing & Supply Chain
JOB00059,bachelors_degree,Education & Certifications,Manufacturing & Supply Chain
JOB00059,masters_degree,Education & Certifications,Manufacturing & Supply Chain
JOB00060,scala,Programming Languages,Technical Solutions
JOB00060,google_cloud,Cloud & Infrastructure,Technical Solutions
JOB00060,cloud_computing,Cloud & Infrastructure,Technical Solutions
JOB00060,distributed_systems,Cloud & Infrastructure,Technical Solutions
JOB00060,networking,Cloud & Infrastructure,Technical Solutions
JOB00060,product_management,Business & Soft Skills,Technical Solutions
JOB00060,presentation_skills,Business & Soft Skills,Technical Solutions
JOB00060,strategic_planning,Business & Soft Skills,Technical Solutions
JOB00060,sales,Business & Soft Skills,Technical Solutions
JOB00060,bachelors_degree,Education & Certifications,Technical Solutions
JOB00060,computer_science_degree,Education & Certifications,Technical Solutions
JOB00061,google_cloud,Cloud & Infrastructure,Program Management
JOB00061,stakeholder_management,Business & Soft Skills,Program Management
JOB00061,bachelors_degree,Education & Certifications,Program Management
JOB00061,masters_degree,Education & Certifications,Program Management
JOB00061,computer_science_degree,Education & Certifications,Program Management
JOB00062,python,Programming Languages,Program Management
JOB00062,java,Programming Languages,Program Management
JOB00062,javascript,Programming Languages,Program Management
JOB00062,scala,Programming Languages,Program Management
JOB00062,google_cloud,Cloud & Infrastructure,Program Management
JOB00062,stakeholder_management,Business & Soft Skills,Program Management
JOB00062,communication_skills,Business & Soft Skills,Program Management
JOB00062,cross_functional_collaboration,Business & Soft Skills,Program Management
JOB00062,strategic_planning,Business & Soft Skills,Program Management
JOB00062,sales,Business & Soft Skills,Program Management
JOB00062,consulting,Business & Soft Skills,Program Management
JOB00062,bachelors_degree,Education & Certifications,Program Management
JOB00063,python,Programming Languages,Technical Solutions
JOB00063,java,Programming Languages,Technical Solutions
JOB00063,javascript,Programming Languages,Technical Solutions
JOB00063,c++,Programming Languages,Technical Solutions
JOB00063,c_lang,Programming Languages,Technical Solutions
JOB00063,go,Programming Languages,Technical Solutions
JOB00063,machine_learning,Data & Machine Learning,Technical Solutions
JOB00063,tensorflow,Data & Machine Learning,Technical Solutions
JOB00063,big_data,Data & Machine Learning,Technical Solutions
JOB00063,data_mining,Data & Machine Learning,Technical Solutions
JOB00063,algorithms,Data & Machine Learning,Technical Solutions
JOB00063,google_cloud,Cloud & Infrastructure,Technical Solutions
JOB00063,mongodb,Databases,Technical Solutions
JOB00063,nosql,Databases,Technical Solutions
JOB00063,data_warehousing,Databases,Technical Solutions
JOB00063,stakeholder_management,Business & Soft Skills,Technical Solutions
JOB00063,cross_functional_collaboration,Business & Soft Skills,Technical Solutions
JOB00063,strategic_planning,Business & Soft Skills,Technical Solutions
JOB00063,consulting,Business & Soft Skills,Technical Solutions
JOB00063,computer_science_degree,Education & Certifications,Technical Solutions
JOB00064,product_management,Business & Soft Skills,Hardware Engineering
JOB00064,communication_skills,Business & Soft Skills,Hardware Engineering
JOB00064,cross_functional_collaboration,Business & Soft Skills,Hardware Engineering
JOB00064,hardware_engineering,Hardware & Manufacturing,Hardware Engineering
JOB00064,electrical_engineering,Hardware & Manufacturing,Hardware Engineering
JOB00064,mechanical_engineering,Hardware & Manufacturing,Hardware Engineering
JOB00064,bachelors_degree,Education & Certifications,Hardware Engineering
JOB00064,phd,Education & Certifications,Hardware Engineering
JOB00065,c++,Programming Languages,Software Engineering
JOB00065,c_lang,Programming Languages,Software Engineering
JOB00065,machine_learning,Data & Machine Learning,Software Engineering
JOB00065,algorithms,Data & Machine Learning,Software Engineering
JOB00065,hardware_engineering,Hardware & Manufacturing,Software Engineering
JOB00065,electrical_engineering,Hardware & Manufacturing,Software Engineering
JOB00065,computer_science_degree,Education & Certifications,Software Engineering
JOB00066,strategic_planning,Business & Soft Skills,Technical Solutions
JOB00066,customer_service,Business & Soft Skills,Technical Solutions
JOB00066,sales,Business & Soft Skills,Technical Solutions
JOB00066,marketing,Business & Soft Skills,Technical Solutions
JOB00066,consulting,Business & Soft Skills,Technical Solutions
JOB00067,scala,Programming Languages,Technical Solutions
JOB00067,big_data,Data & Machine Learning,Technical Solutions
JOB00067,google_cloud,Cloud & Infrastructure,Technical Solutions
JOB00067,cloud_computing,Cloud & Infrastructure,Technical Solutions
JOB00067,distributed_systems,Cloud & Infrastructure,Technical Solutions
JOB00067,linux,Cloud & Infrastructure,Technical Solutions
JOB00067,networking,Cloud & Infrastructure,Technical Solutions
JOB00067,databases_general,Databases,Technical Solutions
JOB00067,sales,Business & Soft Skills,Technical Solutions
JOB00067,computer_science_degree,Education & Certifications,Technical Solutions
JOB00068,javascript,Programming Languages,Technical Solutions
JOB00068,sql,Programming Languages,Technical Solutions
JOB00068,scala,Programming Languages,Technical Solutions
JOB00068,html_css,Web & Frameworks,Technical Solutions
JOB00068,project_management,Business & Soft Skills,Technical Solutions
JOB00068,stakeholder_management,Business & Soft Skills,Technical Solutions
JOB00068,problem_solving,Business & Soft Skills,Technical Solutions
JOB00068,analytical_skills,Business & Soft Skills,Technical Solutions
JOB00068,sales,Business & Soft Skills,Technical Solutions
JOB00068,consulting,Business & Soft Skills,Technical Solutions
JOB00068,bachelors_degree,Education & Certifications,Technical Solutions
JOB00068,computer_science_degree,Education & Certifications,Technical Solutions
JOB00069,python,Programming Languages,Technical Solutions
JOB00069,java,Programming Languages,Technical Solutions
JOB00069,javascript,Programming Languages,Technical Solutions
JOB00069,sql,Programming Languages,Technical Solutions
JOB00069,scala,Programming Languages,Technical Solutions
JOB00069,html_css,Web & Frameworks,Technical Solutions
JOB00069,project_management,Business & Soft Skills,Technical Solutions
JOB00069,product_management,Business & Soft Skills,Technical Solutions
JOB00069,stakeholder_management,Business & Soft Skills,Technical Solutions
JOB00069,analytical_skills,Business & Soft Skills,Technical Solutions
JOB00069,presentation_skills,Business & Soft Skills,Technical Solutions
JOB00069,bachelors_degree,Education & Certifications,Technical Solutions
JOB00069,computer_science_degree,Education & Certifications,Technical Solutions
JOB00070,javascript,Programming Languages,Technical Solutions
JOB00070,html_css,Web & Frameworks,Technical Solutions
JOB00070,project_management,Business & Soft Skills,Technical Solutions
JOB00070,product_management,Business & Soft Skills,Technical Solutions
JOB00070,cross_functional_collaboration,Business & Soft Skills,Technical Solutions
JOB00070,sales,Business & Soft Skills,Technical Solutions
JOB00070,consulting,Business & Soft Skills,Technical Solutions
JOB00070,masters_degree,Education & Certifications,Technical Solutions
JOB00071,javascript,Programming Languages,Product & Customer Support
JOB00071,sql,Programming Languages,Product & Customer Support
JOB00071,linux,Cloud & Infrastructure,Product & Customer Support
JOB00071,html_css,Web & Frameworks,Product & Customer Support
JOB00071,budget_management,Business & Soft Skills,Product & Customer Support
JOB00071,strategic_planning,Business & Soft Skills,Product & Customer Support
JOB00071,sales,Business & Soft Skills,Product & Customer Support
JOB00071,consulting,Business & Soft Skills,Product & Customer Support
JOB00071,bachelors_degree,Education & Certifications,Product & Customer Support
JOB00071,computer_science_degree,Education & Certifications,Product & Customer Support
JOB00072,android,Web & Frameworks,Software Engineering
JOB00073,go,Programming Languages,Program Management
JOB00073,program_management,Business & Soft Skills,Program Management
JOB00073,leadership,Business & Soft Skills,Program Management
JOB00073,strategic_planning,Business & Soft Skills,Program Management
JOB00073,sales,Business & Soft Skills,Program Management
JOB00073,marketing,Business & Soft Skills,Program Management
JOB00073,masters_degree,Education & Certifications,Program Management
JOB00073,computer_science_degree,Education & Certifications,Program Management
JOB00074,google_cloud,Cloud & Infrastructure,Program Management
JOB00074,stakeholder_management,Business & Soft Skills,Program Management
JOB00074,bachelors_degree,Education & Certifications,Program Management
JOB00074,masters_degree,Education & Certifications,Program Management
JOB00074,computer_science_degree,Education & Certifications,Program Management
JOB00075,python,Programming Languages,Developer Relations
JOB00075,java,Programming Languages,Developer Relations
JOB00075,javascript,Programming Languages,Developer Relations
JOB00075,c++,Programming Languages,Developer Relations
JOB00075,c#,Programming Languages,Developer Relations
JOB00075,c_lang,Programming Languages,Developer Relations
JOB00075,go,Programming Languages,Developer Relations
JOB00075,machine_learning,Data & Machine Learning,Developer Relations
JOB00075,data_analysis,Data & Machine Learning,Developer Relations
JOB00075,google_cloud,Cloud & Infrastructure,Developer Relations
JOB00075,product_management,Business & Soft Skills,Developer Relations
JOB00075,cross_functional_collaboration,Business & Soft Skills,Developer Relations
JOB00075,strategic_planning,Business & Soft Skills,Developer Relations
JOB00075,marketing,Business & Soft Skills,Developer Relations
JOB00075,bachelors_degree,Education & Certifications,Developer Relations
JOB00075,computer_science_degree,Education & Certifications,Developer Relations
JOB00076,python,Programming Languages,Technical Solutions
JOB00076,java,Programming Languages,Technical Solutions
JOB00076,javascript,Programming Languages,Technical Solutions
JOB00076,c++,Programming Languages,Technical Solutions
JOB00076,c_lang,Programming Languages,Technical Solutions
JOB00076,sql,Programming Languages,Technical Solutions
JOB00076,scala,Programming Languages,Technical Solutions
JOB00076,linux,Cloud & Infrastructure,Technical Solutions
JOB00076,mysql,Databases,Technical Solutions
JOB00076,html_css,Web & Frameworks,Technical Solutions
JOB00076,project_management,Business & Soft Skills,Technical Solutions
JOB00076,product_management,Business & Soft Skills,Technical Solutions
JOB00076,cross_functional_collaboration,Business & Soft Skills,Technical Solutions
JOB00076,problem_solving,Business & Soft Skills,Technical Solutions
JOB00076,sales,Business & Soft Skills,Technical Solutions
JOB00076,marketing,Business & Soft Skills,Technical Solutions
JOB00076,consulting,Business & Soft Skills,Technical Solutions
JOB00076,bachelors_degree,Education & Certifications,Technical Solutions
JOB00076,computer_science_degree,Education & Certifications,Technical Solutions
JOB00077,java,Programming Languages,Software Engineering
JOB00077,javascript,Programming Languages,Software Engineering
JOB00077,c++,Programming Languages,Software Engineering
JOB00077,c_lang,Programming Languages,Software Engineering
JOB00077,html_css,Web & Frameworks,Software Engineering
JOB00077,bachelors_degree,Education & Certifications,Software Engineering
JOB00078,python,Programming Languages,Technical Solutions
JOB00078,go,Programming Languages,Technical Solutions
JOB00078,networking,Cloud & Infrastructure,Technical Solutions
JOB00078,security_general,Security,Technical Solutions
JOB00078,stakeholder_management,Business & Soft Skills,Technical Solutions
JOB00078,presentation_skills,Business & Soft Skills,Technical Solutions
JOB00078,bachelors_degree,Education & Certifications,Technical Solutions
JOB00078,computer_science_degree,Education & Certifications,Technical Solutions
JOB00079,python,Programming Languages,Technical Solutions
JOB00079,java,Programming Languages,Technical Solutions
JOB00079,javascript,Programming Languages,Technical Solutions
JOB00079,c++,Programming Languages,Technical Solutions
JOB00079,c_lang,Programming Languages,Technical Solutions
JOB00079,scala,Programming Languages,Technical Solutions
JOB00079,android,Web & Frameworks,Technical Solutions
JOB00079,ios,Web & Frameworks,Technical Solutions
JOB00079,security_general,Security,Technical Solutions
JOB00079,cross_functional_collaboration,Business & Soft Skills,Technical Solutions
JOB00079,sales,Business & Soft Skills,Technical Solutions
JOB00079,bachelors_degree,Education & Certifications,Technical Solutions
JOB00079,computer_science_degree,Education & Certifications,Technical Solutions
JOB00080,python,Programming Languages,Software Engineering
JOB00080,c++,Programming Languages,Software Engineering
JOB00080,c_lang,Programming Languages,Software Engineering
JOB00080,shell_scripting,Programming Languages,Software Engineering
JOB00080,computer_vision,Data & Machine Learning,Software Engineering
JOB00080,algorithms,Data & Machine Learning,Software Engineering
JOB00080,android,Web & Frameworks,Software Engineering
JOB00080,hardware_engineering,Hardware & Manufacturing,Software Engineering
JOB00080,electrical_engineering,Hardware & Manufacturing,Software Engineering
JOB00080,computer_science_degree,Education & Certifications,Software Engineering
JOB00081,shell_scripting,Programming Languages,Hardware Engineering
JOB00081,circuit_design,Hardware & Manufacturing,Hardware Engineering
JOB00081,computer_science_degree,Education & Certifications,Hardware Engineering
JOB00082,project_management,Business & Soft Skills,Program Management
JOB00082,cross_functional_collaboration,Business & Soft Skills,Program Management
JOB00082,bachelors_degree,Education & Certifications,Program Management
JOB00083,go,Programming Languages,Product & Customer Support
JOB00083,scala,Programming Languages,Product & Customer Support
JOB00083,big_data,Data & Machine Learning,Product & Customer Support
JOB00083,google_cloud,Cloud & Infrastructure,Product & Customer Support
JOB00083,cloud_computing,Cloud & Infrastructure,Product & Customer Support
JOB00083,distributed_systems,Cloud & Infrastructure,Product & Customer Support
JOB00083,linux,Cloud & Infrastructure,Product & Customer Support
JOB00083,networking,Cloud & Infrastructure,Product & Customer Support
JOB00083,databases_general,Databases,Product & Customer Support
JOB00083,product_management,Business & Soft Skills,Product & Customer Support
JOB00083,leadership,Business & Soft Skills,Product & Customer Support
JOB00083,customer_service,Business & Soft Skills,Product & Customer Support
JOB00083,sales,Business & Soft Skills,Product & Customer Support
JOB00083,masters_degree,Education & Certifications,Product & Customer Support
JOB00083,computer_science_degree,Education & Certifications,Product & Customer Support
JOB00084,python,Programming Languages,Software Engineering
JOB00084,java,Programming Languages,Software Engineering
JOB00084,google_cloud,Cloud & Infrastructure,Software Engineering
JOB00084,aws,Cloud & Infrastructure,Software Engineering
JOB00084,azure,Cloud & Infrastructure,Software Engineering
JOB00084,bachelors_degree,Education & Certifications,Software Engineering
JOB00084,computer_science_degree,Education & Certifications,Software Engineering
JOB00085,r_lang,Programming Languages,Product & Customer Support
JOB00085,sql,Programming Languages,Product & Customer Support
JOB00085,matlab,Programming Languages,Product & Customer Support
JOB00085,statistics,Data & Machine Learning,Product & Customer Support
JOB00085,security_general,Security,Product & Customer Support
JOB00085,risk_management,Security,Product & Customer Support
JOB00085,stakeholder_management,Business & Soft Skills,Product & Customer Support
JOB00085,leadership,Business & Soft Skills,Product & Customer Support
JOB00085,cross_functional_collaboration,Business & Soft Skills,Product & Customer Support
JOB00085,strategic_planning,Business & Soft Skills,Product & Customer Support
JOB00085,phd,Education & Certifications,Product & Customer Support
JOB00086,scala,Programming Languages,Technical Solutions
JOB00086,big_data,Data & Machine Learning,Technical Solutions
JOB00086,google_cloud,Cloud & Infrastructure,Technical Solutions
JOB00086,cloud_computing,Cloud & Infrastructure,Technical Solutions
JOB00086,distributed_systems,Cloud & Infrastructure,Technical Solutions
JOB00086,linux,Cloud & Infrastructure,Technical Solutions
JOB00086,networking,Cloud & Infrastructure,Technical Solutions
JOB00086,databases_general,Databases,Technical Solutions
JOB00086,sales,Business & Soft Skills,Technical Solutions
JOB00086,computer_science_degree,Education & Certifications,Technical Solutions
JOB00087,google_cloud,Cloud & Infrastructure,Program Management
JOB00087,product_management,Business & Soft Skills,Program Management
JOB00087,stakeholder_management,Business & Soft Skills,Program Management
JOB00087,marketing,Business & Soft Skills,Program Management
JOB00087,masters_degree,Education & Certifications,Program Management
JOB00087,computer_science_degree,Education & Certifications,Program Management
JOB00088,python,Programming Languages,Technical Writing
JOB00088,java,Programming Languages,Technical Writing
JOB00088,javascript,Programming Languages,Technical Writing
JOB00088,c++,Programming Languages,Technical Writing
JOB00088,c_lang,Programming Languages,Technical Writing
JOB00088,linux,Cloud & Infrastructure,Technical Writing
JOB00088,html_css,Web & Frameworks,Technical Writing
JOB00088,rest_api,Web & Frameworks,Technical Writing
JOB00088,bachelors_degree,Education & Certifications,Technical Writing
JOB00089,python,Programming Languages,Hardware Engineering
JOB00089,c++,Programming Languages,Hardware Engineering
JOB00089,c_lang,Programming Languages,Hardware Engineering
JOB00089,linux,Cloud & Infrastructure,Hardware Engineering
JOB00089,android,Web & Frameworks,Hardware Engineering
JOB00089,electrical_engineering,Hardware & Manufacturing,Hardware Engineering
JOB00089,bachelors_degree,Education & Certifications,Hardware Engineering
JOB00089,phd,Education & Certifications,Hardware Engineering
JOB00090,go,Programming Languages,Program Management
JOB00090,google_cloud,Cloud & Infrastructure,Program Management
JOB00090,cross_functional_collaboration,Business & Soft Skills,Program Management
JOB00090,negotiation,Business & Soft Skills,Program Management
JOB00090,strategic_planning,Business & Soft Skills,Program Management
JOB00090,sales,Business & Soft Skills,Program Management
JOB00090,marketing,Business & Soft Skills,Program Management
JOB00092,big_data,Data & Machine Learning,Product & Customer Support
JOB00092,google_cloud,Cloud & Infrastructure,Product & Customer Support
JOB00092,cloud_computing,Cloud & Infrastructure,Product & Customer Support
JOB00092,customer_service,Business & Soft Skills,Product & Customer Support
JOB00092,sales,Business & Soft Skills,Product & Customer Support
JOB00092,bachelors_degree,Education & Certifications,Product & Customer Support
JOB00092,computer_science_degree,Education & Certifications,Product & Customer Support
JOB00093,leadership,Business & Soft Skills,Hardware Engineering
JOB00094,scala,Programming Languages,Technical Solutions
JOB00094,big_data,Data & Machine Learning,Technical Solutions
JOB00094,google_cloud,Cloud & Infrastructure,Technical Solutions
JOB00094,cloud_computing,Cloud & Infrastructure,Technical Solutions
JOB00094,distributed_systems,Cloud & Infrastructure,Technical Solutions
JOB00094,linux,Cloud & Infrastructure,Technical Solutions
JOB00094,networking,Cloud & Infrastructure,Technical Solutions
JOB00094,databases_general,Databases,Technical Solutions
JOB00094,sales,Business & Soft Skills,Technical Solutions
JOB00094,computer_science_degree,Education & Certifications,Technical Solutions
JOB00095,go,Programming Languages,Program Management
JOB00095,program_management,Business & Soft Skills,Program Management
JOB00095,leadership,Business & Soft Skills,Program Management
JOB00095,strategic_planning,Business & Soft Skills,Program Management
JOB00095,sales,Business & Soft Skills,Program Management
JOB00095,marketing,Business & Soft Skills,Program Management
JOB00095,masters_degree,Education & Certifications,Program Management
JOB00095,computer_science_degree,Education & Certifications,Program Management
JOB00096,statistics,Data & Machine Learning,Program Management
JOB00096,android,Web & Frameworks,Program Management
JOB00096,ios,Web & Frameworks,Program Management
JOB00096,project_management,Business & Soft Skills,Program Management
JOB00096,hardware_engineering,Hardware & Manufacturing,Program Management
JOB00096,quality_assurance,Hardware & Manufacturing,Program Management
JOB00096,bachelors_degree,Education & Certifications,Program Management
JOB00096,computer_science_degree,Education & Certifications,Program Management
JOB00098,android,Web & Frameworks,Software Engineering
JOB00099,risk_management,Security,Manufacturing & Supply Chain
JOB00099,stakeholder_management,Business & Soft Skills,Manufacturing & Supply Chain
JOB00099,communication_skills,Business & Soft Skills,Manufacturing & Supply Chain
JOB00099,cross_functional_collaboration,Business & Soft Skills,Manufacturing & Supply Chain
JOB00099,hardware_engineering,Hardware & Manufacturing,Manufacturing & Supply Chain
JOB00099,supply_chain,Hardware & Manufacturing,Manufacturing & Supply Chain
JOB00099,manufacturing,Hardware & Manufacturing,Manufacturing & Supply Chain
JOB00099,bachelors_degree,Education & Certifications,Manufacturing & Supply Chain
JOB00099,masters_degree,Education & Certifications,Manufacturing & Supply Chain
JOB00100,c++,Programming Languages,Software Engineering
JOB00100,c_lang,Programming Languages,Software Engineering
JOB00100,linux,Cloud & Infrastructure,Software Engineering
JOB00100,rest_api,Web & Frameworks,Software Engineering
JOB00100,android,Web & Frameworks,Software Engineering
JOB00101,google_cloud,Cloud & Infrastructure,Program Management
JOB00101,program_management,Business & Soft Skills,Program Management
JOB00101,budget_management,Business & Soft Skills,Program Management
JOB00101,sales,Business & Soft Skills,Program Management
JOB00102,project_management,Business & Soft Skills,Program Management
JOB00102,stakeholder_management,Business & Soft Skills,Program Management
JOB00102,cross_functional_collaboration,Business & Soft Skills,Program Management
JOB00102,problem_solving,Business & Soft Skills,Program Management
JOB00102,analytical_skills,Business & Soft Skills,Program Management
JOB00102,strategic_planning,Business & Soft Skills,Program Management
JOB00103,manufacturing,Hardware & Manufacturing,Hardware Engineering
JOB00103,phd,Education & Certifications,Hardware Engineering
JOB00104,python,Programming Languages,Technical Solutions
JOB00104,java,Programming Languages,Technical Solutions
JOB00104,javascript,Programming Languages,Technical Solutions
JOB00104,c++,Programming Languages,Technical Solutions
JOB00104,c_lang,Programming Languages,Technical Solutions
JOB00104,sql,Programming Languages,Technical Solutions
JOB00104,scala,Programming Languages,Technical Solutions
JOB00104,linux,Cloud & Infrastructure,Technical Solutions
JOB00104,mysql,Databases,Technical Solutions
JOB00104,html_css,Web & Frameworks,Technical Solutions
JOB00104,project_management,Business & Soft Skills,Technical Solutions
JOB00104,product_management,Business & Soft Skills,Technical Solutions
JOB00104,cross_functional_collaboration,Business & Soft Skills,Technical Solutions
JOB00104,problem_solving,Business & Soft Skills,Technical Solutions
JOB00104,sales,Business & Soft Skills,Technical Solutions
JOB00104,marketing,Business & Soft Skills,Technical Solutions
JOB00104,consulting,Business & Soft Skills,Technical Solutions
JOB00104,bachelors_degree,Education & Certifications,Technical Solutions
JOB00104,computer_science_degree,Education & Certifications,Technical Solutions
JOB00105,python,Programming Languages,Program Management
JOB00105,java,Programming Languages,Program Management
JOB00105,javascript,Programming Languages,Program Management
JOB00105,scala,Programming Languages,Program Management
JOB00105,google_cloud,Cloud & Infrastructure,Program Management
JOB00105,stakeholder_management,Business & Soft Skills,Program Management
JOB00105,communication_skills,Business & Soft Skills,Program Management
JOB00105,cross_functional_collaboration,Business & Soft Skills,Program Management
JOB00105,strategic_planning,Business & Soft Skills,Program Management
JOB00105,sales,Business & Soft Skills,Program Management
JOB00105,consulting,Business & Soft Skills,Program Management
JOB00105,bachelors_degree,Education & Certifications,Program Management
JOB00106,scala,Programming Languages,Manufacturing & Supply Chain
JOB00106,cross_functional_collaboration,Business & Soft Skills,Manufacturing & Supply Chain
JOB00106,negotiation,Business & Soft Skills,Manufacturing & Supply Chain
JOB00106,hardware_engineering,Hardware & Manufacturing,Manufacturing & Supply Chain
JOB00106,supply_chain,Hardware & Manufacturing,Manufacturing & Supply Chain
JOB00106,manufacturing,Hardware & Manufacturing,Manufacturing & Supply Chain
JOB00106,electrical_engineering,Hardware & Manufacturing,Manufacturing & Supply Chain
JOB00106,mechanical_engineering,Hardware & Manufacturing,Manufacturing & Supply Chain
JOB00107,sql,Programming Languages,Product & Customer Support
JOB00107,scala,Programming Languages,Product & Customer Support
JOB00107,project_management,Business & Soft Skills,Product & Customer Support
JOB00107,program_management,Business & Soft Skills,Product & Customer Support
JOB00107,stakeholder_management,Business & Soft Skills,Product & Customer Support
JOB00107,customer_service,Business & Soft Skills,Product & Customer Support
JOB00107,bachelors_degree,Education & Certifications,Product & Customer Support
JOB00108,c++,Programming Languages,Software Engineering
JOB00108,c_lang,Programming Languages,Software Engineering
JOB00108,machine_learning,Data & Machine Learning,Software Engineering
JOB00108,algorithms,Data & Machine Learning,Software Engineering
JOB00108,virtualization,Cloud & Infrastructure,Software Engineering
JOB00108,hardware_engineering,Hardware & Manufacturing,Software Engineering
JOB00108,electrical_engineering,Hardware & Manufacturing,Software Engineering
JOB00108,computer_science_degree,Education & Certifications,Software Engineering
JOB00109,program_management,Business & Soft Skills,Hardware Engineering
JOB00109,cross_functional_collaboration,Business & Soft Skills,Hardware Engineering
JOB00109,hardware_engineering,Hardware & Manufacturing,Hardware Engineering
JOB00109,manufacturing,Hardware & Manufacturing,Hardware Engineering
JOB00109,electrical_engineering,Hardware & Manufacturing,Hardware Engineering
JOB00109,bachelors_degree,Education & Certifications,Hardware Engineering
JOB00110,statistics,Data & Machine Learning,Hardware Engineering
JOB00110,program_management,Business & Soft Skills,Hardware Engineering
JOB00110,cross_functional_collaboration,Business & Soft Skills,Hardware Engineering
JOB00110,manufacturing,Hardware & Manufacturing,Hardware Engineering
JOB00110,bachelors_degree,Education & Certifications,Hardware Engineering
JOB00111,python,Programming Languages,Technical Infrastructure
JOB00111,c++,Programming Languages,Technical Infrastructure
JOB00111,c#,Programming Languages,Technical Infrastructure
JOB00111,c_lang,Programming Languages,Technical Infrastructure
JOB00111,go,Programming Languages,Technical Infrastructure
JOB00111,scala,Programming Languages,Technical Infrastructure
JOB00111,linux,Cloud & Infrastructure,Technical Infrastructure
JOB00111,virtualization,Cloud & Infrastructure,Technical Infrastructure
JOB00111,security_general,Security,Technical Infrastructure
JOB00111,bachelors_degree,Education & Certifications,Technical Infrastructure
JOB00112,python,Programming Languages,Technical Solutions
JOB00112,java,Programming Languages,Technical Solutions
JOB00112,javascript,Programming Languages,Technical Solutions
JOB00112,c++,Programming Languages,Technical Solutions
JOB00112,c_lang,Programming Languages,Technical Solutions
JOB00112,data_mining,Data & Machine Learning,Technical Solutions
JOB00112,google_cloud,Cloud & Infrastructure,Technical Solutions
JOB00112,linux,Cloud & Infrastructure,Technical Solutions
JOB00112,html_css,Web & Frameworks,Technical Solutions
JOB00112,product_management,Business & Soft Skills,Technical Solutions
JOB00112,communication_skills,Business & Soft Skills,Technical Solutions
JOB00112,problem_solving,Business & Soft Skills,Technical Solutions
JOB00112,sales,Business & Soft Skills,Technical Solutions
JOB00112,quality_assurance,Hardware & Manufacturing,Technical Solutions
JOB00112,computer_science_degree,Education & Certifications,Technical Solutions
JOB00113,project_management,Business & Soft Skills,Program Management
JOB00113,product_management,Business & Soft Skills,Program Management
JOB00113,stakeholder_management,Business & Soft Skills,Program Management
JOB00113,communication_skills,Business & Soft Skills,Program Management
JOB00113,cross_functional_collaboration,Business & Soft Skills,Program Management
JOB00113,budget_management,Business & Soft Skills,Program Management
JOB00113,quality_assurance,Hardware & Manufacturing,Program Management
JOB00114,scala,Programming Languages,Manufacturing & Supply Chain
JOB00114,cross_functional_collaboration,Business & Soft Skills,Manufacturing & Supply Chain
JOB00114,negotiation,Business & Soft Skills,Manufacturing & Supply Chain
JOB00114,hardware_engineering,Hardware & Manufacturing,Manufacturing & Supply Chain
JOB00114,supply_chain,Hardware & Manufacturing,Manufacturing & Supply Chain
JOB00114,manufacturing,Hardware & Manufacturing,Manufacturing & Supply Chain
JOB00114,electrical_engineering,Hardware & Manufacturing,Manufacturing & Supply Chain
JOB00114,mechanical_engineering,Hardware & Manufacturing,Manufacturing & Supply Chain
JOB00115,python,Programming Languages,Technical Solutions
JOB00115,java,Programming Languages,Technical Solutions
JOB00115,javascript,Programming Languages,Technical Solutions
JOB00115,c#,Programming Languages,Technical Solutions
JOB00115,c_lang,Programming Languages,Technical Solutions
JOB00115,ruby,Programming Languages,Technical Solutions
JOB00115,google_cloud,Cloud & Infrastructure,Technical Solutions
JOB00115,distributed_systems,Cloud & Infrastructure,Technical Solutions
JOB00115,networking,Cloud & Infrastructure,Technical Solutions
JOB00115,virtualization,Cloud & Infrastructure,Technical Solutions
JOB00115,rest_api,Web & Frameworks,Technical Solutions
JOB00115,security_general,Security,Technical Solutions
JOB00115,stakeholder_management,Business & Soft Skills,Technical Solutions
JOB00115,communication_skills,Business & Soft Skills,Technical Solutions
JOB00115,leadership,Business & Soft Skills,Technical Solutions
JOB00115,sales,Business & Soft Skills,Technical Solutions
JOB00115,bachelors_degree,Education & Certifications,Technical Solutions
JOB00116,machine_learning,Data & Machine Learning,Program Management
JOB00116,google_cloud,Cloud & Infrastructure,Program Management
JOB00116,cross_functional_collaboration,Business & Soft Skills,Program Management
JOB00117,project_management,Business & Soft Skills,Program Management
JOB00117,program_management,Business & Soft Skills,Program Management
JOB00117,stakeholder_management,Business & Soft Skills,Program Management
JOB00117,cross_functional_collaboration,Business & Soft Skills,Program Management
JOB00117,problem_solving,Business & Soft Skills,Program Management
JOB00117,strategic_planning,Business & Soft Skills,Program Management
JOB00117,consulting,Business & Soft Skills,Program Management
JOB00117,bachelors_degree,Education & Certifications,Program Management
JOB00118,python,Programming Languages,Technical Solutions
JOB00118,java,Programming Languages,Technical Solutions
JOB00118,javascript,Programming Languages,Technical Solutions
JOB00118,go,Programming Languages,Technical Solutions
JOB00118,php,Programming Languages,Technical Solutions
JOB00118,google_cloud,Cloud & Infrastructure,Technical Solutions
JOB00118,cloud_computing,Cloud & Infrastructure,Technical Solutions
JOB00118,android,Web & Frameworks,Technical Solutions
JOB00118,ios,Web & Frameworks,Technical Solutions
JOB00118,mobile_development,Web & Frameworks,Technical Solutions
JOB00118,security_general,Security,Technical Solutions
JOB00118,encryption,Security,Technical Solutions
JOB00118,customer_service,Business & Soft Skills,Technical Solutions
JOB00118,sales,Business & Soft Skills,Technical Solutions
JOB00118,bachelors_degree,Education & Certifications,Technical Solutions
JOB00118,computer_science_degree,Education & Certifications,Technical Solutions
JOB00119,javascript,Programming Languages,Technical Solutions
JOB00119,html_css,Web & Frameworks,Technical Solutions
JOB00119,project_management,Business & Soft Skills,Technical Solutions
JOB00119,product_management,Business & Soft Skills,Technical Solutions
JOB00119,stakeholder_management,Business & Soft Skills,Technical Solutions
JOB00119,cross_functional_collaboration,Business & Soft Skills,Technical Solutions
JOB00119,analytical_skills,Business & Soft Skills,Technical Solutions
JOB00119,bachelors_degree,Education & Certifications,Technical Solutions
JOB00119,masters_degree,Education & Certifications,Technical Solutions
JOB00119,computer_science_degree,Education & Certifications,Technical Solutions
JOB00120,scala,Programming Languages,Technical Solutions
JOB00120,big_data,Data & Machine Learning,Technical Solutions
JOB00120,google_cloud,Cloud & Infrastructure,Technical Solutions
JOB00120,cloud_computing,Cloud & Infrastructure,Technical Solutions
JOB00120,distributed_systems,Cloud & Infrastructure,Technical Solutions
JOB00120,linux,Cloud & Infrastructure,Technical Solutions
JOB00120,networking,Cloud & Infrastructure,Technical Solutions
JOB00120,databases_general,Databases,Technical Solutions
JOB00120,sales,Business & Soft Skills,Technical Solutions
JOB00120,computer_science_degree,Education & Certifications,Technical Solutions
JOB00121,stakeholder_management,Business & Soft Skills,Technical Solutions
JOB00121,strategic_planning,Business & Soft Skills,Technical Solutions
JOB00121,bachelors_degree,Education & Certifications,Technical Solutions
JOB00122,python,Programming Languages,Technical Solutions
JOB00122,java,Programming Languages,Technical Solutions
JOB00122,javascript,Programming Languages,Technical Solutions
JOB00122,c++,Programming Languages,Technical Solutions
JOB00122,c_lang,Programming Languages,Technical Solutions
JOB00122,sql,Programming Languages,Technical Solutions
JOB00122,scala,Programming Languages,Technical Solutions
JOB00122,linux,Cloud & Infrastructure,Technical Solutions
JOB00122,mysql,Databases,Technical Solutions
JOB00122,html_css,Web & Frameworks,Technical Solutions
JOB00122,project_management,Business & Soft Skills,Technical Solutions
JOB00122,product_management,Business & Soft Skills,Technical Solutions
JOB00122,cross_functional_collaboration,Business & Soft Skills,Technical Solutions
JOB00122,problem_solving,Business & Soft Skills,Technical Solutions
JOB00122,sales,Business & Soft Skills,Technical Solutions
JOB00122,marketing,Business & Soft Skills,Technical Solutions
JOB00122,consulting,Business & Soft Skills,Technical Solutions
JOB00122,bachelors_degree,Education & Certifications,Technical Solutions
JOB00122,computer_science_degree,Education & Certifications,Technical Solutions
JOB00123,manufacturing,Hardware & Manufacturing,Hardware Engineering
JOB00124,python,Programming Languages,Technical Solutions
JOB00124,java,Programming Languages,Technical Solutions
JOB00124,javascript,Programming Languages,Technical Solutions
JOB00124,go,Programming Languages,Technical Solutions
JOB00124,sql,Programming Languages,Technical Solutions
JOB00124,scala,Programming Languages,Technical Solutions
JOB00124,php,Programming Languages,Technical Solutions
JOB00124,big_data,Data & Machine Learning,Technical Solutions
JOB00124,google_cloud,Cloud & Infrastructure,Technical Solutions
JOB00124,cloud_computing,Cloud & Infrastructure,Technical Solutions
JOB00124,distributed_systems,Cloud & Infrastructure,Technical Solutions
JOB00124,linux,Cloud & Infrastructure,Technical Solutions
JOB00124,databases_general,Databases,Technical Solutions
JOB00124,spanner_bigtable,Databases,Technical Solutions
JOB00124,data_warehousing,Databases,Technical Solutions
JOB00124,html_css,Web & Frameworks,Technical Solutions
JOB00124,android,Web & Frameworks,Technical Solutions
JOB00124,ios,Web & Frameworks,Technical Solutions
JOB00124,mobile_development,Web & Frameworks,Technical Solutions
JOB00124,sales,Business & Soft Skills,Technical Solutions
JOB00124,bachelors_degree,Education & Certifications,Technical Solutions
JOB00124,computer_science_degree,Education & Certifications,Technical Solutions
JOB00125,data_analysis,Data & Machine Learning,Program Management
JOB00125,project_management,Business & Soft Skills,Program Management
JOB00125,program_management,Business & Soft Skills,Program Management
JOB00125,budget_management,Business & Soft Skills,Program Management
JOB00125,masters_degree,Education & Certifications,Program Management
JOB00126,python,Programming Languages,Technical Writing
JOB00126,java,Programming Languages,Technical Writing
JOB00126,javascript,Programming Languages,Technical Writing
JOB00126,c++,Programming Languages,Technical Writing
JOB00126,c_lang,Programming Languages,Technical Writing
JOB00126,linux,Cloud & Infrastructure,Technical Writing
JOB00126,html_css,Web & Frameworks,Technical Writing
JOB00126,rest_api,Web & Frameworks,Technical Writing
JOB00126,bachelors_degree,Education & Certifications,Technical Writing
JOB00127,python,Programming Languages,Hardware Engineering
JOB00127,machine_learning,Data & Machine Learning,Hardware Engineering
JOB00127,linux,Cloud & Infrastructure,Hardware Engineering
JOB00127,bachelors_degree,Education & Certifications,Hardware Engineering
JOB00127,computer_science_degree,Education & Certifications,Hardware Engineering
JOB00128,communication_skills,Business & Soft Skills,Technical Solutions
JOB00128,customer_service,Business & Soft Skills,Technical Solutions
JOB00128,sales,Business & Soft Skills,Technical Solutions
JOB00129,java,Programming Languages,Technical Solutions
JOB00129,javascript,Programming Languages,Technical Solutions
JOB00129,c_lang,Programming Languages,Technical Solutions
JOB00129,sql,Programming Languages,Technical Solutions
JOB00129,google_cloud,Cloud & Infrastructure,Technical Solutions
JOB00129,site_reliability,Cloud & Infrastructure,Technical Solutions
JOB00129,databases_general,Databases,Technical Solutions
JOB00129,html_css,Web & Frameworks,Technical Solutions
JOB00129,android,Web & Frameworks,Technical Solutions
JOB00129,ios,Web & Frameworks,Technical Solutions
JOB00129,mobile_development,Web & Frameworks,Technical Solutions
JOB00129,product_management,Business & Soft Skills,Technical Solutions
JOB00129,communication_skills,Business & Soft Skills,Technical Solutions
JOB00129,sales,Business & Soft Skills,Technical Solutions
JOB00129,hardware_engineering,Hardware & Manufacturing,Technical Solutions
JOB00129,bachelors_degree,Education & Certifications,Technical Solutions
JOB00129,computer_science_degree,Education & Certifications,Technical Solutions
JOB00130,java,Programming Languages,Technical Solutions
JOB00130,javascript,Programming Languages,Technical Solutions
JOB00130,c_lang,Programming Languages,Technical Solutions
JOB00130,scala,Programming Languages,Technical Solutions
JOB00130,google_cloud,Cloud & Infrastructure,Technical Solutions
JOB00130,linux,Cloud & Infrastructure,Technical Solutions
JOB00130,site_reliability,Cloud & Infrastructure,Technical Solutions
JOB00130,html_css,Web & Frameworks,Technical Solutions
JOB00130,android,Web & Frameworks,Technical Solutions
JOB00130,ios,Web & Frameworks,Technical Solutions
JOB00130,mobile_development,Web & Frameworks,Technical Solutions
JOB00130,product_management,Business & Soft Skills,Technical Solutions
JOB00130,communication_skills,Business & Soft Skills,Technical Solutions
JOB00130,cross_functional_collaboration,Business & Soft Skills,Technical Solutions
JOB00130,problem_solving,Business & Soft Skills,Technical Solutions
JOB00130,customer_service,Business & Soft Skills,Technical Solutions
JOB00130,bachelors_degree,Education & Certifications,Technical Solutions
JOB00130,computer_science_degree,Education & Certifications,Technical Solutions
JOB00131,python,Programming Languages,Technical Infrastructure
JOB00131,java,Programming Languages,Technical Infrastructure
JOB00131,c++,Programming Languages,Technical Infrastructure
JOB00131,c_lang,Programming Languages,Technical Infrastructure
JOB00131,go,Programming Languages,Technical Infrastructure
JOB00131,ruby,Programming Languages,Technical Infrastructure
JOB00131,algorithms,Data & Machine Learning,Technical Infrastructure
JOB00131,distributed_systems,Cloud & Infrastructure,Technical Infrastructure
JOB00131,site_reliability,Cloud & Infrastructure,Technical Infrastructure
JOB00131,communication_skills,Business & Soft Skills,Technical Infrastructure
JOB00131,problem_solving,Business & Soft Skills,Technical Infrastructure
JOB00131,consulting,Business & Soft Skills,Technical Infrastructure
JOB00131,bachelors_degree,Education & Certifications,Technical Infrastructure
JOB00131,computer_science_degree,Education & Certifications,Technical Infrastructure
JOB00132,compliance,Security,Technical Infrastructure
JOB00132,risk_management,Security,Technical Infrastructure
JOB00132,program_management,Business & Soft Skills,Technical Infrastructure
JOB00132,stakeholder_management,Business & Soft Skills,Technical Infrastructure
JOB00132,negotiation,Business & Soft Skills,Technical Infrastructure
JOB00132,computer_science_degree,Education & Certifications,Technical Infrastructure
JOB00133,project_management,Business & Soft Skills,Program Management
JOB00133,program_management,Business & Soft Skills,Program Management
JOB00133,stakeholder_management,Business & Soft Skills,Program Management
JOB00133,leadership,Business & Soft Skills,Program Management
JOB00133,problem_solving,Business & Soft Skills,Program Management
JOB00133,presentation_skills,Business & Soft Skills,Program Management
JOB00133,team_management,Business & Soft Skills,Program Management
JOB00133,strategic_planning,Business & Soft Skills,Program Management
JOB00133,sales,Business & Soft Skills,Program Management
JOB00133,marketing,Business & Soft Skills,Program Management
JOB00133,consulting,Business & Soft Skills,Program Management
JOB00133,bachelors_degree,Education & Certifications,Program Management
JOB00134,python,Programming Languages,IT & Data Management
JOB00134,c++,Programming Languages,IT & Data Management
JOB00134,c_lang,Programming Languages,IT & Data Management
JOB00134,natural_language_processing,Data & Machine Learning,IT & Data Management
JOB00134,linux,Cloud & Infrastructure,IT & Data Management
JOB00134,communication_skills,Business & Soft Skills,IT & Data Management
JOB00134,problem_solving,Business & Soft Skills,IT & Data Management
JOB00134,analytical_skills,Business & Soft Skills,IT & Data Management
JOB00134,phd,Education & Certifications,IT & Data Management
JOB00135,scala,Programming Languages,Program Management
JOB00135,data_analysis,Data & Machine Learning,Program Management
JOB00135,project_management,Business & Soft Skills,Program Management
JOB00135,program_management,Business & Soft Skills,Program Management
JOB00135,stakeholder_management,Business & Soft Skills,Program Management
JOB00135,cross_functional_collaboration,Business & Soft Skills,Program Management
JOB00135,problem_solving,Business & Soft Skills,Program Management
JOB00135,analytical_skills,Business & Soft Skills,Program Management
JOB00135,quality_assurance,Hardware & Manufacturing,Program Management
JOB00136,cross_functional_collaboration,Business & Soft Skills,Program Management
JOB00136,sales,Business & Soft Skills,Program Management
JOB00136,bachelors_degree,Education & Certifications,Program Management
JOB00137,scala,Programming Languages,Hardware Engineering
JOB00137,statistics,Data & Machine Learning,Hardware Engineering
JOB00137,risk_management,Security,Hardware Engineering
JOB00137,project_management,Business & Soft Skills,Hardware Engineering
JOB00137,hardware_engineering,Hardware & Manufacturing,Hardware Engineering
JOB00137,bachelors_degree,Education & Certifications,Hardware Engineering
JOB00138,python,Programming Languages,Technical Solutions
JOB00138,java,Programming Languages,Technical Solutions
JOB00138,javascript,Programming Languages,Technical Solutions
JOB00138,c#,Programming Languages,Technical Solutions
JOB00138,c_lang,Programming Languages,Technical Solutions
JOB00138,sql,Programming Languages,Technical Solutions
JOB00138,scala,Programming Languages,Technical Solutions
JOB00138,ruby,Programming Languages,Technical Solutions
JOB00138,shell_scripting,Programming Languages,Technical Solutions
JOB00138,big_data,Data & Machine Learning,Technical Solutions
JOB00138,google_cloud,Cloud & Infrastructure,Technical Solutions
JOB00138,kubernetes,Cloud & Infrastructure,Technical Solutions
JOB00138,docker,Cloud & Infrastructure,Technical Solutions
JOB00138,cloud_computing,Cloud & Infrastructure,Technical Solutions
JOB00138,distributed_systems,Cloud & Infrastructure,Technical Solutions
JOB00138,microservices,Cloud & Infrastructure,Technical Solutions
JOB00138,linux,Cloud & Infrastructure,Technical Solutions
JOB00138,networking,Cloud & Infrastructure,Technical Solutions
JOB00138,virtualization,Cloud & Infrastructure,Technical Solutions
JOB00138,databases_general,Databases,Technical Solutions
JOB00138,nosql,Databases,Technical Solutions
JOB00138,mobile_development,Web & Frameworks,Technical Solutions
JOB00138,sales,Business & Soft Skills,Technical Solutions
JOB00138,computer_science_degree,Education & Certifications,Technical Solutions
JOB00139,scala,Programming Languages,Manufacturing & Supply Chain
JOB00139,cross_functional_collaboration,Business & Soft Skills,Manufacturing & Supply Chain
JOB00139,negotiation,Business & Soft Skills,Manufacturing & Supply Chain
JOB00139,hardware_engineering,Hardware & Manufacturing,Manufacturing & Supply Chain
JOB00139,supply_chain,Hardware & Manufacturing,Manufacturing & Supply Chain
JOB00139,manufacturing,Hardware & Manufacturing,Manufacturing & Supply Chain
JOB00139,electrical_engineering,Hardware & Manufacturing,Manufacturing & Supply Chain
JOB00139,mechanical_engineering,Hardware & Manufacturing,Manufacturing & Supply Chain
JOB00139,bachelors_degree,Education & Certifications,Manufacturing & Supply Chain
JOB00140,python,Programming Languages,Technical Solutions
JOB00140,java,Programming Languages,Technical Solutions
JOB00140,c++,Programming Languages,Technical Solutions
JOB00140,c_lang,Programming Languages,Technical Solutions
JOB00140,linux,Cloud & Infrastructure,Technical Solutions
JOB00140,android,Web & Frameworks,Technical Solutions
JOB00140,project_management,Business & Soft Skills,Technical Solutions
JOB00140,product_management,Business & Soft Skills,Technical Solutions
JOB00140,cross_functional_collaboration,Business & Soft Skills,Technical Solutions
JOB00140,problem_solving,Business & Soft Skills,Technical Solutions
JOB00140,analytical_skills,Business & Soft Skills,Technical Solutions
JOB00140,bachelors_degree,Education & Certifications,Technical Solutions
JOB00141,sql,Programming Languages,Program Management
JOB00141,project_management,Business & Soft Skills,Program Management
JOB00141,program_management,Business & Soft Skills,Program Management
JOB00141,communication_skills,Business & Soft Skills,Program Management
JOB00141,leadership,Business & Soft Skills,Program Management
JOB00142,java,Programming Languages,Developer Relations
JOB00142,javascript,Programming Languages,Developer Relations
JOB00142,kotlin,Programming Languages,Developer Relations
JOB00142,rest_api,Web & Frameworks,Developer Relations
JOB00142,android,Web & Frameworks,Developer Relations
JOB00142,ios,Web & Frameworks,Developer Relations
JOB00142,mobile_development,Web & Frameworks,Developer Relations
JOB00142,stakeholder_management,Business & Soft Skills,Developer Relations
JOB00142,bachelors_degree,Education & Certifications,Developer Relations
JOB00142,computer_science_degree,Education & Certifications,Developer Relations
JOB00143,cross_functional_collaboration,Business & Soft Skills,Hardware Engineering
JOB00143,strategic_planning,Business & Soft Skills,Hardware Engineering
JOB00143,hardware_engineering,Hardware & Manufacturing,Hardware Engineering
JOB00143,electrical_engineering,Hardware & Manufacturing,Hardware Engineering
JOB00143,bachelors_degree,Education & Certifications,Hardware Engineering
JOB00144,statistics,Data & Machine Learning,Program Management
JOB00144,databases_general,Databases,Program Management
JOB00144,program_management,Business & Soft Skills,Program Management
JOB00144,product_management,Business & Soft Skills,Program Management
JOB00144,leadership,Business & Soft Skills,Program Management
JOB00144,cross_functional_collaboration,Business & Soft Skills,Program Management
JOB00144,supply_chain,Hardware & Manufacturing,Program Management
JOB00145,python,Programming Languages,Developer Relations
JOB00145,java,Programming Languages,Developer Relations
JOB00145,javascript,Programming Languages,Developer Relations
JOB00145,go,Programming Languages,Developer Relations
JOB00145,scala,Programming Languages,Developer Relations
JOB00145,php,Programming Languages,Developer Relations
JOB00145,ruby,Programming Languages,Developer Relations
JOB00145,linux,Cloud & Infrastructure,Developer Relations
JOB00145,node_js,Web & Frameworks,Developer Relations
JOB00145,mobile_development,Web & Frameworks,Developer Relations
JOB00145,product_management,Business & Soft Skills,Developer Relations
JOB00145,cross_functional_collaboration,Business & Soft Skills,Developer Relations
JOB00145,strategic_planning,Business & Soft Skills,Developer Relations
JOB00145,marketing,Business & Soft Skills,Developer Relations
JOB00145,bachelors_degree,Education & Certifications,Developer Relations
JOB00145,computer_science_degree,Education & Certifications,Developer Relations
JOB00146,risk_management,Security,Manufacturing & Supply Chain
JOB00146,cross_functional_collaboration,Business & Soft Skills,Manufacturing & Supply Chain
JOB00146,hardware_engineering,Hardware & Manufacturing,Manufacturing & Supply Chain
JOB00146,supply_chain,Hardware & Manufacturing,Manufacturing & Supply Chain
JOB00146,manufacturing,Hardware & Manufacturing,Manufacturing & Supply Chain
JOB00146,bachelors_degree,Education & Certifications,Manufacturing & Supply Chain
JOB00146,masters_degree,Education & Certifications,Manufacturing & Supply Chain
JOB00147,c++,Programming Languages,Technical Solutions
JOB00147,c_lang,Programming Languages,Technical Solutions
JOB00147,linux,Cloud & Infrastructure,Technical Solutions
JOB00147,networking,Cloud & Infrastructure,Technical Solutions
JOB00147,stakeholder_management,Business & Soft Skills,Technical Solutions
JOB00147,cross_functional_collaboration,Business & Soft Skills,Technical Solutions
JOB00147,hardware_engineering,Hardware & Manufacturing,Technical Solutions
JOB00148,statistics,Data & Machine Learning,Hardware Engineering
JOB00148,program_management,Business & Soft Skills,Hardware Engineering
JOB00148,cross_functional_collaboration,Business & Soft Skills,Hardware Engineering
JOB00148,manufacturing,Hardware & Manufacturing,Hardware Engineering
JOB00148,bachelors_degree,Education & Certifications,Hardware Engineering
JOB00149,java,Programming Languages,Software Engineering
JOB00149,javascript,Programming Languages,Software Engineering
JOB00149,communication_skills,Business & Soft Skills,Software Engineering
JOB00149,analytical_skills,Business & Soft Skills,Software Engineering
JOB00149,marketing,Business & Soft Skills,Software Engineering
JOB00149,supply_chain,Hardware & Manufacturing,Software Engineering
JOB00149,bachelors_degree,Education & Certifications,Software Engineering
JOB00149,computer_science_degree,Education & Certifications,Software Engineering
JOB00151,python,Programming Languages,IT & Data Management
JOB00151,linux,Cloud & Infrastructure,IT & Data Management
JOB00151,security_general,Security,IT & Data Management
JOB00151,leadership,Business & Soft Skills,IT & Data Management
JOB00151,cross_functional_collaboration,Business & Soft Skills,IT & Data Management
JOB00151,problem_solving,Business & Soft Skills,IT & Data Management
JOB00151,analytical_skills,Business & Soft Skills,IT & Data Management
JOB00151,agile_scrum,Business & Soft Skills,IT & Data Management
JOB00151,customer_service,Business & Soft Skills,IT & Data Management
JOB00151,bachelors_degree,Education & Certifications,IT & Data Management
JOB00152,python,Programming Languages,Technical Solutions
JOB00152,go,Programming Languages,Technical Solutions
JOB00152,networking,Cloud & Infrastructure,Technical Solutions
JOB00152,security_general,Security,Technical Solutions
JOB00152,stakeholder_management,Business & Soft Skills,Technical Solutions
JOB00152,presentation_skills,Business & Soft Skills,Technical Solutions
JOB00152,bachelors_degree,Education & Certifications,Technical Solutions
JOB00152,computer_science_degree,Education & Certifications,Technical Solutions
JOB00153,communication_skills,Business & Soft Skills,Marketing & Communications
JOB00153,leadership,Business & Soft Skills,Marketing & Communications
JOB00153,bachelors_degree,Education & Certifications,Marketing & Communications
JOB00154,java,Programming Languages,Technical Solutions
JOB00154,c++,Programming Languages,Technical Solutions
JOB00154,c_lang,Programming Languages,Technical Solutions
JOB00154,linux,Cloud & Infrastructure,Technical Solutions
JOB00154,android,Web & Frameworks,Technical Solutions
JOB00154,project_management,Business & Soft Skills,Technical Solutions
JOB00154,product_management,Business & Soft Skills,Technical Solutions
JOB00154,cross_functional_collaboration,Business & Soft Skills,Technical Solutions
JOB00154,problem_solving,Business & Soft Skills,Technical Solutions
JOB00154,analytical_skills,Business & Soft Skills,Technical Solutions
JOB00154,bachelors_degree,Education & Certifications,Technical Solutions
JOB00155,data_analysis,Data & Machine Learning,Partnerships
JOB00155,google_cloud,Cloud & Infrastructure,Partnerships
JOB00155,leadership,Business & Soft Skills,Partnerships
JOB00155,cross_functional_collaboration,Business & Soft Skills,Partnerships
JOB00155,problem_solving,Business & Soft Skills,Partnerships
JOB00155,analytical_skills,Business & Soft Skills,Partnerships
JOB00155,team_management,Business & Soft Skills,Partnerships
JOB00155,strategic_planning,Business & Soft Skills,Partnerships
JOB00155,sales,Business & Soft Skills,Partnerships
JOB00155,marketing,Business & Soft Skills,Partnerships
JOB00155,consulting,Business & Soft Skills,Partnerships
JOB00155,masters_degree,Education & Certifications,Partnerships
JOB00156,python,Programming Languages,Software Engineering
JOB00156,java,Programming Languages,Software Engineering
JOB00156,c++,Programming Languages,Software Engineering
JOB00156,c_lang,Programming Languages,Software Engineering
JOB00156,product_management,Business & Soft Skills,Software Engineering
JOB00156,leadership,Business & Soft Skills,Software Engineering
JOB00156,team_management,Business & Soft Skills,Software Engineering
JOB00156,bachelors_degree,Education & Certifications,Software Engineering
JOB00156,phd,Education & Certifications,Software Engineering
JOB00156,computer_science_degree,Education & Certifications,Software Engineering
JOB00157,google_cloud,Cloud & Infrastructure,Program Management
JOB00157,stakeholder_management,Business & Soft Skills,Program Management
JOB00157,bachelors_degree,Education & Certifications,Program Management
JOB00157,masters_degree,Education & Certifications,Program Management
JOB00157,computer_science_degree,Education & Certifications,Program Management
JOB00158,sql,Programming Languages,Partnerships
JOB00158,scala,Programming Languages,Partnerships
JOB00158,data_analysis,Data & Machine Learning,Partnerships
JOB00158,databases_general,Databases,Partnerships
JOB00158,project_management,Business & Soft Skills,Partnerships
JOB00158,stakeholder_management,Business & Soft Skills,Partnerships
JOB00158,cross_functional_collaboration,Business & Soft Skills,Partnerships
JOB00158,problem_solving,Business & Soft Skills,Partnerships
JOB00158,bachelors_degree,Education & Certifications,Partnerships
JOB00158,computer_science_degree,Education & Certifications,Partnerships
JOB00159,python,Programming Languages,Business Strategy
JOB00159,r_lang,Programming Languages,Business Strategy
JOB00159,sql,Programming Languages,Business Strategy
JOB00159,matlab,Programming Languages,Business Strategy
JOB00159,machine_learning,Data & Machine Learning,Business Strategy
JOB00159,data_science,Data & Machine Learning,Business Strategy
JOB00159,data_analysis,Data & Machine Learning,Business Strategy
JOB00159,statistics,Data & Machine Learning,Business Strategy
JOB00159,data_mining,Data & Machine Learning,Business Strategy
JOB00159,leadership,Business & Soft Skills,Business Strategy
JOB00159,strategic_planning,Business & Soft Skills,Business Strategy
JOB00159,sales,Business & Soft Skills,Business Strategy
JOB00159,consulting,Business & Soft Skills,Business Strategy
JOB00159,bachelors_degree,Education & Certifications,Business Strategy
JOB00159,computer_science_degree,Education & Certifications,Business Strategy
JOB00161,scala,Programming Languages,Data Center & Network
JOB00161,security_general,Security,Data Center & Network
JOB00161,budget_management,Business & Soft Skills,Data Center & Network
JOB00161,supply_chain,Hardware & Manufacturing,Data Center & Network
JOB00161,electrical_engineering,Hardware & Manufacturing,Data Center & Network
JOB00161,mechanical_engineering,Hardware & Manufacturing,Data Center & Network
JOB00161,bachelors_degree,Education & Certifications,Data Center & Network
JOB00161,phd,Education & Certifications,Data Center & Network
JOB00162,scala,Programming Languages,Network Engineering
JOB00162,linux,Cloud & Infrastructure,Network Engineering
JOB00162,networking,Cloud & Infrastructure,Network Engineering
JOB00162,leadership,Business & Soft Skills,Network Engineering
JOB00162,strategic_planning,Business & Soft Skills,Network Engineering
JOB00162,bachelors_degree,Education & Certifications,Network Engineering
JOB00162,phd,Education & Certifications,Network Engineering
JOB00162,computer_science_degree,Education & Certifications,Network Engineering
JOB00163,sql,Programming Languages,Program Management
JOB00163,statistics,Data & Machine Learning,Program Management
JOB00163,google_cloud,Cloud & Infrastructure,Program Management
JOB00163,cloud_computing,Cloud & Infrastructure,Program Management
JOB00163,program_management,Business & Soft Skills,Program Management
JOB00163,stakeholder_management,Business & Soft Skills,Program Management
JOB00163,cross_functional_collaboration,Business & Soft Skills,Program Management
JOB00163,bachelors_degree,Education & Certifications,Program Management
JOB00163,computer_science_degree,Education & Certifications,Program Management
JOB00164,python,Programming Languages,IT & Data Management
JOB00164,linux,Cloud & Infrastructure,IT & Data Management
JOB00164,security_general,Security,IT & Data Management
JOB00164,leadership,Business & Soft Skills,IT & Data Management
JOB00164,cross_functional_collaboration,Business & Soft Skills,IT & Data Management
JOB00164,problem_solving,Business & Soft Skills,IT & Data Management
JOB00164,analytical_skills,Business & Soft Skills,IT & Data Management
JOB00164,agile_scrum,Business & Soft Skills,IT & Data Management
JOB00164,customer_service,Business & Soft Skills,IT & Data Management
JOB00164,bachelors_degree,Education & Certifications,IT & Data Management
JOB00165,python,Programming Languages,Technical Solutions
JOB00165,java,Programming Languages,Technical Solutions
JOB00165,javascript,Programming Languages,Technical Solutions
JOB00165,sql,Programming Languages,Technical Solutions
JOB00165,scala,Programming Languages,Technical Solutions
JOB00165,html_css,Web & Frameworks,Technical Solutions
JOB00165,project_management,Business & Soft Skills,Technical Solutions
JOB00165,product_management,Business & Soft Skills,Technical Solutions
JOB00165,stakeholder_management,Business & Soft Skills,Technical Solutions
JOB00165,analytical_skills,Business & Soft Skills,Technical Solutions
JOB00165,presentation_skills,Business & Soft Skills,Technical Solutions
JOB00165,bachelors_degree,Education & Certifications,Technical Solutions
JOB00165,computer_science_degree,Education & Certifications,Technical Solutions
JOB00166,python,Programming Languages,Software Engineering
JOB00166,java,Programming Languages,Software Engineering
JOB00166,javascript,Programming Languages,Software Engineering
JOB00166,c++,Programming Languages,Software Engineering
JOB00166,c#,Programming Languages,Software Engineering
JOB00166,c_lang,Programming Languages,Software Engineering
JOB00166,go,Programming Languages,Software Engineering
JOB00166,scala,Programming Languages,Software Engineering
JOB00166,machine_learning,Data & Machine Learning,Software Engineering
JOB00166,artificial_intelligence,Data & Machine Learning,Software Engineering
JOB00166,natural_language_processing,Data & Machine Learning,Software Engineering
JOB00166,algorithms,Data & Machine Learning,Software Engineering
JOB00166,bachelors_degree,Education & Certifications,Software Engineering
JOB00166,phd,Education & Certifications,Software Engineering
JOB00166,computer_science_degree,Education & Certifications,Software Engineering
JOB00167,scala,Programming Languages,Technical Solutions
JOB00167,big_data,Data & Machine Learning,Technical Solutions
JOB00167,google_cloud,Cloud & Infrastructure,Technical Solutions
JOB00167,cloud_computing,Cloud & Infrastructure,Technical Solutions
JOB00167,distributed_systems,Cloud & Infrastructure,Technical Solutions
JOB00167,linux,Cloud & Infrastructure,Technical Solutions
JOB00167,networking,Cloud & Infrastructure,Technical Solutions
JOB00167,databases_general,Databases,Technical Solutions
JOB00167,sales,Business & Soft Skills,Technical Solutions
JOB00167,computer_science_degree,Education & Certifications,Technical Solutions
JOB00168,project_management,Business & Soft Skills,Marketing & Communications
JOB00168,program_management,Business & Soft Skills,Marketing & Communications
JOB00168,stakeholder_management,Business & Soft Skills,Marketing & Communications
JOB00168,communication_skills,Business & Soft Skills,Marketing & Communications
JOB00168,cross_functional_collaboration,Business & Soft Skills,Marketing & Communications
JOB00168,problem_solving,Business & Soft Skills,Marketing & Communications
JOB00168,negotiation,Business & Soft Skills,Marketing & Communications
JOB00168,budget_management,Business & Soft Skills,Marketing & Communications
JOB00168,marketing,Business & Soft Skills,Marketing & Communications
JOB00168,hardware_engineering,Hardware & Manufacturing,Marketing & Communications
JOB00169,python,Programming Languages,Technical Solutions
JOB00169,java,Programming Languages,Technical Solutions
JOB00169,c++,Programming Languages,Technical Solutions
JOB00169,c_lang,Programming Languages,Technical Solutions
JOB00169,linux,Cloud & Infrastructure,Technical Solutions
JOB00169,networking,Cloud & Infrastructure,Technical Solutions
JOB00169,rest_api,Web & Frameworks,Technical Solutions
JOB00169,android,Web & Frameworks,Technical Solutions
JOB00169,project_management,Business & Soft Skills,Technical Solutions
JOB00169,product_management,Business & Soft Skills,Technical Solutions
JOB00169,leadership,Business & Soft Skills,Technical Solutions
JOB00169,problem_solving,Business & Soft Skills,Technical Solutions
JOB00169,analytical_skills,Business & Soft Skills,Technical Solutions
JOB00169,bachelors_degree,Education & Certifications,Technical Solutions
JOB00170,javascript,Programming Languages,Technical Solutions
JOB00170,html_css,Web & Frameworks,Technical Solutions
JOB00170,project_management,Business & Soft Skills,Technical Solutions
JOB00170,product_management,Business & Soft Skills,Technical Solutions
JOB00170,cross_functional_collaboration,Business & Soft Skills,Technical Solutions
JOB00170,sales,Business & Soft Skills,Technical Solutions
JOB00170,consulting,Business & Soft Skills,Technical Solutions
JOB00170,masters_degree,Education & Certifications,Technical Solutions
JOB00171,python,Programming Languages,Software Engineering
JOB00171,java,Programming Languages,Software Engineering
JOB00171,javascript,Programming Languages,Software Engineering
JOB00171,c++,Programming Languages,Software Engineering
JOB00171,c#,Programming Languages,Software Engineering
JOB00171,c_lang,Programming Languages,Software Engineering
JOB00171,go,Programming Languages,Software Engineering
JOB00171,machine_learning,Data & Machine Learning,Software Engineering
JOB00171,natural_language_processing,Data & Machine Learning,Software Engineering
JOB00171,linux,Cloud & Infrastructure,Software Engineering
JOB00171,networking,Cloud & Infrastructure,Software Engineering
JOB00171,mobile_development,Web & Frameworks,Software Engineering
JOB00171,security_general,Security,Software Engineering
JOB00171,bachelors_degree,Education & Certifications,Software Engineering
JOB00171,phd,Education & Certifications,Software Engineering
JOB00171,computer_science_degree,Education & Certifications,Software Engineering
JOB00172,project_management,Business & Soft Skills,Program Management
JOB00172,communication_skills,Business & Soft Skills,Program Management
JOB00172,cross_functional_collaboration,Business & Soft Skills,Program Management
JOB00172,bachelors_degree,Education & Certifications,Program Management
JOB00173,python,Programming Languages,Partnerships
JOB00173,java,Programming Languages,Partnerships
JOB00173,go,Programming Languages,Partnerships
JOB00173,big_data,Data & Machine Learning,Partnerships
JOB00173,cloud_computing,Cloud & Infrastructure,Partnerships
JOB00173,distributed_systems,Cloud & Infrastructure,Partnerships
JOB00173,ci_cd,Cloud & Infrastructure,Partnerships
JOB00173,databases_general,Databases,Partnerships
JOB00173,nosql,Databases,Partnerships
JOB00173,stakeholder_management,Business & Soft Skills,Partnerships
JOB00173,leadership,Business & Soft Skills,Partnerships
JOB00173,sales,Business & Soft Skills,Partnerships
JOB00173,consulting,Business & Soft Skills,Partnerships
JOB00173,bachelors_degree,Education & Certifications,Partnerships
JOB00173,computer_science_degree,Education & Certifications,Partnerships
JOB00174,python,Programming Languages,Technical Writing
JOB00174,java,Programming Languages,Technical Writing
JOB00174,javascript,Programming Languages,Technical Writing
JOB00174,c++,Programming Languages,Technical Writing
JOB00174,c_lang,Programming Languages,Technical Writing
JOB00174,linux,Cloud & Infrastructure,Technical Writing
JOB00174,html_css,Web & Frameworks,Technical Writing
JOB00174,rest_api,Web & Frameworks,Technical Writing
JOB00174,bachelors_degree,Education & Certifications,Technical Writing
JOB00175,product_management,Business & Soft Skills,Program Management
JOB00175,leadership,Business & Soft Skills,Program Management
JOB00175,cross_functional_collaboration,Business & Soft Skills,Program Management
JOB00175,problem_solving,Business & Soft Skills,Program Management
JOB00175,strategic_planning,Business & Soft Skills,Program Management
JOB00175,consulting,Business & Soft Skills,Program Management
JOB00175,bachelors_degree,Education & Certifications,Program Management
JOB00175,masters_degree,Education & Certifications,Program Management
JOB00176,scala,Programming Languages,Technical Solutions
JOB00176,big_data,Data & Machine Learning,Technical Solutions
JOB00176,google_cloud,Cloud & Infrastructure,Technical Solutions
JOB00176,cloud_computing,Cloud & Infrastructure,Technical Solutions
JOB00176,distributed_systems,Cloud & Infrastructure,Technical Solutions
JOB00176,presentation_skills,Business & Soft Skills,Technical Solutions
JOB00176,strategic_planning,Business & Soft Skills,Technical Solutions
JOB00176,sales,Business & Soft Skills,Technical Solutions
JOB00176,bachelors_degree,Education & Certifications,Technical Solutions
JOB00176,computer_science_degree,Education & Certifications,Technical Solutions
JOB00177,java,Programming Languages,Technical Solutions
JOB00177,javascript,Programming Languages,Technical Solutions
JOB00177,c_lang,Programming Languages,Technical Solutions
JOB00177,scala,Programming Languages,Technical Solutions
JOB00177,google_cloud,Cloud & Infrastructure,Technical Solutions
JOB00177,linux,Cloud & Infrastructure,Technical Solutions
JOB00177,site_reliability,Cloud & Infrastructure,Technical Solutions
JOB00177,html_css,Web & Frameworks,Technical Solutions
JOB00177,android,Web & Frameworks,Technical Solutions
JOB00177,ios,Web & Frameworks,Technical Solutions
JOB00177,mobile_development,Web & Frameworks,Technical Solutions
JOB00177,product_management,Business & Soft Skills,Technical Solutions
JOB00177,communication_skills,Business & Soft Skills,Technical Solutions
JOB00177,cross_functional_collaboration,Business & Soft Skills,Technical Solutions
JOB00177,problem_solving,Business & Soft Skills,Technical Solutions
JOB00177,customer_service,Business & Soft Skills,Technical Solutions
JOB00177,bachelors_degree,Education & Certifications,Technical Solutions
JOB00177,computer_science_degree,Education & Certifications,Technical Solutions
JOB00178,google_cloud,Cloud & Infrastructure,Program Management
JOB00178,stakeholder_management,Business & Soft Skills,Program Management
JOB00178,bachelors_degree,Education & Certifications,Program Management
JOB00178,masters_degree,Education & Certifications,Program Management
JOB00178,computer_science_degree,Education & Certifications,Program Management
JOB00179,python,Programming Languages,Technical Solutions
JOB00179,java,Programming Languages,Technical Solutions
JOB00179,javascript,Programming Languages,Technical Solutions
JOB00179,go,Programming Languages,Technical Solutions
JOB00179,scala,Programming Languages,Technical Solutions
JOB00179,php,Programming Languages,Technical Solutions
JOB00179,big_data,Data & Machine Learning,Technical Solutions
JOB00179,google_cloud,Cloud & Infrastructure,Technical Solutions
JOB00179,cloud_computing,Cloud & Infrastructure,Technical Solutions
JOB00179,distributed_systems,Cloud & Infrastructure,Technical Solutions
JOB00179,linux,Cloud & Infrastructure,Technical Solutions
JOB00179,databases_general,Databases,Technical Solutions
JOB00179,spanner_bigtable,Databases,Technical Solutions
JOB00179,html_css,Web & Frameworks,Technical Solutions
JOB00179,sales,Business & Soft Skills,Technical Solutions
JOB00179,computer_science_degree,Education & Certifications,Technical Solutions
JOB00180,python,Programming Languages,Hardware Engineering
JOB00180,electrical_engineering,Hardware & Manufacturing,Hardware Engineering
JOB00180,bachelors_degree,Education & Certifications,Hardware Engineering
JOB00181,product_management,Business & Soft Skills,Program Management
JOB00181,stakeholder_management,Business & Soft Skills,Program Management
JOB00181,communication_skills,Business & Soft Skills,Program Management
JOB00181,cross_functional_collaboration,Business & Soft Skills,Program Management
JOB00181,customer_service,Business & Soft Skills,Program Management
JOB00181,marketing,Business & Soft Skills,Program Management
JOB00181,consulting,Business & Soft Skills,Program Management
JOB00181,hardware_engineering,Hardware & Manufacturing,Program Management
JOB00182,python,Programming Languages,Product & Customer Support
JOB00182,java,Programming Languages,Product & Customer Support
JOB00182,c++,Programming Languages,Product & Customer Support
JOB00182,c_lang,Programming Languages,Product & Customer Support
JOB00182,r_lang,Programming Languages,Product & Customer Support
JOB00182,sql,Programming Languages,Product & Customer Support
JOB00182,machine_learning,Data & Machine Learning,Product & Customer Support
JOB00182,data_analysis,Data & Machine Learning,Product & Customer Support
JOB00182,statistics,Data & Machine Learning,Product & Customer Support
JOB00182,databases_general,Databases,Product & Customer Support
JOB00182,mysql,Databases,Product & Customer Support
JOB00182,security_general,Security,Product & Customer Support
JOB00182,stakeholder_management,Business & Soft Skills,Product & Customer Support
JOB00182,cross_functional_collaboration,Business & Soft Skills,Product & Customer Support
JOB00182,sales,Business & Soft Skills,Product & Customer Support
JOB00182,phd,Education & Certifications,Product & Customer Support
JOB00183,project_management,Business & Soft Skills,Program Management
JOB00183,problem_solving,Business & Soft Skills,Program Management
JOB00183,analytical_skills,Business & Soft Skills,Program Management
JOB00183,hardware_engineering,Hardware & Manufacturing,Program Management
JOB00183,manufacturing,Hardware & Manufacturing,Program Management
JOB00183,bachelors_degree,Education & Certifications,Program Management
JOB00184,python,Programming Languages,Technical Solutions
JOB00184,java,Programming Languages,Technical Solutions
JOB00184,javascript,Programming Languages,Technical Solutions
JOB00184,c++,Programming Languages,Technical Solutions
JOB00184,c_lang,Programming Languages,Technical Solutions
JOB00184,databases_general,Databases,Technical Solutions
JOB00184,html_css,Web & Frameworks,Technical Solutions
JOB00184,project_management,Business & Soft Skills,Technical Solutions
JOB00184,sales,Business & Soft Skills,Technical Solutions
JOB00184,marketing,Business & Soft Skills,Technical Solutions
JOB00184,consulting,Business & Soft Skills,Technical Solutions
JOB00184,bachelors_degree,Education & Certifications,Technical Solutions
JOB00184,masters_degree,Education & Certifications,Technical Solutions
JOB00184,computer_science_degree,Education & Certifications,Technical Solutions
JOB00185,project_management,Business & Soft Skills,Technical Infrastructure
JOB00185,cross_functional_collaboration,Business & Soft Skills,Technical Infrastructure
JOB00185,bachelors_degree,Education & Certifications,Technical Infrastructure
JOB00186,python,Programming Languages,Technical Solutions
JOB00186,java,Programming Languages,Technical Solutions
JOB00186,javascript,Programming Languages,Technical Solutions
JOB00186,c++,Programming Languages,Technical Solutions
JOB00186,c_lang,Programming Languages,Technical Solutions
JOB00186,sql,Programming Languages,Technical Solutions
JOB00186,linux,Cloud & Infrastructure,Technical Solutions
JOB00186,mysql,Databases,Technical Solutions
JOB00186,html_css,Web & Frameworks,Technical Solutions
JOB00186,project_management,Business & Soft Skills,Technical Solutions
JOB00186,product_management,Business & Soft Skills,Technical Solutions
JOB00186,cross_functional_collaboration,Business & Soft Skills,Technical Solutions
JOB00186,problem_solving,Business & Soft Skills,Technical Solutions
JOB00186,bachelors_degree,Education & Certifications,Technical Solutions
JOB00186,computer_science_degree,Education & Certifications,Technical Solutions
JOB00187,python,Programming Languages,Software Engineering
JOB00187,javascript,Programming Languages,Software Engineering
JOB00187,c++,Programming Languages,Software Engineering
JOB00187,c#,Programming Languages,Software Engineering
JOB00187,c_lang,Programming Languages,Software Engineering
JOB00187,go,Programming Languages,Software Engineering
JOB00187,swift,Programming Languages,Software Engineering
JOB00187,linux,Cloud & Infrastructure,Software Engineering
JOB00187,bachelors_degree,Education & Certifications,Software Engineering
JOB00187,phd,Education & Certifications,Software Engineering
JOB00187,computer_science_degree,Education & Certifications,Software Engineering
JOB00188,cross_functional_collaboration,Business & Soft Skills,Manufacturing & Supply Chain
JOB00188,consulting,Business & Soft Skills,Manufacturing & Supply Chain
JOB00188,supply_chain,Hardware & Manufacturing,Manufacturing & Supply Chain
JOB00188,manufacturing,Hardware & Manufacturing,Manufacturing & Supply Chain
JOB00188,mechanical_engineering,Hardware & Manufacturing,Manufacturing & Supply Chain
JOB00188,bachelors_degree,Education & Certifications,Manufacturing & Supply Chain
JOB00189,go,Programming Languages,Program Management
JOB00189,google_cloud,Cloud & Infrastructure,Program Management
JOB00189,cross_functional_collaboration,Business & Soft Skills,Program Management
JOB00189,negotiation,Business & Soft Skills,Program Management
JOB00189,strategic_planning,Business & Soft Skills,Program Management
JOB00189,sales,Business & Soft Skills,Program Management
JOB00189,marketing,Business & Soft Skills,Program Management
JOB00190,c_lang,Programming Languages,Technical Solutions
JOB00190,google_cloud,Cloud & Infrastructure,Technical Solutions
JOB00190,cloud_computing,Cloud & Infrastructure,Technical Solutions
JOB00190,project_management,Business & Soft Skills,Technical Solutions
JOB00190,cross_functional_collaboration,Business & Soft Skills,Technical Solutions
JOB00190,team_management,Business & Soft Skills,Technical Solutions
JOB00190,sales,Business & Soft Skills,Technical Solutions
JOB00190,bachelors_degree,Education & Certifications,Technical Solutions
JOB00190,masters_degree,Education & Certifications,Technical Solutions
JOB00190,computer_science_degree,Education & Certifications,Technical Solutions
JOB00191,scala,Programming Languages,Technical Infrastructure
JOB00191,distributed_systems,Cloud & Infrastructure,Technical Infrastructure
JOB00191,site_reliability,Cloud & Infrastructure,Technical Infrastructure
JOB00191,project_management,Business & Soft Skills,Technical Infrastructure
JOB00191,communication_skills,Business & Soft Skills,Technical Infrastructure
JOB00191,problem_solving,Business & Soft Skills,Technical Infrastructure
JOB00191,customer_service,Business & Soft Skills,Technical Infrastructure
JOB00191,bachelors_degree,Education & Certifications,Technical Infrastructure
JOB00192,customer_service,Business & Soft Skills,Technical Solutions
JOB00192,sales,Business & Soft Skills,Technical Solutions
JOB00192,bachelors_degree,Education & Certifications,Technical Solutions
JOB00193,go,Programming Languages,Program Management
JOB00193,sql,Programming Languages,Program Management
JOB00193,statistics,Data & Machine Learning,Program Management
JOB00193,google_cloud,Cloud & Infrastructure,Program Management
JOB00193,databases_general,Databases,Program Management
JOB00193,project_management,Business & Soft Skills,Program Management
JOB00193,stakeholder_management,Business & Soft Skills,Program Management
JOB00193,problem_solving,Business & Soft Skills,Program Management
JOB00193,strategic_planning,Business & Soft Skills,Program Management
JOB00193,sales,Business & Soft Skills,Program Management
JOB00193,consulting,Business & Soft Skills,Program Management
JOB00193,bachelors_degree,Education & Certifications,Program Management
JOB00193,masters_degree,Education & Certifications,Program Management
JOB00194,python,Programming Languages,Technical Solutions
JOB00194,java,Programming Languages,Technical Solutions
JOB00194,javascript,Programming Languages,Technical Solutions
JOB00194,c++,Programming Languages,Technical Solutions
JOB00194,c_lang,Programming Languages,Technical Solutions
JOB00194,google_cloud,Cloud & Infrastructure,Technical Solutions
JOB00194,ci_cd,Cloud & Infrastructure,Technical Solutions
JOB00194,linux,Cloud & Infrastructure,Technical Solutions
JOB00194,databases_general,Databases,Technical Solutions
JOB00194,stakeholder_management,Business & Soft Skills,Technical Solutions
JOB00194,bachelors_degree,Education & Certifications,Technical Solutions
JOB00195,scala,Programming Languages,Technical Infrastructure
JOB00195,kubernetes,Cloud & Infrastructure,Technical Infrastructure
JOB00195,docker,Cloud & Infrastructure,Technical Infrastructure
JOB00195,devops,Cloud & Infrastructure,Technical Infrastructure
JOB00195,linux,Cloud & Infrastructure,Technical Infrastructure
JOB00195,networking,Cloud & Infrastructure,Technical Infrastructure
JOB00195,rest_api,Web & Frameworks,Technical Infrastructure
JOB00195,security_general,Security,Technical Infrastructure
JOB00195,encryption,Security,Technical Infrastructure
JOB00195,bachelors_degree,Education & Certifications,Technical Infrastructure
JOB00195,phd,Education & Certifications,Technical Infrastructure
JOB00195,computer_science_degree,Education & Certifications,Technical Infrastructure
JOB00196,go,Programming Languages,Program Management
JOB00196,google_cloud,Cloud & Infrastructure,Program Management
JOB00196,compliance,Security,Program Management
JOB00196,project_management,Business & Soft Skills,Program Management
JOB00196,product_management,Business & Soft Skills,Program Management
JOB00196,stakeholder_management,Business & Soft Skills,Program Management
JOB00196,leadership,Business & Soft Skills,Program Management
JOB00196,problem_solving,Business & Soft Skills,Program Management
JOB00196,strategic_planning,Business & Soft Skills,Program Management
JOB00196,sales,Business & Soft Skills,Program Management
JOB00196,marketing,Business & Soft Skills,Program Management
JOB00196,bachelors_degree,Education & Certifications,Program Management
JOB00196,masters_degree,Education & Certifications,Program Management
JOB00197,python,Programming Languages,Technical Solutions
JOB00197,go,Programming Languages,Technical Solutions
JOB00197,networking,Cloud & Infrastructure,Technical Solutions
JOB00197,security_general,Security,Technical Solutions
JOB00197,stakeholder_management,Business & Soft Skills,Technical Solutions
JOB00197,presentation_skills,Business & Soft Skills,Technical Solutions
JOB00197,bachelors_degree,Education & Certifications,Technical Solutions
JOB00197,computer_science_degree,Education & Certifications,Technical Solutions
JOB00198,python,Programming Languages,Technical Infrastructure
JOB00198,java,Programming Languages,Technical Infrastructure
JOB00198,c++,Programming Languages,Technical Infrastructure
JOB00198,c_lang,Programming Languages,Technical Infrastructure
JOB00198,go,Programming Languages,Technical Infrastructure
JOB00198,ruby,Programming Languages,Technical Infrastructure
JOB00198,shell_scripting,Programming Languages,Technical Infrastructure
JOB00198,distributed_systems,Cloud & Infrastructure,Technical Infrastructure
JOB00198,linux,Cloud & Infrastructure,Technical Infrastructure
JOB00198,networking,Cloud & Infrastructure,Technical Infrastructure
JOB00198,site_reliability,Cloud & Infrastructure,Technical Infrastructure
JOB00198,communication_skills,Business & Soft Skills,Technical Infrastructure
JOB00198,problem_solving,Business & Soft Skills,Technical Infrastructure
JOB00198,consulting,Business & Soft Skills,Technical Infrastructure
JOB00198,hardware_engineering,Hardware & Manufacturing,Technical Infrastructure
JOB00198,bachelors_degree,Education & Certifications,Technical Infrastructure
JOB00198,computer_science_degree,Education & Certifications,Technical Infrastructure
JOB00199,java,Programming Languages,Program Management
JOB00199,javascript,Programming Languages,Program Management
JOB00199,statistics,Data & Machine Learning,Program Management
JOB00199,angular,Web & Frameworks,Program Management
JOB00199,mobile_development,Web & Frameworks,Program Management
JOB00199,project_management,Business & Soft Skills,Program Management
JOB00199,stakeholder_management,Business & Soft Skills,Program Management
JOB00199,cross_functional_collaboration,Business & Soft Skills,Program Management
JOB00199,analytical_skills,Business & Soft Skills,Program Management
JOB00199,hardware_engineering,Hardware & Manufacturing,Program Management
JOB00199,bachelors_degree,Education & Certifications,Program Management
JOB00199,computer_science_degree,Education & Certifications,Program Management
JOB00200,communication_skills,Business & Soft Skills,Technical Infrastructure
JOB00200,cross_functional_collaboration,Business & Soft Skills,Technical Infrastructure
JOB00200,bachelors_degree,Education & Certifications,Technical Infrastructure
JOB00201,sql,Programming Languages,Technical Solutions
JOB00201,scala,Programming Languages,Technical Solutions
JOB00201,stakeholder_management,Business & Soft Skills,Technical Solutions
JOB00201,communication_skills,Business & Soft Skills,Technical Solutions
JOB00201,cross_functional_collaboration,Business & Soft Skills,Technical Solutions
JOB00201,customer_service,Business & Soft Skills,Technical Solutions
JOB00201,consulting,Business & Soft Skills,Technical Solutions
JOB00203,scala,Programming Languages,Technical Solutions
JOB00203,big_data,Data & Machine Learning,Technical Solutions
JOB00203,google_cloud,Cloud & Infrastructure,Technical Solutions
JOB00203,cloud_computing,Cloud & Infrastructure,Technical Solutions
JOB00203,distributed_systems,Cloud & Infrastructure,Technical Solutions
JOB00203,linux,Cloud & Infrastructure,Technical Solutions
JOB00203,networking,Cloud & Infrastructure,Technical Solutions
JOB00203,databases_general,Databases,Technical Solutions
JOB00203,sales,Business & Soft Skills,Technical Solutions
JOB00203,computer_science_degree,Education & Certifications,Technical Solutions
JOB00204,r_lang,Programming Languages,Hardware Engineering
JOB00204,cross_functional_collaboration,Business & Soft Skills,Hardware Engineering
JOB00204,hardware_engineering,Hardware & Manufacturing,Hardware Engineering
JOB00204,supply_chain,Hardware & Manufacturing,Hardware Engineering
JOB00204,phd,Education & Certifications,Hardware Engineering
JOB00205,python,Programming Languages,Sales & Account Management
JOB00205,java,Programming Languages,Sales & Account Management
JOB00205,javascript,Programming Languages,Sales & Account Management
JOB00205,c#,Programming Languages,Sales & Account Management
JOB00205,c_lang,Programming Languages,Sales & Account Management
JOB00205,ruby,Programming Languages,Sales & Account Management
JOB00205,google_cloud,Cloud & Infrastructure,Sales & Account Management
JOB00205,devops,Cloud & Infrastructure,Sales & Account Management
JOB00205,stakeholder_management,Business & Soft Skills,Sales & Account Management
JOB00205,communication_skills,Business & Soft Skills,Sales & Account Management
JOB00205,bachelors_degree,Education & Certifications,Sales & Account Management
JOB00207,program_management,Business & Soft Skills,Program Management
JOB00207,leadership,Business & Soft Skills,Program Management
JOB00207,supply_chain,Hardware & Manufacturing,Program Management
JOB00207,manufacturing,Hardware & Manufacturing,Program Management
JOB00207,bachelors_degree,Education & Certifications,Program Management
JOB00208,scala,Programming Languages,Program Management
JOB00208,stakeholder_management,Business & Soft Skills,Program Management
JOB00208,hardware_engineering,Hardware & Manufacturing,Program Management
JOB00208,bachelors_degree,Education & Certifications,Program Management
JOB00209,data_analysis,Data & Machine Learning,Program Management
JOB00209,risk_management,Security,Program Management
JOB00209,program_management,Business & Soft Skills,Program Management
JOB00209,stakeholder_management,Business & Soft Skills,Program Management
JOB00209,cross_functional_collaboration,Business & Soft Skills,Program Management
JOB00210,ios,Web & Frameworks,Software Engineering
JOB00211,google_cloud,Cloud & Infrastructure,Product & Customer Support
JOB00211,stakeholder_management,Business & Soft Skills,Product & Customer Support
JOB00211,cross_functional_collaboration,Business & Soft Skills,Product & Customer Support
JOB00211,problem_solving,Business & Soft Skills,Product & Customer Support
JOB00211,presentation_skills,Business & Soft Skills,Product & Customer Support
JOB00211,team_management,Business & Soft Skills,Product & Customer Support
JOB00211,budget_management,Business & Soft Skills,Product & Customer Support
JOB00211,sales,Business & Soft Skills,Product & Customer Support
JOB00211,marketing,Business & Soft Skills,Product & Customer Support
JOB00211,bachelors_degree,Education & Certifications,Product & Customer Support
JOB00212,compliance,Security,Program Management
JOB00212,sales,Business & Soft Skills,Program Management
JOB00212,marketing,Business & Soft Skills,Program Management
JOB00212,hardware_engineering,Hardware & Manufacturing,Program Management
JOB00212,supply_chain,Hardware & Manufacturing,Program Management
JOB00212,bachelors_degree,Education & Certifications,Program Management
JOB00213,python,Programming Languages,Software Engineering
JOB00213,java,Programming Languages,Software Engineering
JOB00213,javascript,Programming Languages,Software Engineering
JOB00213,c++,Programming Languages,Software Engineering
JOB00213,c#,Programming Languages,Software Engineering
JOB00213,c_lang,Programming Languages,Software Engineering
JOB00213,go,Programming Languages,Software Engineering
JOB00213,php,Programming Languages,Software Engineering
JOB00213,ruby,Programming Languages,Software Engineering
JOB00213,machine_learning,Data & Machine Learning,Software Engineering
JOB00213,natural_language_processing,Data & Machine Learning,Software Engineering
JOB00213,linux,Cloud & Infrastructure,Software Engineering
JOB00213,networking,Cloud & Infrastructure,Software Engineering
JOB00213,mobile_development,Web & Frameworks,Software Engineering
JOB00213,security_general,Security,Software Engineering
JOB00213,bachelors_degree,Education & Certifications,Software Engineering
JOB00213,phd,Education & Certifications,Software Engineering
JOB00213,computer_science_degree,Education & Certifications,Software Engineering
JOB00214,python,Programming Languages,Technical Solutions
JOB00214,java,Programming Languages,Technical Solutions
JOB00214,javascript,Programming Languages,Technical Solutions
JOB00214,c#,Programming Languages,Technical Solutions
JOB00214,c_lang,Programming Languages,Technical Solutions
JOB00214,sql,Programming Languages,Technical Solutions
JOB00214,ruby,Programming Languages,Technical Solutions
JOB00214,machine_learning,Data & Machine Learning,Technical Solutions
JOB00214,data_analysis,Data & Machine Learning,Technical Solutions
JOB00214,tensorflow,Data & Machine Learning,Technical Solutions
JOB00214,big_data,Data & Machine Learning,Technical Solutions
JOB00214,google_cloud,Cloud & Infrastructure,Technical Solutions
JOB00214,distributed_systems,Cloud & Infrastructure,Technical Solutions
JOB00214,databases_general,Databases,Technical Solutions
JOB00214,mysql,Databases,Technical Solutions
JOB00214,mongodb,Databases,Technical Solutions
JOB00214,spanner_bigtable,Databases,Technical Solutions
JOB00214,data_warehousing,Databases,Technical Solutions
JOB00214,html_css,Web & Frameworks,Technical Solutions
JOB00214,stakeholder_management,Business & Soft Skills,Technical Solutions
JOB00214,communication_skills,Business & Soft Skills,Technical Solutions
JOB00214,sales,Business & Soft Skills,Technical Solutions
JOB00214,bachelors_degree,Education & Certifications,Technical Solutions
JOB00215,python,Programming Languages,Technical Writing
JOB00215,java,Programming Languages,Technical Writing
JOB00215,javascript,Programming Languages,Technical Writing
JOB00215,c++,Programming Languages,Technical Writing
JOB00215,c_lang,Programming Languages,Technical Writing
JOB00215,linux,Cloud & Infrastructure,Technical Writing
JOB00215,html_css,Web & Frameworks,Technical Writing
JOB00215,rest_api,Web & Frameworks,Technical Writing
JOB00215,bachelors_degree,Education & Certifications,Technical Writing
JOB00216,scala,Programming Languages,Program Management
JOB00216,project_management,Business & Soft Skills,Program Management
JOB00216,cross_functional_collaboration,Business & Soft Skills,Program Management
JOB00216,supply_chain,Hardware & Manufacturing,Program Management
JOB00217,scala,Programming Languages,Manufacturing & Supply Chain
JOB00217,cross_functional_collaboration,Business & Soft Skills,Manufacturing & Supply Chain
JOB00217,negotiation,Business & Soft Skills,Manufacturing & Supply Chain
JOB00217,hardware_engineering,Hardware & Manufacturing,Manufacturing & Supply Chain
JOB00217,supply_chain,Hardware & Manufacturing,Manufacturing & Supply Chain
JOB00217,manufacturing,Hardware & Manufacturing,Manufacturing & Supply Chain
JOB00217,electrical_engineering,Hardware & Manufacturing,Manufacturing & Supply Chain
JOB00217,mechanical_engineering,Hardware & Manufacturing,Manufacturing & Supply Chain
JOB00217,circuit_design,Hardware & Manufacturing,Manufacturing & Supply Chain
JOB00217,bachelors_degree,Education & Certifications,Manufacturing & Supply Chain
JOB00218,scala,Programming Languages,Partnerships
JOB00218,google_cloud,Cloud & Infrastructure,Partnerships
JOB00218,program_management,Business & Soft Skills,Partnerships
JOB00218,communication_skills,Business & Soft Skills,Partnerships
JOB00218,sales,Business & Soft Skills,Partnerships
JOB00218,masters_degree,Education & Certifications,Partnerships
JOB00218,computer_science_degree,Education & Certifications,Partnerships
JOB00219,project_management,Business & Soft Skills,Program Management
JOB00219,program_management,Business & Soft Skills,Program Management
JOB00219,stakeholder_management,Business & Soft Skills,Program Management
JOB00219,leadership,Business & Soft Skills,Program Management
JOB00219,cross_functional_collaboration,Business & Soft Skills,Program Management
JOB00219,problem_solving,Business & Soft Skills,Program Management
JOB00219,consulting,Business & Soft Skills,Program Management
JOB00219,hardware_engineering,Hardware & Manufacturing,Program Management
JOB00219,bachelors_degree,Education & Certifications,Program Management
JOB00220,risk_management,Security,Manufacturing & Supply Chain
JOB00220,cross_functional_collaboration,Business & Soft Skills,Manufacturing & Supply Chain
JOB00220,hardware_engineering,Hardware & Manufacturing,Manufacturing & Supply Chain
JOB00220,supply_chain,Hardware & Manufacturing,Manufacturing & Supply Chain
JOB00220,manufacturing,Hardware & Manufacturing,Manufacturing & Supply Chain
JOB00220,bachelors_degree,Education & Certifications,Manufacturing & Supply Chain
JOB00220,masters_degree,Education & Certifications,Manufacturing & Supply Chain
JOB00221,python,Programming Languages,Technical Solutions
JOB00221,java,Programming Languages,Technical Solutions
JOB00221,javascript,Programming Languages,Technical Solutions
JOB00221,go,Programming Languages,Technical Solutions
JOB00221,php,Programming Languages,Technical Solutions
JOB00221,google_cloud,Cloud & Infrastructure,Technical Solutions
JOB00221,cloud_computing,Cloud & Infrastructure,Technical Solutions
JOB00221,networking,Cloud & Infrastructure,Technical Solutions
JOB00221,virtualization,Cloud & Infrastructure,Technical Solutions
JOB00221,android,Web & Frameworks,Technical Solutions
JOB00221,ios,Web & Frameworks,Technical Solutions
JOB00221,mobile_development,Web & Frameworks,Technical Solutions
JOB00221,security_general,Security,Technical Solutions
JOB00221,encryption,Security,Technical Solutions
JOB00221,sales,Business & Soft Skills,Technical Solutions
JOB00221,bachelors_degree,Education & Certifications,Technical Solutions
JOB00221,computer_science_degree,Education & Certifications,Technical Solutions
JOB00222,mobile_development,Web & Frameworks,Program Management
JOB00222,product_management,Business & Soft Skills,Program Management
JOB00222,stakeholder_management,Business & Soft Skills,Program Management
JOB00222,leadership,Business & Soft Skills,Program Management
JOB00222,strategic_planning,Business & Soft Skills,Program Management
JOB00222,sales,Business & Soft Skills,Program Management
JOB00222,consulting,Business & Soft Skills,Program Management
JOB00222,bachelors_degree,Education & Certifications,Program Management
JOB00223,go,Programming Languages,Program Management
JOB00223,stakeholder_management,Business & Soft Skills,Program Management
JOB00223,cross_functional_collaboration,Business & Soft Skills,Program Management
JOB00223,strategic_planning,Business & Soft Skills,Program Management
JOB00223,sales,Business & Soft Skills,Program Management
JOB00223,marketing,Business & Soft Skills,Program Management
JOB00223,hardware_engineering,Hardware & Manufacturing,Program Management
JOB00223,bachelors_degree,Education & Certifications,Program Management
JOB00224,python,Programming Languages,Network Engineering
JOB00224,go,Programming Languages,Network Engineering
JOB00224,scala,Programming Languages,Network Engineering
JOB00224,linux,Cloud & Infrastructure,Network Engineering
JOB00224,networking,Cloud & Infrastructure,Network Engineering
JOB00224,leadership,Business & Soft Skills,Network Engineering
JOB00224,strategic_planning,Business & Soft Skills,Network Engineering
JOB00224,bachelors_degree,Education & Certifications,Network Engineering
JOB00224,phd,Education & Certifications,Network Engineering
JOB00224,computer_science_degree,Education & Certifications,Network Engineering
JOB00225,c_lang,Programming Languages,Marketing & Communications
JOB00225,google_cloud,Cloud & Infrastructure,Marketing & Communications
JOB00225,stakeholder_management,Business & Soft Skills,Marketing & Communications
JOB00225,communication_skills,Business & Soft Skills,Marketing & Communications
JOB00225,sales,Business & Soft Skills,Marketing & Communications
JOB00225,marketing,Business & Soft Skills,Marketing & Communications
JOB00225,consulting,Business & Soft Skills,Marketing & Communications
JOB00225,bachelors_degree,Education & Certifications,Marketing & Communications
JOB00226,big_data,Data & Machine Learning,Technical Solutions
JOB00226,google_cloud,Cloud & Infrastructure,Technical Solutions
JOB00226,cloud_computing,Cloud & Infrastructure,Technical Solutions
JOB00226,sales,Business & Soft Skills,Technical Solutions
JOB00226,hardware_engineering,Hardware & Manufacturing,Technical Solutions
JOB00226,bachelors_degree,Education & Certifications,Technical Solutions
JOB00226,computer_science_degree,Education & Certifications,Technical Solutions
JOB00227,big_data,Data & Machine Learning,Technical Solutions
JOB00227,google_cloud,Cloud & Infrastructure,Technical Solutions
JOB00227,cloud_computing,Cloud & Infrastructure,Technical Solutions
JOB00227,sales,Business & Soft Skills,Technical Solutions
JOB00227,hardware_engineering,Hardware & Manufacturing,Technical Solutions
JOB00227,bachelors_degree,Education & Certifications,Technical Solutions
JOB00227,computer_science_degree,Education & Certifications,Technical Solutions
JOB00228,product_management,Business & Soft Skills,Program Management
JOB00228,leadership,Business & Soft Skills,Program Management
JOB00228,cross_functional_collaboration,Business & Soft Skills,Program Management
JOB00228,problem_solving,Business & Soft Skills,Program Management
JOB00228,strategic_planning,Business & Soft Skills,Program Management
JOB00228,consulting,Business & Soft Skills,Program Management
JOB00228,bachelors_degree,Education & Certifications,Program Management
JOB00228,masters_degree,Education & Certifications,Program Management
JOB00229,machine_learning,Data & Machine Learning,Technical Solutions
JOB00229,big_data,Data & Machine Learning,Technical Solutions
JOB00229,algorithms,Data & Machine Learning,Technical Solutions
JOB00229,google_cloud,Cloud & Infrastructure,Technical Solutions
JOB00229,cloud_computing,Cloud & Infrastructure,Technical Solutions
JOB00229,sales,Business & Soft Skills,Technical Solutions
JOB00229,bachelors_degree,Education & Certifications,Technical Solutions
JOB00229,computer_science_degree,Education & Certifications,Technical Solutions
JOB00231,python,Programming Languages,Technical Solutions
JOB00231,java,Programming Languages,Technical Solutions
JOB00231,javascript,Programming Languages,Technical Solutions
JOB00231,go,Programming Languages,Technical Solutions
JOB00231,php,Programming Languages,Technical Solutions
JOB00231,google_cloud,Cloud & Infrastructure,Technical Solutions
JOB00231,cloud_computing,Cloud & Infrastructure,Technical Solutions
JOB00231,android,Web & Frameworks,Technical Solutions
JOB00231,ios,Web & Frameworks,Technical Solutions
JOB00231,mobile_development,Web & Frameworks,Technical Solutions
JOB00231,security_general,Security,Technical Solutions
JOB00231,encryption,Security,Technical Solutions
JOB00231,customer_service,Business & Soft Skills,Technical Solutions
JOB00231,sales,Business & Soft Skills,Technical Solutions
JOB00231,bachelors_degree,Education & Certifications,Technical Solutions
JOB00231,computer_science_degree,Education & Certifications,Technical Solutions
JOB00232,project_management,Business & Soft Skills,Technical Solutions
JOB00232,leadership,Business & Soft Skills,Technical Solutions
JOB00232,problem_solving,Business & Soft Skills,Technical Solutions
JOB00232,negotiation,Business & Soft Skills,Technical Solutions
JOB00232,budget_management,Business & Soft Skills,Technical Solutions
JOB00232,strategic_planning,Business & Soft Skills,Technical Solutions
JOB00232,customer_service,Business & Soft Skills,Technical Solutions
JOB00233,python,Programming Languages,Technical Solutions
JOB00233,java,Programming Languages,Technical Solutions
JOB00233,javascript,Programming Languages,Technical Solutions
JOB00233,c++,Programming Languages,Technical Solutions
JOB00233,c_lang,Programming Languages,Technical Solutions
JOB00233,sql,Programming Languages,Technical Solutions
JOB00233,scala,Programming Languages,Technical Solutions
JOB00233,linux,Cloud & Infrastructure,Technical Solutions
JOB00233,mysql,Databases,Technical Solutions
JOB00233,html_css,Web & Frameworks,Technical Solutions
JOB00233,project_management,Business & Soft Skills,Technical Solutions
JOB00233,product_management,Business & Soft Skills,Technical Solutions
JOB00233,cross_functional_collaboration,Business & Soft Skills,Technical Solutions
JOB00233,problem_solving,Business & Soft Skills,Technical Solutions
JOB00233,sales,Business & Soft Skills,Technical Solutions
JOB00233,marketing,Business & Soft Skills,Technical Solutions
JOB00233,consulting,Business & Soft Skills,Technical Solutions
JOB00233,bachelors_degree,Education & Certifications,Technical Solutions
JOB00233,computer_science_degree,Education & Certifications,Technical Solutions
JOB00234,sql,Programming Languages,Program Management
JOB00234,google_cloud,Cloud & Infrastructure,Program Management
JOB00234,cross_functional_collaboration,Business & Soft Skills,Program Management
JOB00234,sales,Business & Soft Skills,Program Management
JOB00234,marketing,Business & Soft Skills,Program Management
JOB00235,python,Programming Languages,Software Engineering
JOB00235,java,Programming Languages,Software Engineering
JOB00235,javascript,Programming Languages,Software Engineering
JOB00235,c++,Programming Languages,Software Engineering
JOB00235,c#,Programming Languages,Software Engineering
JOB00235,c_lang,Programming Languages,Software Engineering
JOB00235,go,Programming Languages,Software Engineering
JOB00235,scala,Programming Languages,Software Engineering
JOB00235,machine_learning,Data & Machine Learning,Software Engineering
JOB00235,natural_language_processing,Data & Machine Learning,Software Engineering
JOB00235,linux,Cloud & Infrastructure,Software Engineering
JOB00235,security_general,Security,Software Engineering
JOB00235,phd,Education & Certifications,Software Engineering
JOB00235,computer_science_degree,Education & Certifications,Software Engineering
JOB00236,python,Programming Languages,Technical Solutions
JOB00236,java,Programming Languages,Technical Solutions
JOB00236,javascript,Programming Languages,Technical Solutions
JOB00236,c++,Programming Languages,Technical Solutions
JOB00236,c_lang,Programming Languages,Technical Solutions
JOB00236,databases_general,Databases,Technical Solutions
JOB00236,html_css,Web & Frameworks,Technical Solutions
JOB00236,project_management,Business & Soft Skills,Technical Solutions
JOB00236,sales,Business & Soft Skills,Technical Solutions
JOB00236,marketing,Business & Soft Skills,Technical Solutions
JOB00236,consulting,Business & Soft Skills,Technical Solutions
JOB00236,bachelors_degree,Education & Certifications,Technical Solutions
JOB00236,masters_degree,Education & Certifications,Technical Solutions
JOB00236,computer_science_degree,Education & Certifications,Technical Solutions
JOB00237,agile_scrum,Business & Soft Skills,Technical Solutions
JOB00237,supply_chain,Hardware & Manufacturing,Technical Solutions
JOB00237,electrical_engineering,Hardware & Manufacturing,Technical Solutions
JOB00237,bachelors_degree,Education & Certifications,Technical Solutions
JOB00237,computer_science_degree,Education & Certifications,Technical Solutions
JOB00238,python,Programming Languages,Technical Solutions
JOB00238,java,Programming Languages,Technical Solutions
JOB00238,javascript,Programming Languages,Technical Solutions
JOB00238,c#,Programming Languages,Technical Solutions
JOB00238,c_lang,Programming Languages,Technical Solutions
JOB00238,sql,Programming Languages,Technical Solutions
JOB00238,ruby,Programming Languages,Technical Solutions
JOB00238,machine_learning,Data & Machine Learning,Technical Solutions
JOB00238,data_analysis,Data & Machine Learning,Technical Solutions
JOB00238,tensorflow,Data & Machine Learning,Technical Solutions
JOB00238,big_data,Data & Machine Learning,Technical Solutions
JOB00238,google_cloud,Cloud & Infrastructure,Technical Solutions
JOB00238,distributed_systems,Cloud & Infrastructure,Technical Solutions
JOB00238,databases_general,Databases,Technical Solutions
JOB00238,mysql,Databases,Technical Solutions
JOB00238,mongodb,Databases,Technical Solutions
JOB00238,spanner_bigtable,Databases,Technical Solutions
JOB00238,data_warehousing,Databases,Technical Solutions
JOB00238,html_css,Web & Frameworks,Technical Solutions
JOB00238,stakeholder_management,Business & Soft Skills,Technical Solutions
JOB00238,communication_skills,Business & Soft Skills,Technical Solutions
JOB00238,sales,Business & Soft Skills,Technical Solutions
JOB00238,bachelors_degree,Education & Certifications,Technical Solutions
JOB00239,scala,Programming Languages,Program Management
JOB00239,google_cloud,Cloud & Infrastructure,Program Management
JOB00239,program_management,Business & Soft Skills,Program Management
JOB00239,product_management,Business & Soft Skills,Program Management
JOB00239,cross_functional_collaboration,Business & Soft Skills,Program Management
JOB00239,sales,Business & Soft Skills,Program Management
JOB00239,consulting,Business & Soft Skills,Program Management
JOB00239,hardware_engineering,Hardware & Manufacturing,Program Management
JOB00240,java,Programming Languages,Developer Relations
JOB00240,javascript,Programming Languages,Developer Relations
JOB00240,kotlin,Programming Languages,Developer Relations
JOB00240,rest_api,Web & Frameworks,Developer Relations
JOB00240,android,Web & Frameworks,Developer Relations
JOB00240,ios,Web & Frameworks,Developer Relations
JOB00240,mobile_development,Web & Frameworks,Developer Relations
JOB00240,stakeholder_management,Business & Soft Skills,Developer Relations
JOB00240,bachelors_degree,Education & Certifications,Developer Relations
JOB00240,computer_science_degree,Education & Certifications,Developer Relations
JOB00242,google_cloud,Cloud & Infrastructure,Technical Solutions
JOB00242,cloud_computing,Cloud & Infrastructure,Technical Solutions
JOB00242,analytical_skills,Business & Soft Skills,Technical Solutions
JOB00242,team_management,Business & Soft Skills,Technical Solutions
JOB00242,strategic_planning,Business & Soft Skills,Technical Solutions
JOB00242,sales,Business & Soft Skills,Technical Solutions
JOB00242,bachelors_degree,Education & Certifications,Technical Solutions
JOB00242,masters_degree,Education & Certifications,Technical Solutions
JOB00242,computer_science_degree,Education & Certifications,Technical Solutions
JOB00243,python,Programming Languages,Network Engineering
JOB00243,go,Programming Languages,Network Engineering
JOB00243,scala,Programming Languages,Network Engineering
JOB00243,networking,Cloud & Infrastructure,Network Engineering
JOB00243,security_general,Security,Network Engineering
JOB00243,bachelors_degree,Education & Certifications,Network Engineering
JOB00244,scala,Programming Languages,Technical Infrastructure
JOB00244,linux,Cloud & Infrastructure,Technical Infrastructure
JOB00244,networking,Cloud & Infrastructure,Technical Infrastructure
JOB00244,communication_skills,Business & Soft Skills,Technical Infrastructure
JOB00244,hardware_engineering,Hardware & Manufacturing,Technical Infrastructure
JOB00244,bachelors_degree,Education & Certifications,Technical Infrastructure
JOB00245,python,Programming Languages,Technical Solutions
JOB00245,java,Programming Languages,Technical Solutions
JOB00245,javascript,Programming Languages,Technical Solutions
JOB00245,go,Programming Languages,Technical Solutions
JOB00245,php,Programming Languages,Technical Solutions
JOB00245,google_cloud,Cloud & Infrastructure,Technical Solutions
JOB00245,cloud_computing,Cloud & Infrastructure,Technical Solutions
JOB00245,networking,Cloud & Infrastructure,Technical Solutions
JOB00245,virtualization,Cloud & Infrastructure,Technical Solutions
JOB00245,android,Web & Frameworks,Technical Solutions
JOB00245,ios,Web & Frameworks,Technical Solutions
JOB00245,mobile_development,Web & Frameworks,Technical Solutions
JOB00245,security_general,Security,Technical Solutions
JOB00245,encryption,Security,Technical Solutions
JOB00245,sales,Business & Soft Skills,Technical Solutions
JOB00245,bachelors_degree,Education & Certifications,Technical Solutions
JOB00245,computer_science_degree,Education & Certifications,Technical Solutions
JOB00246,python,Programming Languages,Technical Solutions
JOB00246,go,Programming Languages,Technical Solutions
JOB00246,networking,Cloud & Infrastructure,Technical Solutions
JOB00246,security_general,Security,Technical Solutions
JOB00246,stakeholder_management,Business & Soft Skills,Technical Solutions
JOB00246,presentation_skills,Business & Soft Skills,Technical Solutions
JOB00246,bachelors_degree,Education & Certifications,Technical Solutions
JOB00246,computer_science_degree,Education & Certifications,Technical Solutions
JOB00247,python,Programming Languages,Software Engineering
JOB00247,java,Programming Languages,Software Engineering
JOB00247,javascript,Programming Languages,Software Engineering
JOB00247,scala,Programming Languages,Software Engineering
JOB00247,data_visualization,Data & Machine Learning,Software Engineering
JOB00247,html_css,Web & Frameworks,Software Engineering
JOB00247,angular,Web & Frameworks,Software Engineering
JOB00247,agile_scrum,Business & Soft Skills,Software Engineering
JOB00247,bachelors_degree,Education & Certifications,Software Engineering
JOB00247,computer_science_degree,Education & Certifications,Software Engineering
JOB00248,r_lang,Programming Languages,Hardware Engineering
JOB00248,statistics,Data & Machine Learning,Hardware Engineering
JOB00248,project_management,Business & Soft Skills,Hardware Engineering
JOB00248,cross_functional_collaboration,Business & Soft Skills,Hardware Engineering
JOB00248,hardware_engineering,Hardware & Manufacturing,Hardware Engineering
JOB00248,manufacturing,Hardware & Manufacturing,Hardware Engineering
JOB00248,mechanical_engineering,Hardware & Manufacturing,Hardware Engineering
JOB00249,python,Programming Languages,Technical Solutions
JOB00249,java,Programming Languages,Technical Solutions
JOB00249,javascript,Programming Languages,Technical Solutions
JOB00249,c++,Programming Languages,Technical Solutions
JOB00249,c_lang,Programming Languages,Technical Solutions
JOB00249,data_mining,Data & Machine Learning,Technical Solutions
JOB00249,google_cloud,Cloud & Infrastructure,Technical Solutions
JOB00249,linux,Cloud & Infrastructure,Technical Solutions
JOB00249,html_css,Web & Frameworks,Technical Solutions
JOB00249,android,Web & Frameworks,Technical Solutions
JOB00249,product_management,Business & Soft Skills,Technical Solutions
JOB00249,communication_skills,Business & Soft Skills,Technical Solutions
JOB00249,problem_solving,Business & Soft Skills,Technical Solutions
JOB00249,sales,Business & Soft Skills,Technical Solutions
JOB00249,quality_assurance,Hardware & Manufacturing,Technical Solutions
JOB00249,bachelors_degree,Education & Certifications,Technical Solutions
JOB00249,computer_science_degree,Education & Certifications,Technical Solutions
JOB00250,google_cloud,Cloud & Infrastructure,Program Management
JOB00250,stakeholder_management,Business & Soft Skills,Program Management
JOB00250,bachelors_degree,Education & Certifications,Program Management
JOB00250,masters_degree,Education & Certifications,Program Management
JOB00250,computer_science_degree,Education & Certifications,Program Management
JOB00251,statistics,Data & Machine Learning,Hardware Engineering
JOB00251,project_management,Business & Soft Skills,Hardware Engineering
JOB00251,communication_skills,Business & Soft Skills,Hardware Engineering
JOB00251,cross_functional_collaboration,Business & Soft Skills,Hardware Engineering
JOB00251,supply_chain,Hardware & Manufacturing,Hardware Engineering
JOB00251,manufacturing,Hardware & Manufacturing,Hardware Engineering
JOB00252,go,Programming Languages,Program Management
JOB00252,google_cloud,Cloud & Infrastructure,Program Management
JOB00252,program_management,Business & Soft Skills,Program Management
JOB00252,stakeholder_management,Business & Soft Skills,Program Management
JOB00252,cross_functional_collaboration,Business & Soft Skills,Program Management
JOB00252,strategic_planning,Business & Soft Skills,Program Management
JOB00252,sales,Business & Soft Skills,Program Management
JOB00252,masters_degree,Education & Certifications,Program Management
JOB00252,computer_science_degree,Education & Certifications,Program Management
JOB00253,java,Programming Languages,Technical Infrastructure
JOB00253,javascript,Programming Languages,Technical Infrastructure
JOB00253,supply_chain,Hardware & Manufacturing,Technical Infrastructure
JOB00253,bachelors_degree,Education & Certifications,Technical Infrastructure
JOB00253,computer_science_degree,Education & Certifications,Technical Infrastructure
JOB00254,scala,Programming Languages,Technical Solutions
JOB00254,data_analysis,Data & Machine Learning,Technical Solutions
JOB00254,project_management,Business & Soft Skills,Technical Solutions
JOB00254,stakeholder_management,Business & Soft Skills,Technical Solutions
JOB00254,leadership,Business & Soft Skills,Technical Solutions
JOB00254,cross_functional_collaboration,Business & Soft Skills,Technical Solutions
JOB00254,strategic_planning,Business & Soft Skills,Technical Solutions
JOB00254,sales,Business & Soft Skills,Technical Solutions
JOB00254,bachelors_degree,Education & Certifications,Technical Solutions
JOB00254,computer_science_degree,Education & Certifications,Technical Solutions
JOB00255,java,Programming Languages,Software Engineering
JOB00255,javascript,Programming Languages,Software Engineering
JOB00255,c++,Programming Languages,Software Engineering
JOB00255,c_lang,Programming Languages,Software Engineering
JOB00255,html_css,Web & Frameworks,Software Engineering
JOB00255,product_management,Business & Soft Skills,Software Engineering
JOB00255,leadership,Business & Soft Skills,Software Engineering
JOB00255,problem_solving,Business & Soft Skills,Software Engineering
JOB00255,team_management,Business & Soft Skills,Software Engineering
JOB00255,bachelors_degree,Education & Certifications,Software Engineering
JOB00255,phd,Education & Certifications,Software Engineering
JOB00255,computer_science_degree,Education & Certifications,Software Engineering
JOB00256,google_cloud,Cloud & Infrastructure,Program Management
JOB00256,security_general,Security,Program Management
JOB00256,communication_skills,Business & Soft Skills,Program Management
JOB00256,cross_functional_collaboration,Business & Soft Skills,Program Management
JOB00256,budget_management,Business & Soft Skills,Program Management
JOB00256,sales,Business & Soft Skills,Program Management
JOB00256,marketing,Business & Soft Skills,Program Management
JOB00256,bachelors_degree,Education & Certifications,Program Management
JOB00257,java,Programming Languages,Technical Solutions
JOB00257,javascript,Programming Languages,Technical Solutions
JOB00257,c_lang,Programming Languages,Technical Solutions
JOB00257,sql,Programming Languages,Technical Solutions
JOB00257,google_cloud,Cloud & Infrastructure,Technical Solutions
JOB00257,site_reliability,Cloud & Infrastructure,Technical Solutions
JOB00257,databases_general,Databases,Technical Solutions
JOB00257,html_css,Web & Frameworks,Technical Solutions
JOB00257,android,Web & Frameworks,Technical Solutions
JOB00257,ios,Web & Frameworks,Technical Solutions
JOB00257,mobile_development,Web & Frameworks,Technical Solutions
JOB00257,product_management,Business & Soft Skills,Technical Solutions
JOB00257,communication_skills,Business & Soft Skills,Technical Solutions
JOB00257,sales,Business & Soft Skills,Technical Solutions
JOB00257,hardware_engineering,Hardware & Manufacturing,Technical Solutions
JOB00257,bachelors_degree,Education & Certifications,Technical Solutions
JOB00257,computer_science_degree,Education & Certifications,Technical Solutions
JOB00258,machine_learning,Data & Machine Learning,Technical Solutions
JOB00258,big_data,Data & Machine Learning,Technical Solutions
JOB00258,algorithms,Data & Machine Learning,Technical Solutions
JOB00258,google_cloud,Cloud & Infrastructure,Technical Solutions
JOB00258,cloud_computing,Cloud & Infrastructure,Technical Solutions
JOB00258,sales,Business & Soft Skills,Technical Solutions
JOB00258,bachelors_degree,Education & Certifications,Technical Solutions
JOB00258,computer_science_degree,Education & Certifications,Technical Solutions
JOB00259,python,Programming Languages,Technical Solutions
JOB00259,java,Programming Languages,Technical Solutions
JOB00259,javascript,Programming Languages,Technical Solutions
JOB00259,c++,Programming Languages,Technical Solutions
JOB00259,c_lang,Programming Languages,Technical Solutions
JOB00259,databases_general,Databases,Technical Solutions
JOB00259,html_css,Web & Frameworks,Technical Solutions
JOB00259,project_management,Business & Soft Skills,Technical Solutions
JOB00259,sales,Business & Soft Skills,Technical Solutions
JOB00259,marketing,Business & Soft Skills,Technical Solutions
JOB00259,consulting,Business & Soft Skills,Technical Solutions
JOB00259,bachelors_degree,Education & Certifications,Technical Solutions
JOB00259,masters_degree,Education & Certifications,Technical Solutions
JOB00259,computer_science_degree,Education & Certifications,Technical Solutions
JOB00260,project_management,Business & Soft Skills,Program Management
JOB00260,stakeholder_management,Business & Soft Skills,Program Management
JOB00260,cross_functional_collaboration,Business & Soft Skills,Program Management
JOB00260,problem_solving,Business & Soft Skills,Program Management
JOB00260,analytical_skills,Business & Soft Skills,Program Management
JOB00260,strategic_planning,Business & Soft Skills,Program Management
JOB00261,sql,Programming Languages,Technical Solutions
JOB00261,data_analysis,Data & Machine Learning,Technical Solutions
JOB00261,big_data,Data & Machine Learning,Technical Solutions
JOB00261,databases_general,Databases,Technical Solutions
JOB00261,data_warehousing,Databases,Technical Solutions
JOB00261,project_management,Business & Soft Skills,Technical Solutions
JOB00261,stakeholder_management,Business & Soft Skills,Technical Solutions
JOB00261,cross_functional_collaboration,Business & Soft Skills,Technical Solutions
JOB00261,team_management,Business & Soft Skills,Technical Solutions
JOB00261,marketing,Business & Soft Skills,Technical Solutions
JOB00262,python,Programming Languages,Network Engineering
JOB00262,go,Programming Languages,Network Engineering
JOB00262,scala,Programming Languages,Network Engineering
JOB00262,networking,Cloud & Infrastructure,Network Engineering
JOB00262,security_general,Security,Network Engineering
JOB00262,bachelors_degree,Education & Certifications,Network Engineering
JOB00263,project_management,Business & Soft Skills,Program Management
JOB00263,program_management,Business & Soft Skills,Program Management
JOB00263,stakeholder_management,Business & Soft Skills,Program Management
JOB00263,analytical_skills,Business & Soft Skills,Program Management
JOB00263,agile_scrum,Business & Soft Skills,Program Management
JOB00263,budget_management,Business & Soft Skills,Program Management
JOB00263,bachelors_degree,Education & Certifications,Program Management
JOB00263,computer_science_degree,Education & Certifications,Program Management
JOB00264,go,Programming Languages,Program Management
JOB00264,google_cloud,Cloud & Infrastructure,Program Management
JOB00264,aws,Cloud & Infrastructure,Program Management
JOB00264,azure,Cloud & Infrastructure,Program Management
JOB00264,stakeholder_management,Business & Soft Skills,Program Management
JOB00264,cross_functional_collaboration,Business & Soft Skills,Program Management
JOB00264,consulting,Business & Soft Skills,Program Management
JOB00264,bachelors_degree,Education & Certifications,Program Management
JOB00265,python,Programming Languages,Software Engineering
JOB00265,c++,Programming Languages,Software Engineering
JOB00265,c_lang,Programming Languages,Software Engineering
JOB00265,algorithms,Data & Machine Learning,Software Engineering
JOB00265,hardware_engineering,Hardware & Manufacturing,Software Engineering
JOB00265,phd,Education & Certifications,Software Engineering
JOB00266,javascript,Programming Languages,Technical Solutions
JOB00266,html_css,Web & Frameworks,Technical Solutions
JOB00266,project_management,Business & Soft Skills,Technical Solutions
JOB00266,stakeholder_management,Business & Soft Skills,Technical Solutions
JOB00266,sales,Business & Soft Skills,Technical Solutions
JOB00266,marketing,Business & Soft Skills,Technical Solutions
JOB00266,bachelors_degree,Education & Certifications,Technical Solutions
JOB00267,python,Programming Languages,Technical Solutions
JOB00267,java,Programming Languages,Technical Solutions
JOB00267,javascript,Programming Languages,Technical Solutions
JOB00267,go,Programming Languages,Technical Solutions
JOB00267,php,Programming Languages,Technical Solutions
JOB00267,google_cloud,Cloud & Infrastructure,Technical Solutions
JOB00267,cloud_computing,Cloud & Infrastructure,Technical Solutions
JOB00267,android,Web & Frameworks,Technical Solutions
JOB00267,ios,Web & Frameworks,Technical Solutions
JOB00267,mobile_development,Web & Frameworks,Technical Solutions
JOB00267,security_general,Security,Technical Solutions
JOB00267,encryption,Security,Technical Solutions
JOB00267,customer_service,Business & Soft Skills,Technical Solutions
JOB00267,sales,Business & Soft Skills,Technical Solutions
JOB00267,bachelors_degree,Education & Certifications,Technical Solutions
JOB00267,computer_science_degree,Education & Certifications,Technical Solutions
JOB00268,python,Programming Languages,Software Engineering
JOB00268,java,Programming Languages,Software Engineering
JOB00268,javascript,Programming Languages,Software Engineering
JOB00268,scala,Programming Languages,Software Engineering
JOB00268,data_visualization,Data & Machine Learning,Software Engineering
JOB00268,html_css,Web & Frameworks,Software Engineering
JOB00268,angular,Web & Frameworks,Software Engineering
JOB00268,agile_scrum,Business & Soft Skills,Software Engineering
JOB00268,bachelors_degree,Education & Certifications,Software Engineering
JOB00268,computer_science_degree,Education & Certifications,Software Engineering
JOB00269,python,Programming Languages,Software Engineering
JOB00269,c++,Programming Languages,Software Engineering
JOB00269,c_lang,Programming Languages,Software Engineering
JOB00269,shell_scripting,Programming Languages,Software Engineering
JOB00269,algorithms,Data & Machine Learning,Software Engineering
JOB00269,hardware_engineering,Hardware & Manufacturing,Software Engineering
JOB00269,electrical_engineering,Hardware & Manufacturing,Software Engineering
JOB00269,bachelors_degree,Education & Certifications,Software Engineering
JOB00269,phd,Education & Certifications,Software Engineering
JOB00269,computer_science_degree,Education & Certifications,Software Engineering
JOB00270,python,Programming Languages,Technical Solutions
JOB00270,java,Programming Languages,Technical Solutions
JOB00270,javascript,Programming Languages,Technical Solutions
JOB00270,c++,Programming Languages,Technical Solutions
JOB00270,c_lang,Programming Languages,Technical Solutions
JOB00270,go,Programming Languages,Technical Solutions
JOB00270,sql,Programming Languages,Technical Solutions
JOB00270,scala,Programming Languages,Technical Solutions
JOB00270,php,Programming Languages,Technical Solutions
JOB00270,mysql,Databases,Technical Solutions
JOB00270,security_general,Security,Technical Solutions
JOB00270,privacy,Security,Technical Solutions
JOB00270,project_management,Business & Soft Skills,Technical Solutions
JOB00270,cross_functional_collaboration,Business & Soft Skills,Technical Solutions
JOB00270,problem_solving,Business & Soft Skills,Technical Solutions
JOB00270,analytical_skills,Business & Soft Skills,Technical Solutions
JOB00270,sales,Business & Soft Skills,Technical Solutions
JOB00270,consulting,Business & Soft Skills,Technical Solutions
JOB00270,bachelors_degree,Education & Certifications,Technical Solutions
JOB00270,computer_science_degree,Education & Certifications,Technical Solutions
JOB00271,python,Programming Languages,Hardware Engineering
JOB00271,c++,Programming Languages,Hardware Engineering
JOB00271,c_lang,Programming Languages,Hardware Engineering
JOB00271,matlab,Programming Languages,Hardware Engineering
JOB00271,linux,Cloud & Infrastructure,Hardware Engineering
JOB00271,compliance,Security,Hardware Engineering
JOB00271,hardware_engineering,Hardware & Manufacturing,Hardware Engineering
JOB00271,electrical_engineering,Hardware & Manufacturing,Hardware Engineering
JOB00272,communication_skills,Business & Soft Skills,Marketing & Communications
JOB00272,leadership,Business & Soft Skills,Marketing & Communications
JOB00272,bachelors_degree,Education & Certifications,Marketing & Communications
JOB00273,cross_functional_collaboration,Business & Soft Skills,Manufacturing & Supply Chain
JOB00273,negotiation,Business & Soft Skills,Manufacturing & Supply Chain
JOB00273,strategic_planning,Business & Soft Skills,Manufacturing & Supply Chain
JOB00273,hardware_engineering,Hardware & Manufacturing,Manufacturing & Supply Chain
JOB00273,supply_chain,Hardware & Manufacturing,Manufacturing & Supply Chain
JOB00273,manufacturing,Hardware & Manufacturing,Manufacturing & Supply Chain
JOB00273,bachelors_degree,Education & Certifications,Manufacturing & Supply Chain
JOB00273,masters_degree,Education & Certifications,Manufacturing & Supply Chain
JOB00274,google_cloud,Cloud & Infrastructure,Program Management
JOB00274,product_management,Business & Soft Skills,Program Management
JOB00274,stakeholder_management,Business & Soft Skills,Program Management
JOB00274,marketing,Business & Soft Skills,Program Management
JOB00274,masters_degree,Education & Certifications,Program Management
JOB00274,computer_science_degree,Education & Certifications,Program Management
JOB00275,risk_management,Security,Manufacturing & Supply Chain
JOB00275,stakeholder_management,Business & Soft Skills,Manufacturing & Supply Chain
JOB00275,communication_skills,Business & Soft Skills,Manufacturing & Supply Chain
JOB00275,cross_functional_collaboration,Business & Soft Skills,Manufacturing & Supply Chain
JOB00275,hardware_engineering,Hardware & Manufacturing,Manufacturing & Supply Chain
JOB00275,supply_chain,Hardware & Manufacturing,Manufacturing & Supply Chain
JOB00275,manufacturing,Hardware & Manufacturing,Manufacturing & Supply Chain
JOB00275,bachelors_degree,Education & Certifications,Manufacturing & Supply Chain
JOB00275,masters_degree,Education & Certifications,Manufacturing & Supply Chain
JOB00276,python,Programming Languages,Technical Solutions
JOB00276,go,Programming Languages,Technical Solutions
JOB00276,networking,Cloud & Infrastructure,Technical Solutions
JOB00276,security_general,Security,Technical Solutions
JOB00276,stakeholder_management,Business & Soft Skills,Technical Solutions
JOB00276,presentation_skills,Business & Soft Skills,Technical Solutions
JOB00276,bachelors_degree,Education & Certifications,Technical Solutions
JOB00276,computer_science_degree,Education & Certifications,Technical Solutions
JOB00277,python,Programming Languages,Program Management
JOB00277,r_lang,Programming Languages,Program Management
JOB00277,machine_learning,Data & Machine Learning,Program Management
JOB00277,data_science,Data & Machine Learning,Program Management
JOB00277,data_analysis,Data & Machine Learning,Program Management
JOB00277,statistics,Data & Machine Learning,Program Management
JOB00277,algorithms,Data & Machine Learning,Program Management
JOB00277,google_cloud,Cloud & Infrastructure,Program Management
JOB00277,databases_general,Databases,Program Management
JOB00277,stakeholder_management,Business & Soft Skills,Program Management
JOB00277,communication_skills,Business & Soft Skills,Program Management
JOB00277,cross_functional_collaboration,Business & Soft Skills,Program Management
JOB00277,customer_service,Business & Soft Skills,Program Management
JOB00277,masters_degree,Education & Certifications,Program Management
JOB00277,phd,Education & Certifications,Program Management
JOB00277,computer_science_degree,Education & Certifications,Program Management
JOB00278,python,Programming Languages,Technical Solutions
JOB00278,java,Programming Languages,Technical Solutions
JOB00278,javascript,Programming Languages,Technical Solutions
JOB00278,c++,Programming Languages,Technical Solutions
JOB00278,c_lang,Programming Languages,Technical Solutions
JOB00278,go,Programming Languages,Technical Solutions
JOB00278,machine_learning,Data & Machine Learning,Technical Solutions
JOB00278,tensorflow,Data & Machine Learning,Technical Solutions
JOB00278,big_data,Data & Machine Learning,Technical Solutions
JOB00278,data_mining,Data & Machine Learning,Technical Solutions
JOB00278,algorithms,Data & Machine Learning,Technical Solutions
JOB00278,google_cloud,Cloud & Infrastructure,Technical Solutions
JOB00278,mongodb,Databases,Technical Solutions
JOB00278,nosql,Databases,Technical Solutions
JOB00278,data_warehousing,Databases,Technical Solutions
JOB00278,stakeholder_management,Business & Soft Skills,Technical Solutions
JOB00278,cross_functional_collaboration,Business & Soft Skills,Technical Solutions
JOB00278,strategic_planning,Business & Soft Skills,Technical Solutions
JOB00278,consulting,Business & Soft Skills,Technical Solutions
JOB00278,computer_science_degree,Education & Certifications,Technical Solutions
JOB00279,python,Programming Languages,Technical Solutions
JOB00279,java,Programming Languages,Technical Solutions
JOB00279,javascript,Programming Languages,Technical Solutions
JOB00279,c++,Programming Languages,Technical Solutions
JOB00279,c_lang,Programming Languages,Technical Solutions
JOB00279,go,Programming Languages,Technical Solutions
JOB00279,google_cloud,Cloud & Infrastructure,Technical Solutions
JOB00279,cloud_computing,Cloud & Infrastructure,Technical Solutions
JOB00279,networking,Cloud & Infrastructure,Technical Solutions
JOB00279,databases_general,Databases,Technical Solutions
JOB00279,security_general,Security,Technical Solutions
JOB00279,leadership,Business & Soft Skills,Technical Solutions
JOB00279,sales,Business & Soft Skills,Technical Solutions
JOB00279,marketing,Business & Soft Skills,Technical Solutions
JOB00279,bachelors_degree,Education & Certifications,Technical Solutions
JOB00279,computer_science_degree,Education & Certifications,Technical Solutions
JOB00280,python,Programming Languages,Hardware Engineering
JOB00280,compliance,Security,Hardware Engineering
JOB00280,communication_skills,Business & Soft Skills,Hardware Engineering
JOB00280,cross_functional_collaboration,Business & Soft Skills,Hardware Engineering
JOB00280,hardware_engineering,Hardware & Manufacturing,Hardware Engineering
JOB00280,manufacturing,Hardware & Manufacturing,Hardware Engineering
JOB00280,electrical_engineering,Hardware & Manufacturing,Hardware Engineering
JOB00280,circuit_design,Hardware & Manufacturing,Hardware Engineering
JOB00280,bachelors_degree,Education & Certifications,Hardware Engineering
JOB00281,python,Programming Languages,Software Engineering
JOB00281,java,Programming Languages,Software Engineering
JOB00281,c++,Programming Languages,Software Engineering
JOB00281,c_lang,Programming Languages,Software Engineering
JOB00281,machine_learning,Data & Machine Learning,Software Engineering
JOB00281,distributed_systems,Cloud & Infrastructure,Software Engineering
JOB00281,linux,Cloud & Infrastructure,Software Engineering
JOB00281,networking,Cloud & Infrastructure,Software Engineering
JOB00281,bachelors_degree,Education & Certifications,Software Engineering
JOB00281,phd,Education & Certifications,Software Engineering
JOB00281,computer_science_degree,Education & Certifications,Software Engineering
JOB00282,hardware_engineering,Hardware & Manufacturing,Hardware Engineering
JOB00282,electrical_engineering,Hardware & Manufacturing,Hardware Engineering
JOB00282,bachelors_degree,Education & Certifications,Hardware Engineering
JOB00282,phd,Education & Certifications,Hardware Engineering
JOB00283,c++,Programming Languages,Software Engineering
JOB00283,c_lang,Programming Languages,Software Engineering
JOB00283,algorithms,Data & Machine Learning,Software Engineering
JOB00283,problem_solving,Business & Soft Skills,Software Engineering
JOB00283,hardware_engineering,Hardware & Manufacturing,Software Engineering
JOB00284,strategic_planning,Business & Soft Skills,Technical Solutions
JOB00284,customer_service,Business & Soft Skills,Technical Solutions
JOB00284,sales,Business & Soft Skills,Technical Solutions
JOB00284,marketing,Business & Soft Skills,Technical Solutions
JOB00284,consulting,Business & Soft Skills,Technical Solutions
JOB00285,python,Programming Languages,Network Engineering
JOB00285,java,Programming Languages,Network Engineering
JOB00285,c++,Programming Languages,Network Engineering
JOB00285,c_lang,Programming Languages,Network Engineering
JOB00285,linux,Cloud & Infrastructure,Network Engineering
JOB00285,networking,Cloud & Infrastructure,Network Engineering
JOB00285,rest_api,Web & Frameworks,Network Engineering
JOB00285,android,Web & Frameworks,Network Engineering
JOB00285,project_management,Business & Soft Skills,Network Engineering
JOB00285,problem_solving,Business & Soft Skills,Network Engineering
JOB00285,analytical_skills,Business & Soft Skills,Network Engineering
JOB00285,bachelors_degree,Education & Certifications,Network Engineering
JOB00287,python,Programming Languages,Technical Solutions
JOB00287,java,Programming Languages,Technical Solutions
JOB00287,javascript,Programming Languages,Technical Solutions
JOB00287,c#,Programming Languages,Technical Solutions
JOB00287,c_lang,Programming Languages,Technical Solutions
JOB00287,ruby,Programming Languages,Technical Solutions
JOB00287,google_cloud,Cloud & Infrastructure,Technical Solutions
JOB00287,distributed_systems,Cloud & Infrastructure,Technical Solutions
JOB00287,networking,Cloud & Infrastructure,Technical Solutions
JOB00287,virtualization,Cloud & Infrastructure,Technical Solutions
JOB00287,rest_api,Web & Frameworks,Technical Solutions
JOB00287,security_general,Security,Technical Solutions
JOB00287,stakeholder_management,Business & Soft Skills,Technical Solutions
JOB00287,communication_skills,Business & Soft Skills,Technical Solutions
JOB00287,leadership,Business & Soft Skills,Technical Solutions
JOB00287,sales,Business & Soft Skills,Technical Solutions
JOB00287,bachelors_degree,Education & Certifications,Technical Solutions
JOB00288,communication_skills,Business & Soft Skills,Hardware Engineering
JOB00288,cross_functional_collaboration,Business & Soft Skills,Hardware Engineering
JOB00288,team_management,Business & Soft Skills,Hardware Engineering
JOB00288,mechanical_engineering,Hardware & Manufacturing,Hardware Engineering
JOB00288,bachelors_degree,Education & Certifications,Hardware Engineering
JOB00288,phd,Education & Certifications,Hardware Engineering
JOB00289,mobile_development,Web & Frameworks,Program Management
JOB00289,product_management,Business & Soft Skills,Program Management
JOB00289,stakeholder_management,Business & Soft Skills,Program Management
JOB00289,leadership,Business & Soft Skills,Program Management
JOB00289,strategic_planning,Business & Soft Skills,Program Management
JOB00289,sales,Business & Soft Skills,Program Management
JOB00289,consulting,Business & Soft Skills,Program Management
JOB00289,bachelors_degree,Education & Certifications,Program Management
JOB00290,python,Programming Languages,Technical Solutions
JOB00290,java,Programming Languages,Technical Solutions
JOB00290,javascript,Programming Languages,Technical Solutions
JOB00290,sql,Programming Languages,Technical Solutions
JOB00290,scala,Programming Languages,Technical Solutions
JOB00290,data_analysis,Data & Machine Learning,Technical Solutions
JOB00290,html_css,Web & Frameworks,Technical Solutions
JOB00290,project_management,Business & Soft Skills,Technical Solutions
JOB00290,product_management,Business & Soft Skills,Technical Solutions
JOB00290,stakeholder_management,Business & Soft Skills,Technical Solutions
JOB00290,presentation_skills,Business & Soft Skills,Technical Solutions
JOB00290,bachelors_degree,Education & Certifications,Technical Solutions
JOB00290,computer_science_degree,Education & Certifications,Technical Solutions
JOB00291,python,Programming Languages,Technical Solutions
JOB00291,java,Programming Languages,Technical Solutions
JOB00291,javascript,Programming Languages,Technical Solutions
JOB00291,c#,Programming Languages,Technical Solutions
JOB00291,c_lang,Programming Languages,Technical Solutions
JOB00291,ruby,Programming Languages,Technical Solutions
JOB00291,google_cloud,Cloud & Infrastructure,Technical Solutions
JOB00291,distributed_systems,Cloud & Infrastructure,Technical Solutions
JOB00291,networking,Cloud & Infrastructure,Technical Solutions
JOB00291,virtualization,Cloud & Infrastructure,Technical Solutions
JOB00291,rest_api,Web & Frameworks,Technical Solutions
JOB00291,security_general,Security,Technical Solutions
JOB00291,stakeholder_management,Business & Soft Skills,Technical Solutions
JOB00291,communication_skills,Business & Soft Skills,Technical Solutions
JOB00291,leadership,Business & Soft Skills,Technical Solutions
JOB00291,sales,Business & Soft Skills,Technical Solutions
JOB00291,bachelors_degree,Education & Certifications,Technical Solutions
JOB00292,algorithms,Data & Machine Learning,Hardware Engineering
JOB00292,strategic_planning,Business & Soft Skills,Hardware Engineering
JOB00292,hardware_engineering,Hardware & Manufacturing,Hardware Engineering
JOB00292,electrical_engineering,Hardware & Manufacturing,Hardware Engineering
JOB00292,phd,Education & Certifications,Hardware Engineering
JOB00293,google_cloud,Cloud & Infrastructure,Program Management
JOB00293,product_management,Business & Soft Skills,Program Management
JOB00293,stakeholder_management,Business & Soft Skills,Program Management
JOB00293,marketing,Business & Soft Skills,Program Management
JOB00293,masters_degree,Education & Certifications,Program Management
JOB00293,computer_science_degree,Education & Certifications,Program Management
JOB00294,project_management,Business & Soft Skills,Manufacturing & Supply Chain
JOB00294,product_management,Business & Soft Skills,Manufacturing & Supply Chain
JOB00294,stakeholder_management,Business & Soft Skills,Manufacturing & Supply Chain
JOB00294,leadership,Business & Soft Skills,Manufacturing & Supply Chain
JOB00294,analytical_skills,Business & Soft Skills,Manufacturing & Supply Chain
JOB00294,budget_management,Business & Soft Skills,Manufacturing & Supply Chain
JOB00294,sales,Business & Soft Skills,Manufacturing & Supply Chain
JOB00294,hardware_engineering,Hardware & Manufacturing,Manufacturing & Supply Chain
JOB00294,supply_chain,Hardware & Manufacturing,Manufacturing & Supply Chain
JOB00295,google_cloud,Cloud & Infrastructure,Program Management
JOB00295,stakeholder_management,Business & Soft Skills,Program Management
JOB00295,bachelors_degree,Education & Certifications,Program Management
JOB00295,masters_degree,Education & Certifications,Program Management
JOB00295,computer_science_degree,Education & Certifications,Program Management
JOB00296,r_lang,Programming Languages,Manufacturing & Supply Chain
JOB00296,statistics,Data & Machine Learning,Manufacturing & Supply Chain
JOB00296,manufacturing,Hardware & Manufacturing,Manufacturing & Supply Chain
JOB00296,quality_assurance,Hardware & Manufacturing,Manufacturing & Supply Chain
JOB00297,scala,Programming Languages,Program Management
JOB00297,google_cloud,Cloud & Infrastructure,Program Management
JOB00297,program_management,Business & Soft Skills,Program Management
JOB00297,communication_skills,Business & Soft Skills,Program Management
JOB00297,sales,Business & Soft Skills,Program Management
JOB00297,masters_degree,Education & Certifications,Program Management
JOB00297,computer_science_degree,Education & Certifications,Program Management
JOB00298,mobile_development,Web & Frameworks,Technical Solutions
JOB00298,cross_functional_collaboration,Business & Soft Skills,Technical Solutions
JOB00298,sales,Business & Soft Skills,Technical Solutions
JOB00298,marketing,Business & Soft Skills,Technical Solutions
JOB00298,bachelors_degree,Education & Certifications,Technical Solutions
JOB00298,computer_science_degree,Education & Certifications,Technical Solutions
JOB00299,machine_learning,Data & Machine Learning,Technical Solutions
JOB00299,big_data,Data & Machine Learning,Technical Solutions
JOB00299,algorithms,Data & Machine Learning,Technical Solutions
JOB00299,google_cloud,Cloud & Infrastructure,Technical Solutions
JOB00299,cloud_computing,Cloud & Infrastructure,Technical Solutions
JOB00299,sales,Business & Soft Skills,Technical Solutions
JOB00299,bachelors_degree,Education & Certifications,Technical Solutions
JOB00299,computer_science_degree,Education & Certifications,Technical Solutions
JOB00300,scala,Programming Languages,Product & Customer Support
JOB00300,stakeholder_management,Business & Soft Skills,Product & Customer Support
JOB00300,problem_solving,Business & Soft Skills,Product & Customer Support
JOB00300,presentation_skills,Business & Soft Skills,Product & Customer Support
JOB00300,sales,Business & Soft Skills,Product & Customer Support
JOB00301,android,Web & Frameworks,Partnerships
JOB00302,google_cloud,Cloud & Infrastructure,Sales & Account Management
JOB00302,stakeholder_management,Business & Soft Skills,Sales & Account Management
JOB00302,cross_functional_collaboration,Business & Soft Skills,Sales & Account Management
JOB00302,sales,Business & Soft Skills,Sales & Account Management
JOB00302,consulting,Business & Soft Skills,Sales & Account Management
JOB00302,bachelors_degree,Education & Certifications,Sales & Account Management
JOB00302,masters_degree,Education & Certifications,Sales & Account Management
JOB00303,c_lang,Programming Languages,Sales & Account Management
JOB00303,strategic_planning,Business & Soft Skills,Sales & Account Management
JOB00303,sales,Business & Soft Skills,Sales & Account Management
JOB00303,marketing,Business & Soft Skills,Sales & Account Management
JOB00303,bachelors_degree,Education & Certifications,Sales & Account Management
JOB00304,data_analysis,Data & Machine Learning,Sales & Account Management
JOB00304,project_management,Business & Soft Skills,Sales & Account Management
JOB00304,stakeholder_management,Business & Soft Skills,Sales & Account Management
JOB00304,strategic_planning,Business & Soft Skills,Sales & Account Management
JOB00304,sales,Business & Soft Skills,Sales & Account Management
JOB00304,marketing,Business & Soft Skills,Sales & Account Management
JOB00304,bachelors_degree,Education & Certifications,Sales & Account Management
JOB00305,project_management,Business & Soft Skills,Partnerships
JOB00305,communication_skills,Business & Soft Skills,Partnerships
JOB00305,cross_functional_collaboration,Business & Soft Skills,Partnerships
JOB00305,sales,Business & Soft Skills,Partnerships
JOB00305,hardware_engineering,Hardware & Manufacturing,Partnerships
JOB00305,bachelors_degree,Education & Certifications,Partnerships
JOB00306,c_lang,Programming Languages,Sales & Account Management
JOB00306,stakeholder_management,Business & Soft Skills,Sales & Account Management
JOB00306,communication_skills,Business & Soft Skills,Sales & Account Management
JOB00306,leadership,Business & Soft Skills,Sales & Account Management
JOB00306,strategic_planning,Business & Soft Skills,Sales & Account Management
JOB00306,sales,Business & Soft Skills,Sales & Account Management
JOB00306,bachelors_degree,Education & Certifications,Sales & Account Management
JOB00307,c_lang,Programming Languages,Sales & Account Management
JOB00307,project_management,Business & Soft Skills,Sales & Account Management
JOB00307,cross_functional_collaboration,Business & Soft Skills,Sales & Account Management
JOB00307,strategic_planning,Business & Soft Skills,Sales & Account Management
JOB00307,sales,Business & Soft Skills,Sales & Account Management
JOB00307,marketing,Business & Soft Skills,Sales & Account Management
JOB00307,bachelors_degree,Education & Certifications,Sales & Account Management
JOB00308,scala,Programming Languages,Sales & Account Management
JOB00308,project_management,Business & Soft Skills,Sales & Account Management
JOB00308,analytical_skills,Business & Soft Skills,Sales & Account Management
JOB00308,sales,Business & Soft Skills,Sales & Account Management
JOB00308,marketing,Business & Soft Skills,Sales & Account Management
JOB00308,consulting,Business & Soft Skills,Sales & Account Management
JOB00308,bachelors_degree,Education & Certifications,Sales & Account Management
JOB00309,sales,Business & Soft Skills,Sales & Account Management
JOB00309,marketing,Business & Soft Skills,Sales & Account Management
JOB00309,bachelors_degree,Education & Certifications,Sales & Account Management
JOB00310,c_lang,Programming Languages,Sales & Account Management
JOB00310,big_data,Data & Machine Learning,Sales & Account Management
JOB00310,google_cloud,Cloud & Infrastructure,Sales & Account Management
JOB00310,sales,Business & Soft Skills,Sales & Account Management
JOB00310,marketing,Business & Soft Skills,Sales & Account Management
JOB00310,bachelors_degree,Education & Certifications,Sales & Account Management
JOB00311,sales,Business & Soft Skills,Sales & Account Management
JOB00311,marketing,Business & Soft Skills,Sales & Account Management
JOB00311,consulting,Business & Soft Skills,Sales & Account Management
JOB00311,bachelors_degree,Education & Certifications,Sales & Account Management
JOB00312,google_cloud,Cloud & Infrastructure,Sales & Account Management
JOB00312,cross_functional_collaboration,Business & Soft Skills,Sales & Account Management
JOB00312,presentation_skills,Business & Soft Skills,Sales & Account Management
JOB00312,strategic_planning,Business & Soft Skills,Sales & Account Management
JOB00312,sales,Business & Soft Skills,Sales & Account Management
JOB00312,bachelors_degree,Education & Certifications,Sales & Account Management
JOB00312,computer_science_degree,Education & Certifications,Sales & Account Management
JOB00313,sales,Business & Soft Skills,Sales & Account Management
JOB00313,bachelors_degree,Education & Certifications,Sales & Account Management
JOB00314,python,Programming Languages,Sales Operations
JOB00314,java,Programming Languages,Sales Operations
JOB00314,javascript,Programming Languages,Sales Operations
JOB00314,php,Programming Languages,Sales Operations
JOB00314,big_data,Data & Machine Learning,Sales Operations
JOB00314,google_cloud,Cloud & Infrastructure,Sales Operations
JOB00314,cloud_computing,Cloud & Infrastructure,Sales Operations
JOB00314,linux,Cloud & Infrastructure,Sales Operations
JOB00314,networking,Cloud & Infrastructure,Sales Operations
JOB00314,html_css,Web & Frameworks,Sales Operations
JOB00314,strategic_planning,Business & Soft Skills,Sales Operations
JOB00314,sales,Business & Soft Skills,Sales Operations
JOB00314,bachelors_degree,Education & Certifications,Sales Operations
JOB00314,computer_science_degree,Education & Certifications,Sales Operations
JOB00315,go,Programming Languages,Partnerships
JOB00315,scala,Programming Languages,Partnerships
JOB00315,google_cloud,Cloud & Infrastructure,Partnerships
JOB00315,product_management,Business & Soft Skills,Partnerships
JOB00315,stakeholder_management,Business & Soft Skills,Partnerships
JOB00315,communication_skills,Business & Soft Skills,Partnerships
JOB00315,leadership,Business & Soft Skills,Partnerships
JOB00315,cross_functional_collaboration,Business & Soft Skills,Partnerships
JOB00315,agile_scrum,Business & Soft Skills,Partnerships
JOB00315,strategic_planning,Business & Soft Skills,Partnerships
JOB00315,sales,Business & Soft Skills,Partnerships
JOB00315,marketing,Business & Soft Skills,Partnerships
JOB00315,bachelors_degree,Education & Certifications,Partnerships
JOB00315,masters_degree,Education & Certifications,Partnerships
JOB00316,go,Programming Languages,Partnerships
JOB00316,stakeholder_management,Business & Soft Skills,Partnerships
JOB00316,cross_functional_collaboration,Business & Soft Skills,Partnerships
JOB00316,presentation_skills,Business & Soft Skills,Partnerships
JOB00316,strategic_planning,Business & Soft Skills,Partnerships
JOB00316,sales,Business & Soft Skills,Partnerships
JOB00316,marketing,Business & Soft Skills,Partnerships
JOB00317,google_cloud,Cloud & Infrastructure,Sales & Account Management
JOB00317,cloud_computing,Cloud & Infrastructure,Sales & Account Management
JOB00317,project_management,Business & Soft Skills,Sales & Account Management
JOB00317,stakeholder_management,Business & Soft Skills,Sales & Account Management
JOB00317,cross_functional_collaboration,Business & Soft Skills,Sales & Account Management
JOB00317,analytical_skills,Business & Soft Skills,Sales & Account Management
JOB00317,presentation_skills,Business & Soft Skills,Sales & Account Management
JOB00317,strategic_planning,Business & Soft Skills,Sales & Account Management
JOB00317,customer_service,Business & Soft Skills,Sales & Account Management
JOB00317,sales,Business & Soft Skills,Sales & Account Management
JOB00317,marketing,Business & Soft Skills,Sales & Account Management
JOB00317,consulting,Business & Soft Skills,Sales & Account Management
JOB00317,bachelors_degree,Education & Certifications,Sales & Account Management
JOB00318,strategic_planning,Business & Soft Skills,Product & Customer Support
JOB00318,customer_service,Business & Soft Skills,Product & Customer Support
JOB00318,sales,Business & Soft Skills,Product & Customer Support
JOB00318,marketing,Business & Soft Skills,Product & Customer Support
JOB00318,consulting,Business & Soft Skills,Product & Customer Support
JOB00318,bachelors_degree,Education & Certifications,Product & Customer Support
JOB00319,project_management,Business & Soft Skills,Partnerships
JOB00319,leadership,Business & Soft Skills,Partnerships
JOB00319,cross_functional_collaboration,Business & Soft Skills,Partnerships
JOB00319,presentation_skills,Business & Soft Skills,Partnerships
JOB00319,bachelors_degree,Education & Certifications,Partnerships
JOB00319,masters_degree,Education & Certifications,Partnerships
JOB00320,project_management,Business & Soft Skills,Product & Customer Support
JOB00320,cross_functional_collaboration,Business & Soft Skills,Product & Customer Support
JOB00320,quality_assurance,Hardware & Manufacturing,Product & Customer Support
JOB00320,bachelors_degree,Education & Certifications,Product & Customer Support
JOB00321,stakeholder_management,Business & Soft Skills,Sales & Account Management
JOB00321,cross_functional_collaboration,Business & Soft Skills,Sales & Account Management
JOB00321,strategic_planning,Business & Soft Skills,Sales & Account Management
JOB00321,sales,Business & Soft Skills,Sales & Account Management
JOB00321,marketing,Business & Soft Skills,Sales & Account Management
JOB00321,consulting,Business & Soft Skills,Sales & Account Management
JOB00321,bachelors_degree,Education & Certifications,Sales & Account Management
JOB00322,c_lang,Programming Languages,Sales & Account Management
JOB00322,go,Programming Languages,Sales & Account Management
JOB00322,stakeholder_management,Business & Soft Skills,Sales & Account Management
JOB00322,communication_skills,Business & Soft Skills,Sales & Account Management
JOB00322,sales,Business & Soft Skills,Sales & Account Management
JOB00322,bachelors_degree,Education & Certifications,Sales & Account Management
JOB00323,python,Programming Languages,Product & Customer Support
JOB00323,javascript,Programming Languages,Product & Customer Support
JOB00323,sql,Programming Languages,Product & Customer Support
JOB00323,data_analysis,Data & Machine Learning,Product & Customer Support
JOB00323,statistics,Data & Machine Learning,Product & Customer Support
JOB00323,communication_skills,Business & Soft Skills,Product & Customer Support
JOB00323,cross_functional_collaboration,Business & Soft Skills,Product & Customer Support
JOB00323,analytical_skills,Business & Soft Skills,Product & Customer Support
JOB00323,sales,Business & Soft Skills,Product & Customer Support
JOB00323,bachelors_degree,Education & Certifications,Product & Customer Support
JOB00323,computer_science_degree,Education & Certifications,Product & Customer Support
JOB00324,google_cloud,Cloud & Infrastructure,Sales & Account Management
JOB00324,cloud_computing,Cloud & Infrastructure,Sales & Account Management
JOB00324,project_management,Business & Soft Skills,Sales & Account Management
JOB00324,cross_functional_collaboration,Business & Soft Skills,Sales & Account Management
JOB00324,sales,Business & Soft Skills,Sales & Account Management
JOB00324,bachelors_degree,Education & Certifications,Sales & Account Management
JOB00324,computer_science_degree,Education & Certifications,Sales & Account Management
JOB00325,sql,Programming Languages,Sales & Account Management
JOB00325,statistics,Data & Machine Learning,Sales & Account Management
JOB00325,big_data,Data & Machine Learning,Sales & Account Management
JOB00325,databases_general,Databases,Sales & Account Management
JOB00325,project_management,Business & Soft Skills,Sales & Account Management
JOB00325,leadership,Business & Soft Skills,Sales & Account Management
JOB00325,cross_functional_collaboration,Business & Soft Skills,Sales & Account Management
JOB00325,problem_solving,Business & Soft Skills,Sales & Account Management
JOB00325,sales,Business & Soft Skills,Sales & Account Management
JOB00325,marketing,Business & Soft Skills,Sales & Account Management
JOB00325,consulting,Business & Soft Skills,Sales & Account Management
JOB00325,bachelors_degree,Education & Certifications,Sales & Account Management
JOB00325,computer_science_degree,Education & Certifications,Sales & Account Management
JOB00326,scala,Programming Languages,Sales & Account Management
JOB00326,android,Web & Frameworks,Sales & Account Management
JOB00326,ios,Web & Frameworks,Sales & Account Management
JOB00326,mobile_development,Web & Frameworks,Sales & Account Management
JOB00326,product_management,Business & Soft Skills,Sales & Account Management
JOB00326,problem_solving,Business & Soft Skills,Sales & Account Management
JOB00326,sales,Business & Soft Skills,Sales & Account Management
JOB00326,bachelors_degree,Education & Certifications,Sales & Account Management
JOB00327,google_cloud,Cloud & Infrastructure,Sales Operations
JOB00327,cross_functional_collaboration,Business & Soft Skills,Sales Operations
JOB00327,analytical_skills,Business & Soft Skills,Sales Operations
JOB00327,strategic_planning,Business & Soft Skills,Sales Operations
JOB00327,sales,Business & Soft Skills,Sales Operations
JOB00327,bachelors_degree,Education & Certifications,Sales Operations
JOB00327,computer_science_degree,Education & Certifications,Sales Operations
JOB00328,go,Programming Languages,Partnerships
JOB00328,google_cloud,Cloud & Infrastructure,Partnerships
JOB00328,product_management,Business & Soft Skills,Partnerships
JOB00328,stakeholder_management,Business & Soft Skills,Partnerships
JOB00328,strategic_planning,Business & Soft Skills,Partnerships
JOB00328,sales,Business & Soft Skills,Partnerships
JOB00328,marketing,Business & Soft Skills,Partnerships
JOB00328,bachelors_degree,Education & Certifications,Partnerships
JOB00329,python,Programming Languages,Product & Customer Support
JOB00329,r_lang,Programming Languages,Product & Customer Support
JOB00329,sql,Programming Languages,Product & Customer Support
JOB00329,machine_learning,Data & Machine Learning,Product & Customer Support
JOB00329,data_analysis,Data & Machine Learning,Product & Customer Support
JOB00329,statistics,Data & Machine Learning,Product & Customer Support
JOB00329,big_data,Data & Machine Learning,Product & Customer Support
JOB00329,databases_general,Databases,Product & Customer Support
JOB00329,risk_management,Security,Product & Customer Support
JOB00329,project_management,Business & Soft Skills,Product & Customer Support
JOB00329,stakeholder_management,Business & Soft Skills,Product & Customer Support
JOB00329,cross_functional_collaboration,Business & Soft Skills,Product & Customer Support
JOB00329,problem_solving,Business & Soft Skills,Product & Customer Support
JOB00329,analytical_skills,Business & Soft Skills,Product & Customer Support
JOB00329,sales,Business & Soft Skills,Product & Customer Support
JOB00329,bachelors_degree,Education & Certifications,Product & Customer Support
JOB00330,google_cloud,Cloud & Infrastructure,Sales & Account Management
JOB00330,cloud_computing,Cloud & Infrastructure,Sales & Account Management
JOB00330,stakeholder_management,Business & Soft Skills,Sales & Account Management
JOB00330,presentation_skills,Business & Soft Skills,Sales & Account Management
JOB00330,sales,Business & Soft Skills,Sales & Account Management
JOB00330,bachelors_degree,Education & Certifications,Sales & Account Management
JOB00331,sales,Business & Soft Skills,Sales & Account Management
JOB00331,consulting,Business & Soft Skills,Sales & Account Management
JOB00331,bachelors_degree,Education & Certifications,Sales & Account Management
JOB00332,google_cloud,Cloud & Infrastructure,Sales & Account Management
JOB00332,project_management,Business & Soft Skills,Sales & Account Management
JOB00332,leadership,Business & Soft Skills,Sales & Account Management
JOB00332,team_management,Business & Soft Skills,Sales & Account Management
JOB00332,sales,Business & Soft Skills,Sales & Account Management
JOB00332,bachelors_degree,Education & Certifications,Sales & Account Management
JOB00333,google_cloud,Cloud & Infrastructure,Sales Operations
JOB00333,cross_functional_collaboration,Business & Soft Skills,Sales Operations
JOB00333,analytical_skills,Business & Soft Skills,Sales Operations
JOB00333,strategic_planning,Business & Soft Skills,Sales Operations
JOB00333,sales,Business & Soft Skills,Sales Operations
JOB00333,bachelors_degree,Education & Certifications,Sales Operations
JOB00333,computer_science_degree,Education & Certifications,Sales Operations
JOB00334,stakeholder_management,Business & Soft Skills,Sales & Account Management
JOB00334,cross_functional_collaboration,Business & Soft Skills,Sales & Account Management
JOB00334,presentation_skills,Business & Soft Skills,Sales & Account Management
JOB00334,sales,Business & Soft Skills,Sales & Account Management
JOB00334,marketing,Business & Soft Skills,Sales & Account Management
JOB00335,problem_solving,Business & Soft Skills,Sales & Account Management
JOB00335,sales,Business & Soft Skills,Sales & Account Management
JOB00335,marketing,Business & Soft Skills,Sales & Account Management
JOB00336,mobile_development,Web & Frameworks,Business Strategy
JOB00336,analytical_skills,Business & Soft Skills,Business Strategy
JOB00336,masters_degree,Education & Certifications,Business Strategy
JOB00337,big_data,Data & Machine Learning,Sales Operations
JOB00337,google_cloud,Cloud & Infrastructure,Sales Operations
JOB00337,cloud_computing,Cloud & Infrastructure,Sales Operations
JOB00337,customer_service,Business & Soft Skills,Sales Operations
JOB00337,sales,Business & Soft Skills,Sales Operations
JOB00337,bachelors_degree,Education & Certifications,Sales Operations
JOB00337,computer_science_degree,Education & Certifications,Sales Operations
JOB00338,leadership,Business & Soft Skills,Sales Operations
JOB00338,agile_scrum,Business & Soft Skills,Sales Operations
JOB00338,strategic_planning,Business & Soft Skills,Sales Operations
JOB00338,sales,Business & Soft Skills,Sales Operations
JOB00338,marketing,Business & Soft Skills,Sales Operations
JOB00338,consulting,Business & Soft Skills,Sales Operations
JOB00338,bachelors_degree,Education & Certifications,Sales Operations
JOB00339,strategic_planning,Business & Soft Skills,Product & Customer Support
JOB00339,customer_service,Business & Soft Skills,Product & Customer Support
JOB00339,sales,Business & Soft Skills,Product & Customer Support
JOB00339,marketing,Business & Soft Skills,Product & Customer Support
JOB00339,consulting,Business & Soft Skills,Product & Customer Support
JOB00339,bachelors_degree,Education & Certifications,Product & Customer Support
JOB00340,c_lang,Programming Languages,Sales & Account Management
JOB00340,strategic_planning,Business & Soft Skills,Sales & Account Management
JOB00340,sales,Business & Soft Skills,Sales & Account Management
JOB00340,marketing,Business & Soft Skills,Sales & Account Management
JOB00340,bachelors_degree,Education & Certifications,Sales & Account Management
JOB00341,scala,Programming Languages,Partnerships
JOB00341,google_cloud,Cloud & Infrastructure,Partnerships
JOB00341,databases_general,Databases,Partnerships
JOB00341,product_management,Business & Soft Skills,Partnerships
JOB00341,stakeholder_management,Business & Soft Skills,Partnerships
JOB00341,communication_skills,Business & Soft Skills,Partnerships
JOB00341,cross_functional_collaboration,Business & Soft Skills,Partnerships
JOB00341,agile_scrum,Business & Soft Skills,Partnerships
JOB00341,strategic_planning,Business & Soft Skills,Partnerships
JOB00341,sales,Business & Soft Skills,Partnerships
JOB00341,marketing,Business & Soft Skills,Partnerships
JOB00341,bachelors_degree,Education & Certifications,Partnerships
JOB00341,masters_degree,Education & Certifications,Partnerships
JOB00342,cross_functional_collaboration,Business & Soft Skills,Sales & Account Management
JOB00342,marketing,Business & Soft Skills,Sales & Account Management
JOB00342,bachelors_degree,Education & Certifications,Sales & Account Management
JOB00343,python,Programming Languages,Sales Operations
JOB00343,c++,Programming Languages,Sales Operations
JOB00343,c_lang,Programming Languages,Sales Operations
JOB00343,r_lang,Programming Languages,Sales Operations
JOB00343,sql,Programming Languages,Sales Operations
JOB00343,scala,Programming Languages,Sales Operations
JOB00343,statistics,Data & Machine Learning,Sales Operations
JOB00343,strategic_planning,Business & Soft Skills,Sales Operations
JOB00343,sales,Business & Soft Skills,Sales Operations
JOB00343,marketing,Business & Soft Skills,Sales Operations
JOB00343,consulting,Business & Soft Skills,Sales Operations
JOB00343,bachelors_degree,Education & Certifications,Sales Operations
JOB00344,c_lang,Programming Languages,Sales & Account Management
JOB00344,product_management,Business & Soft Skills,Sales & Account Management
JOB00344,leadership,Business & Soft Skills,Sales & Account Management
JOB00344,cross_functional_collaboration,Business & Soft Skills,Sales & Account Management
JOB00344,sales,Business & Soft Skills,Sales & Account Management
JOB00344,marketing,Business & Soft Skills,Sales & Account Management
JOB00344,consulting,Business & Soft Skills,Sales & Account Management
JOB00344,bachelors_degree,Education & Certifications,Sales & Account Management
JOB00345,go,Programming Languages,Sales Operations
JOB00345,networking,Cloud & Infrastructure,Sales Operations
JOB00345,compliance,Security,Sales Operations
JOB00345,communication_skills,Business & Soft Skills,Sales Operations
JOB00345,leadership,Business & Soft Skills,Sales Operations
JOB00345,analytical_skills,Business & Soft Skills,Sales Operations
JOB00345,strategic_planning,Business & Soft Skills,Sales Operations
JOB00345,sales,Business & Soft Skills,Sales Operations
JOB00345,bachelors_degree,Education & Certifications,Sales Operations
JOB00346,sales,Business & Soft Skills,Sales & Account Management
JOB00346,marketing,Business & Soft Skills,Sales & Account Management
JOB00346,bachelors_degree,Education & Certifications,Sales & Account Management
JOB00347,c_lang,Programming Languages,Sales & Account Management
JOB00347,stakeholder_management,Business & Soft Skills,Sales & Account Management
JOB00347,strategic_planning,Business & Soft Skills,Sales & Account Management
JOB00347,sales,Business & Soft Skills,Sales & Account Management
JOB00347,marketing,Business & Soft Skills,Sales & Account Management
JOB00347,consulting,Business & Soft Skills,Sales & Account Management
JOB00347,bachelors_degree,Education & Certifications,Sales & Account Management
JOB00348,google_cloud,Cloud & Infrastructure,Partnerships
JOB00348,project_management,Business & Soft Skills,Partnerships
JOB00348,leadership,Business & Soft Skills,Partnerships
JOB00348,problem_solving,Business & Soft Skills,Partnerships
JOB00348,sales,Business & Soft Skills,Partnerships
JOB00348,marketing,Business & Soft Skills,Partnerships
JOB00348,bachelors_degree,Education & Certifications,Partnerships
JOB00349,cross_functional_collaboration,Business & Soft Skills,Partnerships
JOB00349,sales,Business & Soft Skills,Partnerships
JOB00349,marketing,Business & Soft Skills,Partnerships
JOB00349,bachelors_degree,Education & Certifications,Partnerships
JOB00350,google_cloud,Cloud & Infrastructure,Sales & Account Management
JOB00350,project_management,Business & Soft Skills,Sales & Account Management
JOB00350,stakeholder_management,Business & Soft Skills,Sales & Account Management
JOB00350,problem_solving,Business & Soft Skills,Sales & Account Management
JOB00350,sales,Business & Soft Skills,Sales & Account Management
JOB00350,bachelors_degree,Education & Certifications,Sales & Account Management
JOB00350,masters_degree,Education & Certifications,Sales & Account Management
JOB00351,google_cloud,Cloud & Infrastructure,Product & Customer Support
JOB00351,marketing,Business & Soft Skills,Product & Customer Support
JOB00351,bachelors_degree,Education & Certifications,Product & Customer Support
JOB00352,scala,Programming Languages,Sales & Account Management
JOB00352,google_cloud,Cloud & Infrastructure,Sales & Account Management
JOB00352,databases_general,Databases,Sales & Account Management
JOB00352,product_management,Business & Soft Skills,Sales & Account Management
JOB00352,stakeholder_management,Business & Soft Skills,Sales & Account Management
JOB00352,communication_skills,Business & Soft Skills,Sales & Account Management
JOB00352,cross_functional_collaboration,Business & Soft Skills,Sales & Account Management
JOB00352,agile_scrum,Business & Soft Skills,Sales & Account Management
JOB00352,team_management,Business & Soft Skills,Sales & Account Management
JOB00352,strategic_planning,Business & Soft Skills,Sales & Account Management
JOB00352,sales,Business & Soft Skills,Sales & Account Management
JOB00352,marketing,Business & Soft Skills,Sales & Account Management
JOB00352,bachelors_degree,Education & Certifications,Sales & Account Management
JOB00352,masters_degree,Education & Certifications,Sales & Account Management
JOB00353,stakeholder_management,Business & Soft Skills,Sales & Account Management
JOB00353,cross_functional_collaboration,Business & Soft Skills,Sales & Account Management
JOB00353,presentation_skills,Business & Soft Skills,Sales & Account Management
JOB00353,sales,Business & Soft Skills,Sales & Account Management
JOB00353,marketing,Business & Soft Skills,Sales & Account Management
JOB00353,bachelors_degree,Education & Certifications,Sales & Account Management
JOB00354,javascript,Programming Languages,Sales & Account Management
JOB00354,sql,Programming Languages,Sales & Account Management
JOB00354,scala,Programming Languages,Sales & Account Management
JOB00354,html_css,Web & Frameworks,Sales & Account Management
JOB00354,project_management,Business & Soft Skills,Sales & Account Management
JOB00354,stakeholder_management,Business & Soft Skills,Sales & Account Management
JOB00354,cross_functional_collaboration,Business & Soft Skills,Sales & Account Management
JOB00354,sales,Business & Soft Skills,Sales & Account Management
JOB00355,google_cloud,Cloud & Infrastructure,Sales Operations
JOB00355,cross_functional_collaboration,Business & Soft Skills,Sales Operations
JOB00355,analytical_skills,Business & Soft Skills,Sales Operations
JOB00355,strategic_planning,Business & Soft Skills,Sales Operations
JOB00355,sales,Business & Soft Skills,Sales Operations
JOB00355,bachelors_degree,Education & Certifications,Sales Operations
JOB00355,computer_science_degree,Education & Certifications,Sales Operations
JOB00356,javascript,Programming Languages,Sales & Account Management
JOB00356,html_css,Web & Frameworks,Sales & Account Management
JOB00356,product_management,Business & Soft Skills,Sales & Account Management
JOB00356,stakeholder_management,Business & Soft Skills,Sales & Account Management
JOB00356,cross_functional_collaboration,Business & Soft Skills,Sales & Account Management
JOB00356,sales,Business & Soft Skills,Sales & Account Management
JOB00356,marketing,Business & Soft Skills,Sales & Account Management
JOB00357,c_lang,Programming Languages,Partnerships
JOB00357,stakeholder_management,Business & Soft Skills,Partnerships
JOB00357,negotiation,Business & Soft Skills,Partnerships
JOB00357,sales,Business & Soft Skills,Partnerships
JOB00357,marketing,Business & Soft Skills,Partnerships
JOB00357,consulting,Business & Soft Skills,Partnerships
JOB00357,masters_degree,Education & Certifications,Partnerships
JOB00358,stakeholder_management,Business & Soft Skills,Sales & Account Management
JOB00358,team_management,Business & Soft Skills,Sales & Account Management
JOB00358,sales,Business & Soft Skills,Sales & Account Management
JOB00358,bachelors_degree,Education & Certifications,Sales & Account Management
JOB00358,masters_degree,Education & Certifications,Sales & Account Management
JOB00359,c_lang,Programming Languages,Sales & Account Management
JOB00359,big_data,Data & Machine Learning,Sales & Account Management
JOB00359,google_cloud,Cloud & Infrastructure,Sales & Account Management
JOB00359,sales,Business & Soft Skills,Sales & Account Management
JOB00359,marketing,Business & Soft Skills,Sales & Account Management
JOB00359,bachelors_degree,Education & Certifications,Sales & Account Management
JOB00360,strategic_planning,Business & Soft Skills,Sales & Account Management
JOB00360,customer_service,Business & Soft Skills,Sales & Account Management
JOB00360,sales,Business & Soft Skills,Sales & Account Management
JOB00360,marketing,Business & Soft Skills,Sales & Account Management
JOB00360,consulting,Business & Soft Skills,Sales & Account Management
JOB00360,bachelors_degree,Education & Certifications,Sales & Account Management
JOB00361,c_lang,Programming Languages,Partnerships
JOB00361,bachelors_degree,Education & Certifications,Partnerships
JOB00362,strategic_planning,Business & Soft Skills,Sales & Account Management
JOB00362,customer_service,Business & Soft Skills,Sales & Account Management
JOB00362,sales,Business & Soft Skills,Sales & Account Management
JOB00362,marketing,Business & Soft Skills,Sales & Account Management
JOB00362,consulting,Business & Soft Skills,Sales & Account Management
JOB00362,bachelors_degree,Education & Certifications,Sales & Account Management
JOB00363,c_lang,Programming Languages,Sales & Account Management
JOB00363,program_management,Business & Soft Skills,Sales & Account Management
JOB00363,cross_functional_collaboration,Business & Soft Skills,Sales & Account Management
JOB00363,customer_service,Business & Soft Skills,Sales & Account Management
JOB00363,sales,Business & Soft Skills,Sales & Account Management
JOB00363,marketing,Business & Soft Skills,Sales & Account Management
JOB00363,consulting,Business & Soft Skills,Sales & Account Management
JOB00363,bachelors_degree,Education & Certifications,Sales & Account Management
JOB00364,python,Programming Languages,Sales Operations
JOB00364,r_lang,Programming Languages,Sales Operations
JOB00364,sql,Programming Languages,Sales Operations
JOB00364,statistics,Data & Machine Learning,Sales Operations
JOB00364,databases_general,Databases,Sales Operations
JOB00364,project_management,Business & Soft Skills,Sales Operations
JOB00364,problem_solving,Business & Soft Skills,Sales Operations
JOB00364,analytical_skills,Business & Soft Skills,Sales Operations
JOB00364,sales,Business & Soft Skills,Sales Operations
JOB00364,marketing,Business & Soft Skills,Sales Operations
JOB00364,bachelors_degree,Education & Certifications,Sales Operations
JOB00364,phd,Education & Certifications,Sales Operations
JOB00364,computer_science_degree,Education & Certifications,Sales Operations
JOB00365,c_lang,Programming Languages,Sales Operations
JOB00365,strategic_planning,Business & Soft Skills,Sales Operations
JOB00365,sales,Business & Soft Skills,Sales Operations
JOB00365,marketing,Business & Soft Skills,Sales Operations
JOB00365,consulting,Business & Soft Skills,Sales Operations
JOB00365,bachelors_degree,Education & Certifications,Sales Operations
JOB00366,python,Programming Languages,Sales Operations
JOB00366,r_lang,Programming Languages,Sales Operations
JOB00366,sql,Programming Languages,Sales Operations
JOB00366,statistics,Data & Machine Learning,Sales Operations
JOB00366,databases_general,Databases,Sales Operations
JOB00366,project_management,Business & Soft Skills,Sales Operations
JOB00366,problem_solving,Business & Soft Skills,Sales Operations
JOB00366,analytical_skills,Business & Soft Skills,Sales Operations
JOB00366,sales,Business & Soft Skills,Sales Operations
JOB00366,marketing,Business & Soft Skills,Sales Operations
JOB00366,bachelors_degree,Education & Certifications,Sales Operations
JOB00366,phd,Education & Certifications,Sales Operations
JOB00366,computer_science_degree,Education & Certifications,Sales Operations
JOB00367,google_cloud,Cloud & Infrastructure,Sales & Account Management
JOB00367,project_management,Business & Soft Skills,Sales & Account Management
JOB00367,stakeholder_management,Business & Soft Skills,Sales & Account Management
JOB00367,problem_solving,Business & Soft Skills,Sales & Account Management
JOB00367,sales,Business & Soft Skills,Sales & Account Management
JOB00367,bachelors_degree,Education & Certifications,Sales & Account Management
JOB00367,masters_degree,Education & Certifications,Sales & Account Management
JOB00368,go,Programming Languages,Partnerships
JOB00368,google_cloud,Cloud & Infrastructure,Partnerships
JOB00368,cloud_computing,Cloud & Infrastructure,Partnerships
JOB00368,databases_general,Databases,Partnerships
JOB00368,product_management,Business & Soft Skills,Partnerships
JOB00368,stakeholder_management,Business & Soft Skills,Partnerships
JOB00368,leadership,Business & Soft Skills,Partnerships
JOB00368,agile_scrum,Business & Soft Skills,Partnerships
JOB00368,strategic_planning,Business & Soft Skills,Partnerships
JOB00368,sales,Business & Soft Skills,Partnerships
JOB00368,marketing,Business & Soft Skills,Partnerships
JOB00368,bachelors_degree,Education & Certifications,Partnerships
JOB00368,masters_degree,Education & Certifications,Partnerships
JOB00369,javascript,Programming Languages,Sales & Account Management
JOB00369,sql,Programming Languages,Sales & Account Management
JOB00369,scala,Programming Languages,Sales & Account Management
JOB00369,html_css,Web & Frameworks,Sales & Account Management
JOB00369,project_management,Business & Soft Skills,Sales & Account Management
JOB00369,stakeholder_management,Business & Soft Skills,Sales & Account Management
JOB00369,cross_functional_collaboration,Business & Soft Skills,Sales & Account Management
JOB00369,sales,Business & Soft Skills,Sales & Account Management
JOB00370,leadership,Business & Soft Skills,Sales & Account Management
JOB00370,cross_functional_collaboration,Business & Soft Skills,Sales & Account Management
JOB00370,sales,Business & Soft Skills,Sales & Account Management
JOB00370,consulting,Business & Soft Skills,Sales & Account Management
JOB00370,bachelors_degree,Education & Certifications,Sales & Account Management
JOB00371,google_cloud,Cloud & Infrastructure,Product & Customer Support
JOB00371,marketing,Business & Soft Skills,Product & Customer Support
JOB00371,bachelors_degree,Education & Certifications,Product & Customer Support
JOB00372,c_lang,Programming Languages,Sales & Account Management
JOB00372,google_cloud,Cloud & Infrastructure,Sales & Account Management
JOB00372,stakeholder_management,Business & Soft Skills,Sales & Account Management
JOB00372,leadership,Business & Soft Skills,Sales & Account Management
JOB00372,strategic_planning,Business & Soft Skills,Sales & Account Management
JOB00372,sales,Business & Soft Skills,Sales & Account Management
JOB00372,marketing,Business & Soft Skills,Sales & Account Management
JOB00372,consulting,Business & Soft Skills,Sales & Account Management
JOB00373,c_lang,Programming Languages,Sales & Account Management
JOB00373,stakeholder_management,Business & Soft Skills,Sales & Account Management
JOB00373,problem_solving,Business & Soft Skills,Sales & Account Management
JOB00373,team_management,Business & Soft Skills,Sales & Account Management
JOB00373,sales,Business & Soft Skills,Sales & Account Management
JOB00373,masters_degree,Education & Certifications,Sales & Account Management
JOB00374,statistics,Data & Machine Learning,Sales & Account Management
JOB00374,mobile_development,Web & Frameworks,Sales & Account Management
JOB00374,communication_skills,Business & Soft Skills,Sales & Account Management
JOB00374,cross_functional_collaboration,Business & Soft Skills,Sales & Account Management
JOB00374,agile_scrum,Business & Soft Skills,Sales & Account Management
JOB00374,sales,Business & Soft Skills,Sales & Account Management
JOB00374,marketing,Business & Soft Skills,Sales & Account Management
JOB00374,bachelors_degree,Education & Certifications,Sales & Account Management
JOB00375,scala,Programming Languages,Sales & Account Management
JOB00375,google_cloud,Cloud & Infrastructure,Sales & Account Management
JOB00375,databases_general,Databases,Sales & Account Management
JOB00375,product_management,Business & Soft Skills,Sales & Account Management
JOB00375,stakeholder_management,Business & Soft Skills,Sales & Account Management
JOB00375,communication_skills,Business & Soft Skills,Sales & Account Management
JOB00375,cross_functional_collaboration,Business & Soft Skills,Sales & Account Management
JOB00375,agile_scrum,Business & Soft Skills,Sales & Account Management
JOB00375,team_management,Business & Soft Skills,Sales & Account Management
JOB00375,strategic_planning,Business & Soft Skills,Sales & Account Management
JOB00375,sales,Business & Soft Skills,Sales & Account Management
JOB00375,marketing,Business & Soft Skills,Sales & Account Management
JOB00375,bachelors_degree,Education & Certifications,Sales & Account Management
JOB00375,masters_degree,Education & Certifications,Sales & Account Management
JOB00376,data_analysis,Data & Machine Learning,Sales & Account Management
JOB00376,big_data,Data & Machine Learning,Sales & Account Management
JOB00376,leadership,Business & Soft Skills,Sales & Account Management
JOB00376,analytical_skills,Business & Soft Skills,Sales & Account Management
JOB00376,strategic_planning,Business & Soft Skills,Sales & Account Management
JOB00376,consulting,Business & Soft Skills,Sales & Account Management
JOB00376,hardware_engineering,Hardware & Manufacturing,Sales & Account Management
JOB00376,bachelors_degree,Education & Certifications,Sales & Account Management
JOB00377,c_lang,Programming Languages,Partnerships
JOB00377,bachelors_degree,Education & Certifications,Partnerships
JOB00378,c_lang,Programming Languages,Sales & Account Management
JOB00378,analytical_skills,Business & Soft Skills,Sales & Account Management
JOB00378,sales,Business & Soft Skills,Sales & Account Management
JOB00378,marketing,Business & Soft Skills,Sales & Account Management
JOB00378,consulting,Business & Soft Skills,Sales & Account Management
JOB00379,cross_functional_collaboration,Business & Soft Skills,Sales & Account Management
JOB00379,sales,Business & Soft Skills,Sales & Account Management
JOB00379,marketing,Business & Soft Skills,Sales & Account Management
JOB00379,bachelors_degree,Education & Certifications,Sales & Account Management
JOB00380,google_cloud,Cloud & Infrastructure,Sales & Account Management
JOB00380,cloud_computing,Cloud & Infrastructure,Sales & Account Management
JOB00380,product_management,Business & Soft Skills,Sales & Account Management
JOB00380,stakeholder_management,Business & Soft Skills,Sales & Account Management
JOB00380,leadership,Business & Soft Skills,Sales & Account Management
JOB00380,cross_functional_collaboration,Business & Soft Skills,Sales & Account Management
JOB00380,team_management,Business & Soft Skills,Sales & Account Management
JOB00380,strategic_planning,Business & Soft Skills,Sales & Account Management
JOB00380,sales,Business & Soft Skills,Sales & Account Management
JOB00380,marketing,Business & Soft Skills,Sales & Account Management
JOB00380,bachelors_degree,Education & Certifications,Sales & Account Management
JOB00380,masters_degree,Education & Certifications,Sales & Account Management
JOB00380,computer_science_degree,Education & Certifications,Sales & Account Management
JOB00381,scala,Programming Languages,Sales & Account Management
JOB00381,project_management,Business & Soft Skills,Sales & Account Management
JOB00381,analytical_skills,Business & Soft Skills,Sales & Account Management
JOB00381,sales,Business & Soft Skills,Sales & Account Management
JOB00381,marketing,Business & Soft Skills,Sales & Account Management
JOB00381,consulting,Business & Soft Skills,Sales & Account Management
JOB00381,bachelors_degree,Education & Certifications,Sales & Account Management
JOB00382,c_lang,Programming Languages,Sales & Account Management
JOB00382,google_cloud,Cloud & Infrastructure,Sales & Account Management
JOB00382,project_management,Business & Soft Skills,Sales & Account Management
JOB00382,leadership,Business & Soft Skills,Sales & Account Management
JOB00382,cross_functional_collaboration,Business & Soft Skills,Sales & Account Management
JOB00382,presentation_skills,Business & Soft Skills,Sales & Account Management
JOB00382,team_management,Business & Soft Skills,Sales & Account Management
JOB00382,strategic_planning,Business & Soft Skills,Sales & Account Management
JOB00382,sales,Business & Soft Skills,Sales & Account Management
JOB00382,marketing,Business & Soft Skills,Sales & Account Management
JOB00382,consulting,Business & Soft Skills,Sales & Account Management
JOB00382,bachelors_degree,Education & Certifications,Sales & Account Management
JOB00383,mobile_development,Web & Frameworks,Sales & Account Management
JOB00383,project_management,Business & Soft Skills,Sales & Account Management
JOB00383,stakeholder_management,Business & Soft Skills,Sales & Account Management
JOB00383,strategic_planning,Business & Soft Skills,Sales & Account Management
JOB00383,sales,Business & Soft Skills,Sales & Account Management
JOB00383,bachelors_degree,Education & Certifications,Sales & Account Management
JOB00384,communication_skills,Business & Soft Skills,Partnerships
JOB00384,cross_functional_collaboration,Business & Soft Skills,Partnerships
JOB00384,sales,Business & Soft Skills,Partnerships
JOB00384,hardware_engineering,Hardware & Manufacturing,Partnerships
JOB00384,bachelors_degree,Education & Certifications,Partnerships
JOB00385,scala,Programming Languages,Partnerships
JOB00385,android,Web & Frameworks,Partnerships
JOB00385,project_management,Business & Soft Skills,Partnerships
JOB00385,stakeholder_management,Business & Soft Skills,Partnerships
JOB00385,cross_functional_collaboration,Business & Soft Skills,Partnerships
JOB00385,problem_solving,Business & Soft Skills,Partnerships
JOB00385,analytical_skills,Business & Soft Skills,Partnerships
JOB00385,customer_service,Business & Soft Skills,Partnerships
JOB00385,sales,Business & Soft Skills,Partnerships
JOB00385,consulting,Business & Soft Skills,Partnerships
JOB00385,hardware_engineering,Hardware & Manufacturing,Partnerships
JOB00385,electrical_engineering,Hardware & Manufacturing,Partnerships
JOB00385,bachelors_degree,Education & Certifications,Partnerships
JOB00385,computer_science_degree,Education & Certifications,Partnerships
JOB00386,c_lang,Programming Languages,Sales & Account Management
JOB00386,strategic_planning,Business & Soft Skills,Sales & Account Management
JOB00386,sales,Business & Soft Skills,Sales & Account Management
JOB00386,marketing,Business & Soft Skills,Sales & Account Management
JOB00386,bachelors_degree,Education & Certifications,Sales & Account Management
JOB00387,data_analysis,Data & Machine Learning,Sales Operations
JOB00387,big_data,Data & Machine Learning,Sales Operations
JOB00387,project_management,Business & Soft Skills,Sales Operations
JOB00387,leadership,Business & Soft Skills,Sales Operations
JOB00387,analytical_skills,Business & Soft Skills,Sales Operations
JOB00387,strategic_planning,Business & Soft Skills,Sales Operations
JOB00387,consulting,Business & Soft Skills,Sales Operations
JOB00387,hardware_engineering,Hardware & Manufacturing,Sales Operations
JOB00387,bachelors_degree,Education & Certifications,Sales Operations
JOB00388,google_cloud,Cloud & Infrastructure,Sales Operations
JOB00388,cross_functional_collaboration,Business & Soft Skills,Sales Operations
JOB00388,analytical_skills,Business & Soft Skills,Sales Operations
JOB00388,strategic_planning,Business & Soft Skills,Sales Operations
JOB00388,sales,Business & Soft Skills,Sales Operations
JOB00388,bachelors_degree,Education & Certifications,Sales Operations
JOB00388,computer_science_degree,Education & Certifications,Sales Operations
JOB00389,project_management,Business & Soft Skills,Sales & Account Management
JOB00389,problem_solving,Business & Soft Skills,Sales & Account Management
JOB00389,analytical_skills,Business & Soft Skills,Sales & Account Management
JOB00389,marketing,Business & Soft Skills,Sales & Account Management
JOB00389,bachelors_degree,Education & Certifications,Sales & Account Management
JOB00390,google_cloud,Cloud & Infrastructure,Sales & Account Management
JOB00390,cloud_computing,Cloud & Infrastructure,Sales & Account Management
JOB00390,project_management,Business & Soft Skills,Sales & Account Management
JOB00390,communication_skills,Business & Soft Skills,Sales & Account Management
JOB00390,marketing,Business & Soft Skills,Sales & Account Management
JOB00390,bachelors_degree,Education & Certifications,Sales & Account Management
JOB00391,big_data,Data & Machine Learning,Sales Operations
JOB00391,google_cloud,Cloud & Infrastructure,Sales Operations
JOB00391,cloud_computing,Cloud & Infrastructure,Sales Operations
JOB00391,customer_service,Business & Soft Skills,Sales Operations
JOB00391,sales,Business & Soft Skills,Sales Operations
JOB00391,bachelors_degree,Education & Certifications,Sales Operations
JOB00391,computer_science_degree,Education & Certifications,Sales Operations
JOB00392,android,Web & Frameworks,Partnerships
JOB00392,communication_skills,Business & Soft Skills,Partnerships
JOB00392,cross_functional_collaboration,Business & Soft Skills,Partnerships
JOB00392,strategic_planning,Business & Soft Skills,Partnerships
JOB00392,customer_service,Business & Soft Skills,Partnerships
JOB00392,sales,Business & Soft Skills,Partnerships
JOB00392,marketing,Business & Soft Skills,Partnerships
JOB00392,bachelors_degree,Education & Certifications,Partnerships
JOB00393,sales,Business & Soft Skills,Sales & Account Management
JOB00393,marketing,Business & Soft Skills,Sales & Account Management
JOB00393,bachelors_degree,Education & Certifications,Sales & Account Management
JOB00394,google_cloud,Cloud & Infrastructure,Sales & Account Management
JOB00394,project_management,Business & Soft Skills,Sales & Account Management
JOB00394,stakeholder_management,Business & Soft Skills,Sales & Account Management
JOB00394,problem_solving,Business & Soft Skills,Sales & Account Management
JOB00394,sales,Business & Soft Skills,Sales & Account Management
JOB00394,bachelors_degree,Education & Certifications,Sales & Account Management
JOB00394,masters_degree,Education & Certifications,Sales & Account Management
JOB00395,project_management,Business & Soft Skills,Sales & Account Management
JOB00395,communication_skills,Business & Soft Skills,Sales & Account Management
JOB00395,problem_solving,Business & Soft Skills,Sales & Account Management
JOB00395,analytical_skills,Business & Soft Skills,Sales & Account Management
JOB00395,bachelors_degree,Education & Certifications,Sales & Account Management
JOB00396,go,Programming Languages,Partnerships
JOB00396,scala,Programming Languages,Partnerships
JOB00396,google_cloud,Cloud & Infrastructure,Partnerships
JOB00396,product_management,Business & Soft Skills,Partnerships
JOB00396,stakeholder_management,Business & Soft Skills,Partnerships
JOB00396,communication_skills,Business & Soft Skills,Partnerships
JOB00396,leadership,Business & Soft Skills,Partnerships
JOB00396,cross_functional_collaboration,Business & Soft Skills,Partnerships
JOB00396,agile_scrum,Business & Soft Skills,Partnerships
JOB00396,strategic_planning,Business & Soft Skills,Partnerships
JOB00396,sales,Business & Soft Skills,Partnerships
JOB00396,marketing,Business & Soft Skills,Partnerships
JOB00396,bachelors_degree,Education & Certifications,Partnerships
JOB00396,masters_degree,Education & Certifications,Partnerships
JOB00397,scala,Programming Languages,Sales & Account Management
JOB00397,google_cloud,Cloud & Infrastructure,Sales & Account Management
JOB00397,databases_general,Databases,Sales & Account Management
JOB00397,product_management,Business & Soft Skills,Sales & Account Management
JOB00397,stakeholder_management,Business & Soft Skills,Sales & Account Management
JOB00397,communication_skills,Business & Soft Skills,Sales & Account Management
JOB00397,cross_functional_collaboration,Business & Soft Skills,Sales & Account Management
JOB00397,agile_scrum,Business & Soft Skills,Sales & Account Management
JOB00397,team_management,Business & Soft Skills,Sales & Account Management
JOB00397,strategic_planning,Business & Soft Skills,Sales & Account Management
JOB00397,sales,Business & Soft Skills,Sales & Account Management
JOB00397,marketing,Business & Soft Skills,Sales & Account Management
JOB00397,bachelors_degree,Education & Certifications,Sales & Account Management
JOB00397,masters_degree,Education & Certifications,Sales & Account Management
JOB00398,c_lang,Programming Languages,Sales & Account Management
JOB00398,big_data,Data & Machine Learning,Sales & Account Management
JOB00398,google_cloud,Cloud & Infrastructure,Sales & Account Management
JOB00398,sales,Business & Soft Skills,Sales & Account Management
JOB00398,marketing,Business & Soft Skills,Sales & Account Management
JOB00398,bachelors_degree,Education & Certifications,Sales & Account Management
JOB00399,python,Programming Languages,Sales & Account Management
JOB00399,javascript,Programming Languages,Sales & Account Management
JOB00399,r_lang,Programming Languages,Sales & Account Management
JOB00399,sql,Programming Languages,Sales & Account Management
JOB00399,data_visualization,Data & Machine Learning,Sales & Account Management
JOB00399,project_management,Business & Soft Skills,Sales & Account Management
JOB00399,cross_functional_collaboration,Business & Soft Skills,Sales & Account Management
JOB00399,presentation_skills,Business & Soft Skills,Sales & Account Management
JOB00399,marketing,Business & Soft Skills,Sales & Account Management
JOB00399,bachelors_degree,Education & Certifications,Sales & Account Management
JOB00400,google_cloud,Cloud & Infrastructure,Sales & Account Management
JOB00400,cloud_computing,Cloud & Infrastructure,Sales & Account Management
JOB00400,project_management,Business & Soft Skills,Sales & Account Management
JOB00400,stakeholder_management,Business & Soft Skills,Sales & Account Management
JOB00400,cross_functional_collaboration,Business & Soft Skills,Sales & Account Management
JOB00400,analytical_skills,Business & Soft Skills,Sales & Account Management
JOB00400,presentation_skills,Business & Soft Skills,Sales & Account Management
JOB00400,strategic_planning,Business & Soft Skills,Sales & Account Management
JOB00400,customer_service,Business & Soft Skills,Sales & Account Management
JOB00400,sales,Business & Soft Skills,Sales & Account Management
JOB00400,marketing,Business & Soft Skills,Sales & Account Management
JOB00400,consulting,Business & Soft Skills,Sales & Account Management
JOB00400,bachelors_degree,Education & Certifications,Sales & Account Management
JOB00401,communication_skills,Business & Soft Skills,Sales & Account Management
JOB00401,sales,Business & Soft Skills,Sales & Account Management
JOB00401,bachelors_degree,Education & Certifications,Sales & Account Management
JOB00402,cross_functional_collaboration,Business & Soft Skills,Partnerships
JOB00402,sales,Business & Soft Skills,Partnerships
JOB00402,bachelors_degree,Education & Certifications,Partnerships
JOB00402,masters_degree,Education & Certifications,Partnerships
JOB00403,python,Programming Languages,Sales Operations
JOB00403,c++,Programming Languages,Sales Operations
JOB00403,c_lang,Programming Languages,Sales Operations
JOB00403,r_lang,Programming Languages,Sales Operations
JOB00403,sql,Programming Languages,Sales Operations
JOB00403,scala,Programming Languages,Sales Operations
JOB00403,statistics,Data & Machine Learning,Sales Operations
JOB00403,strategic_planning,Business & Soft Skills,Sales Operations
JOB00403,sales,Business & Soft Skills,Sales Operations
JOB00403,marketing,Business & Soft Skills,Sales Operations
JOB00403,consulting,Business & Soft Skills,Sales Operations
JOB00403,bachelors_degree,Education & Certifications,Sales Operations
JOB00404,google_cloud,Cloud & Infrastructure,Sales & Account Management
JOB00404,cloud_computing,Cloud & Infrastructure,Sales & Account Management
JOB00404,stakeholder_management,Business & Soft Skills,Sales & Account Management
JOB00404,presentation_skills,Business & Soft Skills,Sales & Account Management
JOB00404,sales,Business & Soft Skills,Sales & Account Management
JOB00404,bachelors_degree,Education & Certifications,Sales & Account Management
JOB00405,scala,Programming Languages,Sales & Account Management
JOB00405,project_management,Business & Soft Skills,Sales & Account Management
JOB00405,analytical_skills,Business & Soft Skills,Sales & Account Management
JOB00405,sales,Business & Soft Skills,Sales & Account Management
JOB00405,marketing,Business & Soft Skills,Sales & Account Management
JOB00405,consulting,Business & Soft Skills,Sales & Account Management
JOB00405,bachelors_degree,Education & Certifications,Sales & Account Management
JOB00406,customer_service,Business & Soft Skills,Sales & Account Management
JOB00406,sales,Business & Soft Skills,Sales & Account Management
JOB00406,marketing,Business & Soft Skills,Sales & Account Management
JOB00406,consulting,Business & Soft Skills,Sales & Account Management
JOB00406,bachelors_degree,Education & Certifications,Sales & Account Management
JOB00407,cross_functional_collaboration,Business & Soft Skills,Partnerships
JOB00407,problem_solving,Business & Soft Skills,Partnerships
JOB00407,customer_service,Business & Soft Skills,Partnerships
JOB00407,sales,Business & Soft Skills,Partnerships
JOB00407,bachelors_degree,Education & Certifications,Partnerships
JOB00408,python,Programming Languages,Sales & Account Management
JOB00408,javascript,Programming Languages,Sales & Account Management
JOB00408,r_lang,Programming Languages,Sales & Account Management
JOB00408,sql,Programming Languages,Sales & Account Management
JOB00408,project_management,Business & Soft Skills,Sales & Account Management
JOB00408,stakeholder_management,Business & Soft Skills,Sales & Account Management
JOB00408,leadership,Business & Soft Skills,Sales & Account Management
JOB00408,cross_functional_collaboration,Business & Soft Skills,Sales & Account Management
JOB00408,analytical_skills,Business & Soft Skills,Sales & Account Management
JOB00408,marketing,Business & Soft Skills,Sales & Account Management
JOB00409,scala,Programming Languages,Partnerships
JOB00409,cross_functional_collaboration,Business & Soft Skills,Partnerships
JOB00409,consulting,Business & Soft Skills,Partnerships
JOB00409,bachelors_degree,Education & Certifications,Partnerships
JOB00410,go,Programming Languages,Partnerships
JOB00410,compliance,Security,Partnerships
JOB00410,project_management,Business & Soft Skills,Partnerships
JOB00410,communication_skills,Business & Soft Skills,Partnerships
JOB00410,cross_functional_collaboration,Business & Soft Skills,Partnerships
JOB00410,problem_solving,Business & Soft Skills,Partnerships
JOB00410,analytical_skills,Business & Soft Skills,Partnerships
JOB00410,marketing,Business & Soft Skills,Partnerships
JOB00410,hardware_engineering,Hardware & Manufacturing,Partnerships
JOB00410,bachelors_degree,Education & Certifications,Partnerships
JOB00411,c_lang,Programming Languages,Sales & Account Management
JOB00411,big_data,Data & Machine Learning,Sales & Account Management
JOB00411,google_cloud,Cloud & Infrastructure,Sales & Account Management
JOB00411,sales,Business & Soft Skills,Sales & Account Management
JOB00411,marketing,Business & Soft Skills,Sales & Account Management
JOB00411,bachelors_degree,Education & Certifications,Sales & Account Management
JOB00412,project_management,Business & Soft Skills,Sales & Account Management
JOB00412,strategic_planning,Business & Soft Skills,Sales & Account Management
JOB00412,bachelors_degree,Education & Certifications,Sales & Account Management
JOB00413,google_cloud,Cloud & Infrastructure,Sales & Account Management
JOB00413,project_management,Business & Soft Skills,Sales & Account Management
JOB00413,stakeholder_management,Business & Soft Skills,Sales & Account Management
JOB00413,leadership,Business & Soft Skills,Sales & Account Management
JOB00413,cross_functional_collaboration,Business & Soft Skills,Sales & Account Management
JOB00413,team_management,Business & Soft Skills,Sales & Account Management
JOB00413,strategic_planning,Business & Soft Skills,Sales & Account Management
JOB00413,sales,Business & Soft Skills,Sales & Account Management
JOB00413,marketing,Business & Soft Skills,Sales & Account Management
JOB00413,masters_degree,Education & Certifications,Sales & Account Management
JOB00414,cross_functional_collaboration,Business & Soft Skills,Sales & Account Management
JOB00414,sales,Business & Soft Skills,Sales & Account Management
JOB00414,marketing,Business & Soft Skills,Sales & Account Management
JOB00414,bachelors_degree,Education & Certifications,Sales & Account Management
JOB00415,c_lang,Programming Languages,Sales & Account Management
JOB00415,big_data,Data & Machine Learning,Sales & Account Management
JOB00415,google_cloud,Cloud & Infrastructure,Sales & Account Management
JOB00415,sales,Business & Soft Skills,Sales & Account Management
JOB00415,marketing,Business & Soft Skills,Sales & Account Management
JOB00415,bachelors_degree,Education & Certifications,Sales & Account Management
JOB00416,communication_skills,Business & Soft Skills,Partnerships
JOB00416,leadership,Business & Soft Skills,Partnerships
JOB00416,cross_functional_collaboration,Business & Soft Skills,Partnerships
JOB00416,problem_solving,Business & Soft Skills,Partnerships
JOB00416,bachelors_degree,Education & Certifications,Partnerships
JOB00417,google_cloud,Cloud & Infrastructure,Product & Customer Support
JOB00417,cloud_computing,Cloud & Infrastructure,Product & Customer Support
JOB00417,project_management,Business & Soft Skills,Product & Customer Support
JOB00417,stakeholder_management,Business & Soft Skills,Product & Customer Support
JOB00417,cross_functional_collaboration,Business & Soft Skills,Product & Customer Support
JOB00417,analytical_skills,Business & Soft Skills,Product & Customer Support
JOB00417,presentation_skills,Business & Soft Skills,Product & Customer Support
JOB00417,strategic_planning,Business & Soft Skills,Product & Customer Support
JOB00417,customer_service,Business & Soft Skills,Product & Customer Support
JOB00417,sales,Business & Soft Skills,Product & Customer Support
JOB00417,marketing,Business & Soft Skills,Product & Customer Support
JOB00417,consulting,Business & Soft Skills,Product & Customer Support
JOB00417,bachelors_degree,Education & Certifications,Product & Customer Support
JOB00418,c_lang,Programming Languages,Sales & Account Management
JOB00418,stakeholder_management,Business & Soft Skills,Sales & Account Management
JOB00418,cross_functional_collaboration,Business & Soft Skills,Sales & Account Management
JOB00418,strategic_planning,Business & Soft Skills,Sales & Account Management
JOB00418,sales,Business & Soft Skills,Sales & Account Management
JOB00418,marketing,Business & Soft Skills,Sales & Account Management
JOB00418,consulting,Business & Soft Skills,Sales & Account Management
JOB00418,bachelors_degree,Education & Certifications,Sales & Account Management
JOB00419,c_lang,Programming Languages,Partnerships
JOB00419,google_cloud,Cloud & Infrastructure,Partnerships
JOB00419,stakeholder_management,Business & Soft Skills,Partnerships
JOB00419,communication_skills,Business & Soft Skills,Partnerships
JOB00419,negotiation,Business & Soft Skills,Partnerships
JOB00419,sales,Business & Soft Skills,Partnerships
JOB00419,masters_degree,Education & Certifications,Partnerships
JOB00420,python,Programming Languages,Sales Operations
JOB00420,java,Programming Languages,Sales Operations
JOB00420,javascript,Programming Languages,Sales Operations
JOB00420,php,Programming Languages,Sales Operations
JOB00420,big_data,Data & Machine Learning,Sales Operations
JOB00420,google_cloud,Cloud & Infrastructure,Sales Operations
JOB00420,cloud_computing,Cloud & Infrastructure,Sales Operations
JOB00420,linux,Cloud & Infrastructure,Sales Operations
JOB00420,networking,Cloud & Infrastructure,Sales Operations
JOB00420,html_css,Web & Frameworks,Sales Operations
JOB00420,strategic_planning,Business & Soft Skills,Sales Operations
JOB00420,sales,Business & Soft Skills,Sales Operations
JOB00420,bachelors_degree,Education & Certifications,Sales Operations
JOB00420,computer_science_degree,Education & Certifications,Sales Operations
JOB00421,scala,Programming Languages,Sales & Account Management
JOB00421,google_cloud,Cloud & Infrastructure,Sales & Account Management
JOB00421,databases_general,Databases,Sales & Account Management
JOB00421,product_management,Business & Soft Skills,Sales & Account Management
JOB00421,stakeholder_management,Business & Soft Skills,Sales & Account Management
JOB00421,communication_skills,Business & Soft Skills,Sales & Account Management
JOB00421,cross_functional_collaboration,Business & Soft Skills,Sales & Account Management
JOB00421,agile_scrum,Business & Soft Skills,Sales & Account Management
JOB00421,team_management,Business & Soft Skills,Sales & Account Management
JOB00421,strategic_planning,Business & Soft Skills,Sales & Account Management
JOB00421,sales,Business & Soft Skills,Sales & Account Management
JOB00421,marketing,Business & Soft Skills,Sales & Account Management
JOB00421,bachelors_degree,Education & Certifications,Sales & Account Management
JOB00421,masters_degree,Education & Certifications,Sales & Account Management
JOB00422,google_cloud,Cloud & Infrastructure,Sales & Account Management
JOB00422,cloud_computing,Cloud & Infrastructure,Sales & Account Management
JOB00422,project_management,Business & Soft Skills,Sales & Account Management
JOB00422,stakeholder_management,Business & Soft Skills,Sales & Account Management
JOB00422,cross_functional_collaboration,Business & Soft Skills,Sales & Account Management
JOB00422,analytical_skills,Business & Soft Skills,Sales & Account Management
JOB00422,presentation_skills,Business & Soft Skills,Sales & Account Management
JOB00422,strategic_planning,Business & Soft Skills,Sales & Account Management
JOB00422,customer_service,Business & Soft Skills,Sales & Account Management
JOB00422,sales,Business & Soft Skills,Sales & Account Management
JOB00422,marketing,Business & Soft Skills,Sales & Account Management
JOB00422,consulting,Business & Soft Skills,Sales & Account Management
JOB00422,bachelors_degree,Education & Certifications,Sales & Account Management
JOB00423,c_lang,Programming Languages,Sales & Account Management
JOB00423,stakeholder_management,Business & Soft Skills,Sales & Account Management
JOB00423,cross_functional_collaboration,Business & Soft Skills,Sales & Account Management
JOB00423,strategic_planning,Business & Soft Skills,Sales & Account Management
JOB00423,sales,Business & Soft Skills,Sales & Account Management
JOB00423,marketing,Business & Soft Skills,Sales & Account Management
JOB00423,consulting,Business & Soft Skills,Sales & Account Management
JOB00423,bachelors_degree,Education & Certifications,Sales & Account Management
JOB00424,python,Programming Languages,Product & Customer Support
JOB00424,java,Programming Languages,Product & Customer Support
JOB00424,c++,Programming Languages,Product & Customer Support
JOB00424,c_lang,Programming Languages,Product & Customer Support
JOB00424,machine_learning,Data & Machine Learning,Product & Customer Support
JOB00424,statistics,Data & Machine Learning,Product & Customer Support
JOB00424,data_mining,Data & Machine Learning,Product & Customer Support
JOB00424,predictive_modeling,Data & Machine Learning,Product & Customer Support
JOB00424,cybersecurity,Security,Product & Customer Support
JOB00424,security_general,Security,Product & Customer Support
JOB00424,bachelors_degree,Education & Certifications,Product & Customer Support
JOB00424,computer_science_degree,Education & Certifications,Product & Customer Support
JOB00425,c_lang,Programming Languages,Sales & Account Management
JOB00425,big_data,Data & Machine Learning,Sales & Account Management
JOB00425,google_cloud,Cloud & Infrastructure,Sales & Account Management
JOB00425,sales,Business & Soft Skills,Sales & Account Management
JOB00425,marketing,Business & Soft Skills,Sales & Account Management
JOB00425,bachelors_degree,Education & Certifications,Sales & Account Management
JOB00426,problem_solving,Business & Soft Skills,Sales & Account Management
JOB00426,sales,Business & Soft Skills,Sales & Account Management
JOB00426,marketing,Business & Soft Skills,Sales & Account Management
JOB00426,bachelors_degree,Education & Certifications,Sales & Account Management
JOB00427,go,Programming Languages,Partnerships
JOB00427,scala,Programming Languages,Partnerships
JOB00427,google_cloud,Cloud & Infrastructure,Partnerships
JOB00427,product_management,Business & Soft Skills,Partnerships
JOB00427,stakeholder_management,Business & Soft Skills,Partnerships
JOB00427,communication_skills,Business & Soft Skills,Partnerships
JOB00427,leadership,Business & Soft Skills,Partnerships
JOB00427,cross_functional_collaboration,Business & Soft Skills,Partnerships
JOB00427,agile_scrum,Business & Soft Skills,Partnerships
JOB00427,strategic_planning,Business & Soft Skills,Partnerships
JOB00427,sales,Business & Soft Skills,Partnerships
JOB00427,marketing,Business & Soft Skills,Partnerships
JOB00427,bachelors_degree,Education & Certifications,Partnerships
JOB00427,masters_degree,Education & Certifications,Partnerships
JOB00428,google_cloud,Cloud & Infrastructure,Product & Customer Support
JOB00428,cloud_computing,Cloud & Infrastructure,Product & Customer Support
JOB00428,project_management,Business & Soft Skills,Product & Customer Support
JOB00428,stakeholder_management,Business & Soft Skills,Product & Customer Support
JOB00428,cross_functional_collaboration,Business & Soft Skills,Product & Customer Support
JOB00428,analytical_skills,Business & Soft Skills,Product & Customer Support
JOB00428,presentation_skills,Business & Soft Skills,Product & Customer Support
JOB00428,strategic_planning,Business & Soft Skills,Product & Customer Support
JOB00428,customer_service,Business & Soft Skills,Product & Customer Support
JOB00428,sales,Business & Soft Skills,Product & Customer Support
JOB00428,marketing,Business & Soft Skills,Product & Customer Support
JOB00428,consulting,Business & Soft Skills,Product & Customer Support
JOB00428,bachelors_degree,Education & Certifications,Product & Customer Support
JOB00429,stakeholder_management,Business & Soft Skills,Sales Operations
JOB00429,cross_functional_collaboration,Business & Soft Skills,Sales Operations
JOB00429,presentation_skills,Business & Soft Skills,Sales Operations
JOB00429,sales,Business & Soft Skills,Sales Operations
JOB00429,marketing,Business & Soft Skills,Sales Operations
JOB00429,consulting,Business & Soft Skills,Sales Operations
JOB00429,bachelors_degree,Education & Certifications,Sales Operations
JOB00430,scala,Programming Languages,Sales & Account Management
JOB00430,project_management,Business & Soft Skills,Sales & Account Management
JOB00430,analytical_skills,Business & Soft Skills,Sales & Account Management
JOB00430,sales,Business & Soft Skills,Sales & Account Management
JOB00430,marketing,Business & Soft Skills,Sales & Account Management
JOB00430,consulting,Business & Soft Skills,Sales & Account Management
JOB00430,bachelors_degree,Education & Certifications,Sales & Account Management
JOB00431,c_lang,Programming Languages,Sales & Account Management
JOB00431,go,Programming Languages,Sales & Account Management
JOB00431,google_cloud,Cloud & Infrastructure,Sales & Account Management
JOB00431,cloud_computing,Cloud & Infrastructure,Sales & Account Management
JOB00431,networking,Cloud & Infrastructure,Sales & Account Management
JOB00431,databases_general,Databases,Sales & Account Management
JOB00431,stakeholder_management,Business & Soft Skills,Sales & Account Management
JOB00431,sales,Business & Soft Skills,Sales & Account Management
JOB00431,marketing,Business & Soft Skills,Sales & Account Management
JOB00431,bachelors_degree,Education & Certifications,Sales & Account Management
JOB00431,computer_science_degree,Education & Certifications,Sales & Account Management
JOB00432,html_css,Web & Frameworks,Sales & Account Management
JOB00432,cross_functional_collaboration,Business & Soft Skills,Sales & Account Management
JOB00432,analytical_skills,Business & Soft Skills,Sales & Account Management
JOB00433,c_lang,Programming Languages,Sales & Account Management
JOB00433,google_cloud,Cloud & Infrastructure,Sales & Account Management
JOB00433,cloud_computing,Cloud & Infrastructure,Sales & Account Management
JOB00433,cross_functional_collaboration,Business & Soft Skills,Sales & Account Management
JOB00433,presentation_skills,Business & Soft Skills,Sales & Account Management
JOB00433,strategic_planning,Business & Soft Skills,Sales & Account Management
JOB00433,sales,Business & Soft Skills,Sales & Account Management
JOB00433,bachelors_degree,Education & Certifications,Sales & Account Management
JOB00433,computer_science_degree,Education & Certifications,Sales & Account Management
JOB00434,stakeholder_management,Business & Soft Skills,Sales & Account Management
JOB00434,cross_functional_collaboration,Business & Soft Skills,Sales & Account Management
JOB00434,customer_service,Business & Soft Skills,Sales & Account Management
JOB00434,sales,Business & Soft Skills,Sales & Account Management
JOB00434,marketing,Business & Soft Skills,Sales & Account Management
JOB00434,consulting,Business & Soft Skills,Sales & Account Management
JOB00434,bachelors_degree,Education & Certifications,Sales & Account Management
JOB00435,scala,Programming Languages,Sales & Account Management
JOB00435,project_management,Business & Soft Skills,Sales & Account Management
JOB00435,stakeholder_management,Business & Soft Skills,Sales & Account Management
JOB00435,cross_functional_collaboration,Business & Soft Skills,Sales & Account Management
JOB00435,strategic_planning,Business & Soft Skills,Sales & Account Management
JOB00435,sales,Business & Soft Skills,Sales & Account Management
JOB00435,marketing,Business & Soft Skills,Sales & Account Management
JOB00436,communication_skills,Business & Soft Skills,Sales & Account Management
JOB00436,cross_functional_collaboration,Business & Soft Skills,Sales & Account Management
JOB00436,sales,Business & Soft Skills,Sales & Account Management
JOB00436,bachelors_degree,Education & Certifications,Sales & Account Management
JOB00437,strategic_planning,Business & Soft Skills,Sales & Account Management
JOB00437,customer_service,Business & Soft Skills,Sales & Account Management
JOB00437,sales,Business & Soft Skills,Sales & Account Management
JOB00437,marketing,Business & Soft Skills,Sales & Account Management
JOB00437,consulting,Business & Soft Skills,Sales & Account Management
JOB00438,c_lang,Programming Languages,Sales & Account Management
JOB00438,stakeholder_management,Business & Soft Skills,Sales & Account Management
JOB00438,sales,Business & Soft Skills,Sales & Account Management
JOB00438,marketing,Business & Soft Skills,Sales & Account Management
JOB00438,consulting,Business & Soft Skills,Sales & Account Management
JOB00438,bachelors_degree,Education & Certifications,Sales & Account Management
JOB00439,sql,Programming Languages,Partnerships
JOB00439,data_analysis,Data & Machine Learning,Partnerships
JOB00439,project_management,Business & Soft Skills,Partnerships
JOB00439,problem_solving,Business & Soft Skills,Partnerships
JOB00439,analytical_skills,Business & Soft Skills,Partnerships
JOB00439,strategic_planning,Business & Soft Skills,Partnerships
JOB00439,sales,Business & Soft Skills,Partnerships
JOB00439,marketing,Business & Soft Skills,Partnerships
JOB00439,consulting,Business & Soft Skills,Partnerships
JOB00439,bachelors_degree,Education & Certifications,Partnerships
JOB00440,stakeholder_management,Business & Soft Skills,Sales & Account Management
JOB00440,team_management,Business & Soft Skills,Sales & Account Management
JOB00440,sales,Business & Soft Skills,Sales & Account Management
JOB00440,bachelors_degree,Education & Certifications,Sales & Account Management
JOB00440,masters_degree,Education & Certifications,Sales & Account Management
JOB00441,go,Programming Languages,Partnerships
JOB00441,google_cloud,Cloud & Infrastructure,Partnerships
JOB00441,cloud_computing,Cloud & Infrastructure,Partnerships
JOB00441,databases_general,Databases,Partnerships
JOB00441,product_management,Business & Soft Skills,Partnerships
JOB00441,stakeholder_management,Business & Soft Skills,Partnerships
JOB00441,leadership,Business & Soft Skills,Partnerships
JOB00441,agile_scrum,Business & Soft Skills,Partnerships
JOB00441,strategic_planning,Business & Soft Skills,Partnerships
JOB00441,sales,Business & Soft Skills,Partnerships
JOB00441,marketing,Business & Soft Skills,Partnerships
JOB00441,bachelors_degree,Education & Certifications,Partnerships
JOB00441,masters_degree,Education & Certifications,Partnerships
JOB00442,scala,Programming Languages,Sales & Account Management
JOB00442,data_analysis,Data & Machine Learning,Sales & Account Management
JOB00442,statistics,Data & Machine Learning,Sales & Account Management
JOB00442,strategic_planning,Business & Soft Skills,Sales & Account Management
JOB00442,sales,Business & Soft Skills,Sales & Account Management
JOB00442,marketing,Business & Soft Skills,Sales & Account Management
JOB00442,consulting,Business & Soft Skills,Sales & Account Management
JOB00443,sql,Programming Languages,Sales Operations
JOB00443,statistics,Data & Machine Learning,Sales Operations
JOB00443,data_visualization,Data & Machine Learning,Sales Operations
JOB00443,google_cloud,Cloud & Infrastructure,Sales Operations
JOB00443,data_warehousing,Databases,Sales Operations
JOB00443,project_management,Business & Soft Skills,Sales Operations
JOB00443,program_management,Business & Soft Skills,Sales Operations
JOB00443,product_management,Business & Soft Skills,Sales Operations
JOB00443,stakeholder_management,Business & Soft Skills,Sales Operations
JOB00443,leadership,Business & Soft Skills,Sales Operations
JOB00443,cross_functional_collaboration,Business & Soft Skills,Sales Operations
JOB00443,sales,Business & Soft Skills,Sales Operations
JOB00443,marketing,Business & Soft Skills,Sales Operations
JOB00443,consulting,Business & Soft Skills,Sales Operations
JOB00443,bachelors_degree,Education & Certifications,Sales Operations
JOB00443,computer_science_degree,Education & Certifications,Sales Operations
JOB00444,google_cloud,Cloud & Infrastructure,Sales & Account Management
JOB00444,cross_functional_collaboration,Business & Soft Skills,Sales & Account Management
JOB00444,presentation_skills,Business & Soft Skills,Sales & Account Management
JOB00444,strategic_planning,Business & Soft Skills,Sales & Account Management
JOB00444,sales,Business & Soft Skills,Sales & Account Management
JOB00444,marketing,Business & Soft Skills,Sales & Account Management
JOB00444,bachelors_degree,Education & Certifications,Sales & Account Management
JOB00444,computer_science_degree,Education & Certifications,Sales & Account Management
JOB00445,c_lang,Programming Languages,Product & Customer Support
JOB00445,google_cloud,Cloud & Infrastructure,Product & Customer Support
JOB00445,cloud_computing,Cloud & Infrastructure,Product & Customer Support
JOB00445,project_management,Business & Soft Skills,Product & Customer Support
JOB00445,team_management,Business & Soft Skills,Product & Customer Support
JOB00445,sales,Business & Soft Skills,Product & Customer Support
JOB00445,bachelors_degree,Education & Certifications,Product & Customer Support
JOB00445,masters_degree,Education & Certifications,Product & Customer Support
JOB00445,computer_science_degree,Education & Certifications,Product & Customer Support
JOB00446,cross_functional_collaboration,Business & Soft Skills,Partnerships
JOB00446,problem_solving,Business & Soft Skills,Partnerships
JOB00446,strategic_planning,Business & Soft Skills,Partnerships
JOB00446,sales,Business & Soft Skills,Partnerships
JOB00446,marketing,Business & Soft Skills,Partnerships
JOB00446,bachelors_degree,Education & Certifications,Partnerships
JOB00447,c_lang,Programming Languages,Sales & Account Management
JOB00447,html_css,Web & Frameworks,Sales & Account Management
JOB00447,strategic_planning,Business & Soft Skills,Sales & Account Management
JOB00447,sales,Business & Soft Skills,Sales & Account Management
JOB00447,marketing,Business & Soft Skills,Sales & Account Management
JOB00447,bachelors_degree,Education & Certifications,Sales & Account Management
JOB00448,stakeholder_management,Business & Soft Skills,Sales & Account Management
JOB00448,cross_functional_collaboration,Business & Soft Skills,Sales & Account Management
JOB00448,problem_solving,Business & Soft Skills,Sales & Account Management
JOB00448,sales,Business & Soft Skills,Sales & Account Management
JOB00449,strategic_planning,Business & Soft Skills,Product & Customer Support
JOB00449,customer_service,Business & Soft Skills,Product & Customer Support
JOB00449,sales,Business & Soft Skills,Product & Customer Support
JOB00449,marketing,Business & Soft Skills,Product & Customer Support
JOB00449,consulting,Business & Soft Skills,Product & Customer Support
JOB00449,bachelors_degree,Education & Certifications,Product & Customer Support
JOB00450,google_cloud,Cloud & Infrastructure,Sales & Account Management
JOB00450,cloud_computing,Cloud & Infrastructure,Sales & Account Management
JOB00450,stakeholder_management,Business & Soft Skills,Sales & Account Management
JOB00450,presentation_skills,Business & Soft Skills,Sales & Account Management
JOB00450,sales,Business & Soft Skills,Sales & Account Management
JOB00450,bachelors_degree,Education & Certifications,Sales & Account Management
JOB00451,cross_functional_collaboration,Business & Soft Skills,Partnerships
JOB00451,problem_solving,Business & Soft Skills,Partnerships
JOB00451,strategic_planning,Business & Soft Skills,Partnerships
JOB00451,sales,Business & Soft Skills,Partnerships
JOB00451,marketing,Business & Soft Skills,Partnerships
JOB00451,bachelors_degree,Education & Certifications,Partnerships
JOB00452,stakeholder_management,Business & Soft Skills,Sales & Account Management
JOB00452,leadership,Business & Soft Skills,Sales & Account Management
JOB00452,cross_functional_collaboration,Business & Soft Skills,Sales & Account Management
JOB00452,strategic_planning,Business & Soft Skills,Sales & Account Management
JOB00452,sales,Business & Soft Skills,Sales & Account Management
JOB00452,marketing,Business & Soft Skills,Sales & Account Management
JOB00453,communication_skills,Business & Soft Skills,Partnerships
JOB00453,leadership,Business & Soft Skills,Partnerships
JOB00453,cross_functional_collaboration,Business & Soft Skills,Partnerships
JOB00453,problem_solving,Business & Soft Skills,Partnerships
JOB00453,bachelors_degree,Education & Certifications,Partnerships
JOB00454,sales,Business & Soft Skills,Sales & Account Management
JOB00454,marketing,Business & Soft Skills,Sales & Account Management
JOB00454,bachelors_degree,Education & Certifications,Sales & Account Management
JOB00455,stakeholder_management,Business & Soft Skills,Sales Operations
JOB00455,cross_functional_collaboration,Business & Soft Skills,Sales Operations
JOB00455,presentation_skills,Business & Soft Skills,Sales Operations
JOB00455,sales,Business & Soft Skills,Sales Operations
JOB00455,marketing,Business & Soft Skills,Sales Operations
JOB00455,consulting,Business & Soft Skills,Sales Operations
JOB00455,bachelors_degree,Education & Certifications,Sales Operations
JOB00456,google_cloud,Cloud & Infrastructure,Sales & Account Management
JOB00456,cross_functional_collaboration,Business & Soft Skills,Sales & Account Management
JOB00456,presentation_skills,Business & Soft Skills,Sales & Account Management
JOB00456,strategic_planning,Business & Soft Skills,Sales & Account Management
JOB00456,sales,Business & Soft Skills,Sales & Account Management
JOB00456,bachelors_degree,Education & Certifications,Sales & Account Management
JOB00456,computer_science_degree,Education & Certifications,Sales & Account Management
JOB00457,scala,Programming Languages,Sales & Account Management
JOB00457,data_analysis,Data & Machine Learning,Sales & Account Management
JOB00457,statistics,Data & Machine Learning,Sales & Account Management
JOB00457,strategic_planning,Business & Soft Skills,Sales & Account Management
JOB00457,sales,Business & Soft Skills,Sales & Account Management
JOB00457,marketing,Business & Soft Skills,Sales & Account Management
JOB00457,consulting,Business & Soft Skills,Sales & Account Management
JOB00457,bachelors_degree,Education & Certifications,Sales & Account Management
JOB00458,javascript,Programming Languages,Sales & Account Management
JOB00458,html_css,Web & Frameworks,Sales & Account Management
JOB00458,product_management,Business & Soft Skills,Sales & Account Management
JOB00458,stakeholder_management,Business & Soft Skills,Sales & Account Management
JOB00458,cross_functional_collaboration,Business & Soft Skills,Sales & Account Management
JOB00458,sales,Business & Soft Skills,Sales & Account Management
JOB00458,marketing,Business & Soft Skills,Sales & Account Management
JOB00459,compliance,Security,Partnerships
JOB00459,stakeholder_management,Business & Soft Skills,Partnerships
JOB00459,communication_skills,Business & Soft Skills,Partnerships
JOB00459,cross_functional_collaboration,Business & Soft Skills,Partnerships
JOB00459,strategic_planning,Business & Soft Skills,Partnerships
JOB00459,marketing,Business & Soft Skills,Partnerships
JOB00459,consulting,Business & Soft Skills,Partnerships
JOB00459,bachelors_degree,Education & Certifications,Partnerships
JOB00459,masters_degree,Education & Certifications,Partnerships
JOB00460,google_cloud,Cloud & Infrastructure,Sales & Account Management
JOB00460,cloud_computing,Cloud & Infrastructure,Sales & Account Management
JOB00460,product_management,Business & Soft Skills,Sales & Account Management
JOB00460,cross_functional_collaboration,Business & Soft Skills,Sales & Account Management
JOB00460,presentation_skills,Business & Soft Skills,Sales & Account Management
JOB00460,strategic_planning,Business & Soft Skills,Sales & Account Management
JOB00460,sales,Business & Soft Skills,Sales & Account Management
JOB00460,marketing,Business & Soft Skills,Sales & Account Management
JOB00460,bachelors_degree,Education & Certifications,Sales & Account Management
JOB00461,google_cloud,Cloud & Infrastructure,Sales & Account Management
JOB00461,cross_functional_collaboration,Business & Soft Skills,Sales & Account Management
JOB00461,presentation_skills,Business & Soft Skills,Sales & Account Management
JOB00461,strategic_planning,Business & Soft Skills,Sales & Account Management
JOB00461,sales,Business & Soft Skills,Sales & Account Management
JOB00461,computer_science_degree,Education & Certifications,Sales & Account Management
JOB00462,c_lang,Programming Languages,Sales & Account Management
JOB00462,data_analysis,Data & Machine Learning,Sales & Account Management
JOB00462,stakeholder_management,Business & Soft Skills,Sales & Account Management
JOB00462,sales,Business & Soft Skills,Sales & Account Management
JOB00462,marketing,Business & Soft Skills,Sales & Account Management
JOB00462,consulting,Business & Soft Skills,Sales & Account Management
JOB00462,bachelors_degree,Education & Certifications,Sales & Account Management
JOB00463,google_cloud,Cloud & Infrastructure,Sales Operations
JOB00463,project_management,Business & Soft Skills,Sales Operations
JOB00463,stakeholder_management,Business & Soft Skills,Sales Operations
JOB00463,communication_skills,Business & Soft Skills,Sales Operations
JOB00463,leadership,Business & Soft Skills,Sales Operations
JOB00463,problem_solving,Business & Soft Skills,Sales Operations
JOB00463,sales,Business & Soft Skills,Sales Operations
JOB00463,bachelors_degree,Education & Certifications,Sales Operations
JOB00464,python,Programming Languages,Partnerships
JOB00464,java,Programming Languages,Partnerships
JOB00464,ruby,Programming Languages,Partnerships
JOB00464,html_css,Web & Frameworks,Partnerships
JOB00464,rest_api,Web & Frameworks,Partnerships
JOB00464,project_management,Business & Soft Skills,Partnerships
JOB00464,product_management,Business & Soft Skills,Partnerships
JOB00464,communication_skills,Business & Soft Skills,Partnerships
JOB00464,cross_functional_collaboration,Business & Soft Skills,Partnerships
JOB00464,analytical_skills,Business & Soft Skills,Partnerships
JOB00464,negotiation,Business & Soft Skills,Partnerships
JOB00464,sales,Business & Soft Skills,Partnerships
JOB00464,computer_science_degree,Education & Certifications,Partnerships
JOB00465,go,Programming Languages,Sales & Account Management
JOB00465,sales,Business & Soft Skills,Sales & Account Management
JOB00465,bachelors_degree,Education & Certifications,Sales & Account Management
JOB00466,javascript,Programming Languages,Marketing & Communications
JOB00466,sql,Programming Languages,Marketing & Communications
JOB00466,php,Programming Languages,Marketing & Communications
JOB00466,data_visualization,Data & Machine Learning,Marketing & Communications
JOB00466,google_cloud,Cloud & Infrastructure,Marketing & Communications
JOB00466,databases_general,Databases,Marketing & Communications
JOB00466,mysql,Databases,Marketing & Communications
JOB00466,quality_assurance,Hardware & Manufacturing,Marketing & Communications
JOB00466,bachelors_degree,Education & Certifications,Marketing & Communications
JOB00466,computer_science_degree,Education & Certifications,Marketing & Communications
JOB00467,mobile_development,Web & Frameworks,Sales & Account Management
JOB00467,cross_functional_collaboration,Business & Soft Skills,Sales & Account Management
JOB00467,sales,Business & Soft Skills,Sales & Account Management
JOB00467,marketing,Business & Soft Skills,Sales & Account Management
JOB00468,google_cloud,Cloud & Infrastructure,Sales & Account Management
JOB00468,project_management,Business & Soft Skills,Sales & Account Management
JOB00468,stakeholder_management,Business & Soft Skills,Sales & Account Management
JOB00468,problem_solving,Business & Soft Skills,Sales & Account Management
JOB00468,sales,Business & Soft Skills,Sales & Account Management
JOB00468,bachelors_degree,Education & Certifications,Sales & Account Management
JOB00468,masters_degree,Education & Certifications,Sales & Account Management
JOB00469,c_lang,Programming Languages,Partnerships
JOB00469,leadership,Business & Soft Skills,Partnerships
JOB00469,cross_functional_collaboration,Business & Soft Skills,Partnerships
JOB00469,problem_solving,Business & Soft Skills,Partnerships
JOB00469,strategic_planning,Business & Soft Skills,Partnerships
JOB00469,sales,Business & Soft Skills,Partnerships
JOB00469,consulting,Business & Soft Skills,Partnerships
JOB00469,bachelors_degree,Education & Certifications,Partnerships
JOB00469,masters_degree,Education & Certifications,Partnerships
JOB00470,c_lang,Programming Languages,Finance
JOB00470,google_cloud,Cloud & Infrastructure,Finance
JOB00470,cloud_computing,Cloud & Infrastructure,Finance
JOB00470,project_management,Business & Soft Skills,Finance
JOB00470,cross_functional_collaboration,Business & Soft Skills,Finance
JOB00470,team_management,Business & Soft Skills,Finance
JOB00470,strategic_planning,Business & Soft Skills,Finance
JOB00470,sales,Business & Soft Skills,Finance
JOB00470,masters_degree,Education & Certifications,Finance
JOB00470,computer_science_degree,Education & Certifications,Finance
JOB00471,google_cloud,Cloud & Infrastructure,Sales Operations
JOB00471,cross_functional_collaboration,Business & Soft Skills,Sales Operations
JOB00471,analytical_skills,Business & Soft Skills,Sales Operations
JOB00471,strategic_planning,Business & Soft Skills,Sales Operations
JOB00471,sales,Business & Soft Skills,Sales Operations
JOB00471,bachelors_degree,Education & Certifications,Sales Operations
JOB00471,computer_science_degree,Education & Certifications,Sales Operations
JOB00472,scala,Programming Languages,Sales & Account Management
JOB00472,project_management,Business & Soft Skills,Sales & Account Management
JOB00472,stakeholder_management,Business & Soft Skills,Sales & Account Management
JOB00472,strategic_planning,Business & Soft Skills,Sales & Account Management
JOB00472,marketing,Business & Soft Skills,Sales & Account Management
JOB00472,bachelors_degree,Education & Certifications,Sales & Account Management
JOB00473,big_data,Data & Machine Learning,Sales Operations
JOB00473,google_cloud,Cloud & Infrastructure,Sales Operations
JOB00473,cloud_computing,Cloud & Infrastructure,Sales Operations
JOB00473,customer_service,Business & Soft Skills,Sales Operations
JOB00473,sales,Business & Soft Skills,Sales Operations
JOB00473,bachelors_degree,Education & Certifications,Sales Operations
JOB00473,computer_science_degree,Education & Certifications,Sales Operations
JOB00474,google_cloud,Cloud & Infrastructure,Sales & Account Management
JOB00474,project_management,Business & Soft Skills,Sales & Account Management
JOB00474,leadership,Business & Soft Skills,Sales & Account Management
JOB00474,team_management,Business & Soft Skills,Sales & Account Management
JOB00474,sales,Business & Soft Skills,Sales & Account Management
JOB00474,bachelors_degree,Education & Certifications,Sales & Account Management
JOB00475,big_data,Data & Machine Learning,Sales Operations
JOB00475,google_cloud,Cloud & Infrastructure,Sales Operations
JOB00475,cloud_computing,Cloud & Infrastructure,Sales Operations
JOB00475,customer_service,Business & Soft Skills,Sales Operations
JOB00475,sales,Business & Soft Skills,Sales Operations
JOB00475,bachelors_degree,Education & Certifications,Sales Operations
JOB00475,computer_science_degree,Education & Certifications,Sales Operations
JOB00476,google_cloud,Cloud & Infrastructure,Sales & Account Management
JOB00476,cross_functional_collaboration,Business & Soft Skills,Sales & Account Management
JOB00476,presentation_skills,Business & Soft Skills,Sales & Account Management
JOB00476,strategic_planning,Business & Soft Skills,Sales & Account Management
JOB00476,sales,Business & Soft Skills,Sales & Account Management
JOB00476,bachelors_degree,Education & Certifications,Sales & Account Management
JOB00477,google_cloud,Cloud & Infrastructure,Sales & Account Management
JOB00477,cross_functional_collaboration,Business & Soft Skills,Sales & Account Management
JOB00477,presentation_skills,Business & Soft Skills,Sales & Account Management
JOB00477,strategic_planning,Business & Soft Skills,Sales & Account Management
JOB00477,sales,Business & Soft Skills,Sales & Account Management
JOB00477,bachelors_degree,Education & Certifications,Sales & Account Management
JOB00477,computer_science_degree,Education & Certifications,Sales & Account Management
JOB00478,scala,Programming Languages,Sales & Account Management
JOB00478,google_cloud,Cloud & Infrastructure,Sales & Account Management
JOB00478,databases_general,Databases,Sales & Account Management
JOB00478,product_management,Business & Soft Skills,Sales & Account Management
JOB00478,stakeholder_management,Business & Soft Skills,Sales & Account Management
JOB00478,communication_skills,Business & Soft Skills,Sales & Account Management
JOB00478,cross_functional_collaboration,Business & Soft Skills,Sales & Account Management
JOB00478,agile_scrum,Business & Soft Skills,Sales & Account Management
JOB00478,team_management,Business & Soft Skills,Sales & Account Management
JOB00478,strategic_planning,Business & Soft Skills,Sales & Account Management
JOB00478,sales,Business & Soft Skills,Sales & Account Management
JOB00478,marketing,Business & Soft Skills,Sales & Account Management
JOB00478,bachelors_degree,Education & Certifications,Sales & Account Management
JOB00478,masters_degree,Education & Certifications,Sales & Account Management
JOB00479,google_cloud,Cloud & Infrastructure,Sales & Account Management
JOB00479,cloud_computing,Cloud & Infrastructure,Sales & Account Management
JOB00479,stakeholder_management,Business & Soft Skills,Sales & Account Management
JOB00479,leadership,Business & Soft Skills,Sales & Account Management
JOB00479,cross_functional_collaboration,Business & Soft Skills,Sales & Account Management
JOB00479,strategic_planning,Business & Soft Skills,Sales & Account Management
JOB00479,sales,Business & Soft Skills,Sales & Account Management
JOB00479,marketing,Business & Soft Skills,Sales & Account Management
JOB00479,bachelors_degree,Education & Certifications,Sales & Account Management
JOB00479,masters_degree,Education & Certifications,Sales & Account Management
JOB00479,computer_science_degree,Education & Certifications,Sales & Account Management
JOB00480,scala,Programming Languages,Partnerships
JOB00480,google_cloud,Cloud & Infrastructure,Partnerships
JOB00480,databases_general,Databases,Partnerships
JOB00480,product_management,Business & Soft Skills,Partnerships
JOB00480,stakeholder_management,Business & Soft Skills,Partnerships
JOB00480,communication_skills,Business & Soft Skills,Partnerships
JOB00480,cross_functional_collaboration,Business & Soft Skills,Partnerships
JOB00480,agile_scrum,Business & Soft Skills,Partnerships
JOB00480,strategic_planning,Business & Soft Skills,Partnerships
JOB00480,sales,Business & Soft Skills,Partnerships
JOB00480,marketing,Business & Soft Skills,Partnerships
JOB00480,bachelors_degree,Education & Certifications,Partnerships
JOB00480,masters_degree,Education & Certifications,Partnerships
JOB00481,stakeholder_management,Business & Soft Skills,Sales & Account Management
JOB00481,team_management,Business & Soft Skills,Sales & Account Management
JOB00481,sales,Business & Soft Skills,Sales & Account Management
JOB00481,bachelors_degree,Education & Certifications,Sales & Account Management
JOB00482,google_cloud,Cloud & Infrastructure,Product & Customer Support
JOB00482,marketing,Business & Soft Skills,Product & Customer Support
JOB00482,bachelors_degree,Education & Certifications,Product & Customer Support
JOB00483,cross_functional_collaboration,Business & Soft Skills,Sales & Account Management
JOB00483,strategic_planning,Business & Soft Skills,Sales & Account Management
JOB00483,sales,Business & Soft Skills,Sales & Account Management
JOB00483,marketing,Business & Soft Skills,Sales & Account Management
JOB00483,consulting,Business & Soft Skills,Sales & Account Management
JOB00484,go,Programming Languages,Partnerships
JOB00484,scala,Programming Languages,Partnerships
JOB00484,google_cloud,Cloud & Infrastructure,Partnerships
JOB00484,product_management,Business & Soft Skills,Partnerships
JOB00484,stakeholder_management,Business & Soft Skills,Partnerships
JOB00484,communication_skills,Business & Soft Skills,Partnerships
JOB00484,leadership,Business & Soft Skills,Partnerships
JOB00484,cross_functional_collaboration,Business & Soft Skills,Partnerships
JOB00484,agile_scrum,Business & Soft Skills,Partnerships
JOB00484,strategic_planning,Business & Soft Skills,Partnerships
JOB00484,sales,Business & Soft Skills,Partnerships
JOB00484,marketing,Business & Soft Skills,Partnerships
JOB00484,bachelors_degree,Education & Certifications,Partnerships
JOB00484,masters_degree,Education & Certifications,Partnerships
JOB00485,google_cloud,Cloud & Infrastructure,Sales Operations
JOB00485,cross_functional_collaboration,Business & Soft Skills,Sales Operations
JOB00485,analytical_skills,Business & Soft Skills,Sales Operations
JOB00485,strategic_planning,Business & Soft Skills,Sales Operations
JOB00485,sales,Business & Soft Skills,Sales Operations
JOB00485,bachelors_degree,Education & Certifications,Sales Operations
JOB00485,computer_science_degree,Education & Certifications,Sales Operations
JOB00486,sql,Programming Languages,Sales & Account Management
JOB00486,big_data,Data & Machine Learning,Sales & Account Management
JOB00486,spanner_bigtable,Databases,Sales & Account Management
JOB00486,leadership,Business & Soft Skills,Sales & Account Management
JOB00486,problem_solving,Business & Soft Skills,Sales & Account Management
JOB00486,strategic_planning,Business & Soft Skills,Sales & Account Management
JOB00486,sales,Business & Soft Skills,Sales & Account Management
JOB00486,bachelors_degree,Education & Certifications,Sales & Account Management
JOB00487,stakeholder_management,Business & Soft Skills,Sales & Account Management
JOB00487,cross_functional_collaboration,Business & Soft Skills,Sales & Account Management
JOB00487,strategic_planning,Business & Soft Skills,Sales & Account Management
JOB00487,sales,Business & Soft Skills,Sales & Account Management
JOB00487,marketing,Business & Soft Skills,Sales & Account Management
JOB00487,bachelors_degree,Education & Certifications,Sales & Account Management
JOB00488,google_cloud,Cloud & Infrastructure,Product & Customer Support
JOB00488,cloud_computing,Cloud & Infrastructure,Product & Customer Support
JOB00488,project_management,Business & Soft Skills,Product & Customer Support
JOB00488,stakeholder_management,Business & Soft Skills,Product & Customer Support
JOB00488,cross_functional_collaboration,Business & Soft Skills,Product & Customer Support
JOB00488,analytical_skills,Business & Soft Skills,Product & Customer Support
JOB00488,presentation_skills,Business & Soft Skills,Product & Customer Support
JOB00488,strategic_planning,Business & Soft Skills,Product & Customer Support
JOB00488,customer_service,Business & Soft Skills,Product & Customer Support
JOB00488,sales,Business & Soft Skills,Product & Customer Support
JOB00488,marketing,Business & Soft Skills,Product & Customer Support
JOB00488,consulting,Business & Soft Skills,Product & Customer Support
JOB00488,bachelors_degree,Education & Certifications,Product & Customer Support
JOB00489,communication_skills,Business & Soft Skills,Sales & Account Management
JOB00489,sales,Business & Soft Skills,Sales & Account Management
JOB00489,bachelors_degree,Education & Certifications,Sales & Account Management
JOB00490,customer_service,Business & Soft Skills,Product & Customer Support
JOB00490,sales,Business & Soft Skills,Product & Customer Support
JOB00490,marketing,Business & Soft Skills,Product & Customer Support
JOB00490,consulting,Business & Soft Skills,Product & Customer Support
JOB00490,bachelors_degree,Education & Certifications,Product & Customer Support
JOB00491,python,Programming Languages,Product & Customer Support
JOB00491,java,Programming Languages,Product & Customer Support
JOB00491,c++,Programming Languages,Product & Customer Support
JOB00491,c_lang,Programming Languages,Product & Customer Support
JOB00491,sql,Programming Languages,Product & Customer Support
JOB00491,machine_learning,Data & Machine Learning,Product & Customer Support
JOB00491,data_analysis,Data & Machine Learning,Product & Customer Support
JOB00491,statistics,Data & Machine Learning,Product & Customer Support
JOB00491,program_management,Business & Soft Skills,Product & Customer Support
JOB00491,communication_skills,Business & Soft Skills,Product & Customer Support
JOB00491,problem_solving,Business & Soft Skills,Product & Customer Support
JOB00492,scala,Programming Languages,Sales & Account Management
JOB00492,strategic_planning,Business & Soft Skills,Sales & Account Management
JOB00492,sales,Business & Soft Skills,Sales & Account Management
JOB00492,marketing,Business & Soft Skills,Sales & Account Management
JOB00492,consulting,Business & Soft Skills,Sales & Account Management
JOB00492,bachelors_degree,Education & Certifications,Sales & Account Management
JOB00493,c_lang,Programming Languages,Sales & Account Management
JOB00493,big_data,Data & Machine Learning,Sales & Account Management
JOB00493,google_cloud,Cloud & Infrastructure,Sales & Account Management
JOB00493,sales,Business & Soft Skills,Sales & Account Management
JOB00493,marketing,Business & Soft Skills,Sales & Account Management
JOB00493,bachelors_degree,Education & Certifications,Sales & Account Management
JOB00494,project_management,Business & Soft Skills,Partnerships
JOB00494,communication_skills,Business & Soft Skills,Partnerships
JOB00494,cross_functional_collaboration,Business & Soft Skills,Partnerships
JOB00494,hardware_engineering,Hardware & Manufacturing,Partnerships
JOB00494,bachelors_degree,Education & Certifications,Partnerships
JOB00495,communication_skills,Business & Soft Skills,Sales & Account Management
JOB00495,budget_management,Business & Soft Skills,Sales & Account Management
JOB00495,sales,Business & Soft Skills,Sales & Account Management
JOB00495,marketing,Business & Soft Skills,Sales & Account Management
JOB00496,sales,Business & Soft Skills,Sales & Account Management
JOB00496,bachelors_degree,Education & Certifications,Sales & Account Management
JOB00497,google_cloud,Cloud & Infrastructure,Sales & Account Management
JOB00497,cloud_computing,Cloud & Infrastructure,Sales & Account Management
JOB00497,project_management,Business & Soft Skills,Sales & Account Management
JOB00497,product_management,Business & Soft Skills,Sales & Account Management
JOB00497,cross_functional_collaboration,Business & Soft Skills,Sales & Account Management
JOB00497,presentation_skills,Business & Soft Skills,Sales & Account Management
JOB00497,strategic_planning,Business & Soft Skills,Sales & Account Management
JOB00497,sales,Business & Soft Skills,Sales & Account Management
JOB00497,marketing,Business & Soft Skills,Sales & Account Management
JOB00497,computer_science_degree,Education & Certifications,Sales & Account Management
JOB00498,data_analysis,Data & Machine Learning,Sales & Account Management
JOB00498,leadership,Business & Soft Skills,Sales & Account Management
JOB00498,sales,Business & Soft Skills,Sales & Account Management
JOB00498,marketing,Business & Soft Skills,Sales & Account Management
JOB00498,consulting,Business & Soft Skills,Sales & Account Management
JOB00498,bachelors_degree,Education & Certifications,Sales & Account Management
JOB00499,cross_functional_collaboration,Business & Soft Skills,Sales & Account Management
JOB00499,analytical_skills,Business & Soft Skills,Sales & Account Management
JOB00499,strategic_planning,Business & Soft Skills,Sales & Account Management
JOB00499,sales,Business & Soft Skills,Sales & Account Management
JOB00499,marketing,Business & Soft Skills,Sales & Account Management
JOB00499,bachelors_degree,Education & Certifications,Sales & Account Management
JOB00499,masters_degree,Education & Certifications,Sales & Account Management
JOB00500,big_data,Data & Machine Learning,Product & Customer Support
JOB00500,google_cloud,Cloud & Infrastructure,Product & Customer Support
JOB00500,cloud_computing,Cloud & Infrastructure,Product & Customer Support
JOB00500,customer_service,Business & Soft Skills,Product & Customer Support
JOB00500,sales,Business & Soft Skills,Product & Customer Support
JOB00500,bachelors_degree,Education & Certifications,Product & Customer Support
JOB00500,computer_science_degree,Education & Certifications,Product & Customer Support
JOB00501,mobile_development,Web & Frameworks,Sales & Account Management
JOB00501,stakeholder_management,Business & Soft Skills,Sales & Account Management
JOB00501,cross_functional_collaboration,Business & Soft Skills,Sales & Account Management
JOB00501,problem_solving,Business & Soft Skills,Sales & Account Management
JOB00501,analytical_skills,Business & Soft Skills,Sales & Account Management
JOB00501,strategic_planning,Business & Soft Skills,Sales & Account Management
JOB00501,sales,Business & Soft Skills,Sales & Account Management
JOB00501,marketing,Business & Soft Skills,Sales & Account Management
JOB00501,bachelors_degree,Education & Certifications,Sales & Account Management
JOB00502,sales,Business & Soft Skills,Sales & Account Management
JOB00502,bachelors_degree,Education & Certifications,Sales & Account Management
JOB00503,communication_skills,Business & Soft Skills,Partnerships
JOB00503,leadership,Business & Soft Skills,Partnerships
JOB00503,cross_functional_collaboration,Business & Soft Skills,Partnerships
JOB00503,problem_solving,Business & Soft Skills,Partnerships
JOB00503,bachelors_degree,Education & Certifications,Partnerships
JOB00504,go,Programming Languages,Partnerships
JOB00504,scala,Programming Languages,Partnerships
JOB00504,google_cloud,Cloud & Infrastructure,Partnerships
JOB00504,product_management,Business & Soft Skills,Partnerships
JOB00504,stakeholder_management,Business & Soft Skills,Partnerships
JOB00504,communication_skills,Business & Soft Skills,Partnerships
JOB00504,leadership,Business & Soft Skills,Partnerships
JOB00504,cross_functional_collaboration,Business & Soft Skills,Partnerships
JOB00504,agile_scrum,Business & Soft Skills,Partnerships
JOB00504,strategic_planning,Business & Soft Skills,Partnerships
JOB00504,sales,Business & Soft Skills,Partnerships
JOB00504,marketing,Business & Soft Skills,Partnerships
JOB00504,bachelors_degree,Education & Certifications,Partnerships
JOB00504,masters_degree,Education & Certifications,Partnerships
JOB00505,google_cloud,Cloud & Infrastructure,Sales & Account Management
JOB00505,cross_functional_collaboration,Business & Soft Skills,Sales & Account Management
JOB00505,presentation_skills,Business & Soft Skills,Sales & Account Management
JOB00505,strategic_planning,Business & Soft Skills,Sales & Account Management
JOB00505,sales,Business & Soft Skills,Sales & Account Management
JOB00505,bachelors_degree,Education & Certifications,Sales & Account Management
JOB00505,computer_science_degree,Education & Certifications,Sales & Account Management
JOB00506,stakeholder_management,Business & Soft Skills,Sales Operations
JOB00506,cross_functional_collaboration,Business & Soft Skills,Sales Operations
JOB00506,presentation_skills,Business & Soft Skills,Sales Operations
JOB00506,sales,Business & Soft Skills,Sales Operations
JOB00506,marketing,Business & Soft Skills,Sales Operations
JOB00506,consulting,Business & Soft Skills,Sales Operations
JOB00506,bachelors_degree,Education & Certifications,Sales Operations
JOB00507,python,Programming Languages,Sales Operations
JOB00507,java,Programming Languages,Sales Operations
JOB00507,javascript,Programming Languages,Sales Operations
JOB00507,php,Programming Languages,Sales Operations
JOB00507,big_data,Data & Machine Learning,Sales Operations
JOB00507,google_cloud,Cloud & Infrastructure,Sales Operations
JOB00507,cloud_computing,Cloud & Infrastructure,Sales Operations
JOB00507,linux,Cloud & Infrastructure,Sales Operations
JOB00507,networking,Cloud & Infrastructure,Sales Operations
JOB00507,html_css,Web & Frameworks,Sales Operations
JOB00507,strategic_planning,Business & Soft Skills,Sales Operations
JOB00507,sales,Business & Soft Skills,Sales Operations
JOB00507,bachelors_degree,Education & Certifications,Sales Operations
JOB00507,computer_science_degree,Education & Certifications,Sales Operations
JOB00508,google_cloud,Cloud & Infrastructure,Sales & Account Management
JOB00508,cloud_computing,Cloud & Infrastructure,Sales & Account Management
JOB00508,product_management,Business & Soft Skills,Sales & Account Management
JOB00508,stakeholder_management,Business & Soft Skills,Sales & Account Management
JOB00508,leadership,Business & Soft Skills,Sales & Account Management
JOB00508,cross_functional_collaboration,Business & Soft Skills,Sales & Account Management
JOB00508,team_management,Business & Soft Skills,Sales & Account Management
JOB00508,strategic_planning,Business & Soft Skills,Sales & Account Management
JOB00508,sales,Business & Soft Skills,Sales & Account Management
JOB00508,marketing,Business & Soft Skills,Sales & Account Management
JOB00508,bachelors_degree,Education & Certifications,Sales & Account Management
JOB00508,masters_degree,Education & Certifications,Sales & Account Management
JOB00508,computer_science_degree,Education & Certifications,Sales & Account Management
JOB00509,c_lang,Programming Languages,Legal & Government Relations
JOB00509,google_cloud,Cloud & Infrastructure,Legal & Government Relations
JOB00509,cloud_computing,Cloud & Infrastructure,Legal & Government Relations
JOB00509,databases_general,Databases,Legal & Government Relations
JOB00509,leadership,Business & Soft Skills,Legal & Government Relations
JOB00509,cross_functional_collaboration,Business & Soft Skills,Legal & Government Relations
JOB00509,strategic_planning,Business & Soft Skills,Legal & Government Relations
JOB00509,sales,Business & Soft Skills,Legal & Government Relations
JOB00509,marketing,Business & Soft Skills,Legal & Government Relations
JOB00509,masters_degree,Education & Certifications,Legal & Government Relations
JOB00510,c_lang,Programming Languages,Sales & Account Management
JOB00510,project_management,Business & Soft Skills,Sales & Account Management
JOB00510,cross_functional_collaboration,Business & Soft Skills,Sales & Account Management
JOB00510,strategic_planning,Business & Soft Skills,Sales & Account Management
JOB00510,sales,Business & Soft Skills,Sales & Account Management
JOB00510,marketing,Business & Soft Skills,Sales & Account Management
JOB00510,bachelors_degree,Education & Certifications,Sales & Account Management
JOB00511,scala,Programming Languages,Sales & Account Management
JOB00511,stakeholder_management,Business & Soft Skills,Sales & Account Management
JOB00511,communication_skills,Business & Soft Skills,Sales & Account Management
JOB00511,leadership,Business & Soft Skills,Sales & Account Management
JOB00511,sales,Business & Soft Skills,Sales & Account Management
JOB00511,marketing,Business & Soft Skills,Sales & Account Management
JOB00511,consulting,Business & Soft Skills,Sales & Account Management
JOB00511,bachelors_degree,Education & Certifications,Sales & Account Management
JOB00512,go,Programming Languages,Partnerships
JOB00512,google_cloud,Cloud & Infrastructure,Partnerships
JOB00512,cloud_computing,Cloud & Infrastructure,Partnerships
JOB00512,databases_general,Databases,Partnerships
JOB00512,product_management,Business & Soft Skills,Partnerships
JOB00512,stakeholder_management,Business & Soft Skills,Partnerships
JOB00512,leadership,Business & Soft Skills,Partnerships
JOB00512,agile_scrum,Business & Soft Skills,Partnerships
JOB00512,strategic_planning,Business & Soft Skills,Partnerships
JOB00512,sales,Business & Soft Skills,Partnerships
JOB00512,marketing,Business & Soft Skills,Partnerships
JOB00512,bachelors_degree,Education & Certifications,Partnerships
JOB00512,masters_degree,Education & Certifications,Partnerships
JOB00513,c_lang,Programming Languages,Partnerships
JOB00513,google_cloud,Cloud & Infrastructure,Partnerships
JOB00513,stakeholder_management,Business & Soft Skills,Partnerships
JOB00513,communication_skills,Business & Soft Skills,Partnerships
JOB00513,negotiation,Business & Soft Skills,Partnerships
JOB00513,sales,Business & Soft Skills,Partnerships
JOB00513,masters_degree,Education & Certifications,Partnerships
JOB00514,google_cloud,Cloud & Infrastructure,Sales & Account Management
JOB00514,cloud_computing,Cloud & Infrastructure,Sales & Account Management
JOB00514,project_management,Business & Soft Skills,Sales & Account Management
JOB00514,stakeholder_management,Business & Soft Skills,Sales & Account Management
JOB00514,cross_functional_collaboration,Business & Soft Skills,Sales & Account Management
JOB00514,analytical_skills,Business & Soft Skills,Sales & Account Management
JOB00514,presentation_skills,Business & Soft Skills,Sales & Account Management
JOB00514,strategic_planning,Business & Soft Skills,Sales & Account Management
JOB00514,customer_service,Business & Soft Skills,Sales & Account Management
JOB00514,sales,Business & Soft Skills,Sales & Account Management
JOB00514,marketing,Business & Soft Skills,Sales & Account Management
JOB00514,consulting,Business & Soft Skills,Sales & Account Management
JOB00514,bachelors_degree,Education & Certifications,Sales & Account Management
JOB00515,data_visualization,Data & Machine Learning,Sales & Account Management
JOB00515,mobile_development,Web & Frameworks,Sales & Account Management
JOB00515,problem_solving,Business & Soft Skills,Sales & Account Management
JOB00515,analytical_skills,Business & Soft Skills,Sales & Account Management
JOB00515,sales,Business & Soft Skills,Sales & Account Management
JOB00515,bachelors_degree,Education & Certifications,Sales & Account Management
JOB00516,c_lang,Programming Languages,Sales Operations
JOB00516,big_data,Data & Machine Learning,Sales Operations
JOB00516,google_cloud,Cloud & Infrastructure,Sales Operations
JOB00516,cloud_computing,Cloud & Infrastructure,Sales Operations
JOB00516,sales,Business & Soft Skills,Sales Operations
JOB00516,marketing,Business & Soft Skills,Sales Operations
JOB00516,bachelors_degree,Education & Certifications,Sales Operations
JOB00517,google_cloud,Cloud & Infrastructure,Sales & Account Management
JOB00517,project_management,Business & Soft Skills,Sales & Account Management
JOB00517,stakeholder_management,Business & Soft Skills,Sales & Account Management
JOB00517,problem_solving,Business & Soft Skills,Sales & Account Management
JOB00517,sales,Business & Soft Skills,Sales & Account Management
JOB00517,bachelors_degree,Education & Certifications,Sales & Account Management
JOB00517,masters_degree,Education & Certifications,Sales & Account Management
JOB00518,google_cloud,Cloud & Infrastructure,Sales & Account Management
JOB00518,cloud_computing,Cloud & Infrastructure,Sales & Account Management
JOB00518,stakeholder_management,Business & Soft Skills,Sales & Account Management
JOB00518,leadership,Business & Soft Skills,Sales & Account Management
JOB00518,cross_functional_collaboration,Business & Soft Skills,Sales & Account Management
JOB00518,strategic_planning,Business & Soft Skills,Sales & Account Management
JOB00518,sales,Business & Soft Skills,Sales & Account Management
JOB00518,marketing,Business & Soft Skills,Sales & Account Management
JOB00518,bachelors_degree,Education & Certifications,Sales & Account Management
JOB00518,masters_degree,Education & Certifications,Sales & Account Management
JOB00518,computer_science_degree,Education & Certifications,Sales & Account Management
JOB00519,c_lang,Programming Languages,Sales & Account Management
JOB00519,big_data,Data & Machine Learning,Sales & Account Management
JOB00519,google_cloud,Cloud & Infrastructure,Sales & Account Management
JOB00519,sales,Business & Soft Skills,Sales & Account Management
JOB00519,marketing,Business & Soft Skills,Sales & Account Management
JOB00519,bachelors_degree,Education & Certifications,Sales & Account Management
JOB00520,project_management,Business & Soft Skills,Sales & Account Management
JOB00520,product_management,Business & Soft Skills,Sales & Account Management
JOB00520,cross_functional_collaboration,Business & Soft Skills,Sales & Account Management
JOB00520,negotiation,Business & Soft Skills,Sales & Account Management
JOB00520,strategic_planning,Business & Soft Skills,Sales & Account Management
JOB00520,marketing,Business & Soft Skills,Sales & Account Management
JOB00520,bachelors_degree,Education & Certifications,Sales & Account Management
JOB00520,masters_degree,Education & Certifications,Sales & Account Management
JOB00521,scala,Programming Languages,Product & Customer Support
JOB00521,project_management,Business & Soft Skills,Product & Customer Support
JOB00521,cross_functional_collaboration,Business & Soft Skills,Product & Customer Support
JOB00521,problem_solving,Business & Soft Skills,Product & Customer Support
JOB00521,analytical_skills,Business & Soft Skills,Product & Customer Support
JOB00521,customer_service,Business & Soft Skills,Product & Customer Support
JOB00521,sales,Business & Soft Skills,Product & Customer Support
JOB00521,consulting,Business & Soft Skills,Product & Customer Support
JOB00521,hardware_engineering,Hardware & Manufacturing,Product & Customer Support
JOB00521,bachelors_degree,Education & Certifications,Product & Customer Support
JOB00522,c_lang,Programming Languages,Sales & Account Management
JOB00522,communication_skills,Business & Soft Skills,Sales & Account Management
JOB00522,strategic_planning,Business & Soft Skills,Sales & Account Management
JOB00522,bachelors_degree,Education & Certifications,Sales & Account Management
JOB00523,google_cloud,Cloud & Infrastructure,Sales Operations
JOB00523,cross_functional_collaboration,Business & Soft Skills,Sales Operations
JOB00523,analytical_skills,Business & Soft Skills,Sales Operations
JOB00523,strategic_planning,Business & Soft Skills,Sales Operations
JOB00523,sales,Business & Soft Skills,Sales Operations
JOB00523,bachelors_degree,Education & Certifications,Sales Operations
JOB00523,computer_science_degree,Education & Certifications,Sales Operations
JOB00524,scala,Programming Languages,Product & Customer Support
JOB00524,stakeholder_management,Business & Soft Skills,Product & Customer Support
JOB00524,communication_skills,Business & Soft Skills,Product & Customer Support
JOB00524,strategic_planning,Business & Soft Skills,Product & Customer Support
JOB00524,marketing,Business & Soft Skills,Product & Customer Support
JOB00524,hardware_engineering,Hardware & Manufacturing,Product & Customer Support
JOB00525,problem_solving,Business & Soft Skills,Sales & Account Management
JOB00525,sales,Business & Soft Skills,Sales & Account Management
JOB00525,bachelors_degree,Education & Certifications,Sales & Account Management
JOB00526,data_analysis,Data & Machine Learning,Partnerships
JOB00526,big_data,Data & Machine Learning,Partnerships
JOB00526,project_management,Business & Soft Skills,Partnerships
JOB00526,leadership,Business & Soft Skills,Partnerships
JOB00526,strategic_planning,Business & Soft Skills,Partnerships
JOB00526,consulting,Business & Soft Skills,Partnerships
JOB00526,hardware_engineering,Hardware & Manufacturing,Partnerships
JOB00526,bachelors_degree,Education & Certifications,Partnerships
JOB00527,cross_functional_collaboration,Business & Soft Skills,Sales & Account Management
JOB00527,sales,Business & Soft Skills,Sales & Account Management
JOB00527,bachelors_degree,Education & Certifications,Sales & Account Management
JOB00528,cross_functional_collaboration,Business & Soft Skills,Partnerships
JOB00528,sales,Business & Soft Skills,Partnerships
JOB00528,bachelors_degree,Education & Certifications,Partnerships
JOB00528,masters_degree,Education & Certifications,Partnerships
JOB00529,strategic_planning,Business & Soft Skills,Sales & Account Management
JOB00529,sales,Business & Soft Skills,Sales & Account Management
JOB00529,marketing,Business & Soft Skills,Sales & Account Management
JOB00529,consulting,Business & Soft Skills,Sales & Account Management
JOB00529,bachelors_degree,Education & Certifications,Sales & Account Management
JOB00530,java,Programming Languages,Partnerships
JOB00530,javascript,Programming Languages,Partnerships
JOB00530,c_lang,Programming Languages,Partnerships
JOB00530,scala,Programming Languages,Partnerships
JOB00530,php,Programming Languages,Partnerships
JOB00530,html_css,Web & Frameworks,Partnerships
JOB00530,android,Web & Frameworks,Partnerships
JOB00530,ios,Web & Frameworks,Partnerships
JOB00530,mobile_development,Web & Frameworks,Partnerships
JOB00530,project_management,Business & Soft Skills,Partnerships
JOB00530,product_management,Business & Soft Skills,Partnerships
JOB00530,stakeholder_management,Business & Soft Skills,Partnerships
JOB00530,cross_functional_collaboration,Business & Soft Skills,Partnerships
JOB00530,presentation_skills,Business & Soft Skills,Partnerships
JOB00530,sales,Business & Soft Skills,Partnerships
JOB00530,bachelors_degree,Education & Certifications,Partnerships
JOB00531,go,Programming Languages,Sales & Account Management
JOB00531,google_cloud,Cloud & Infrastructure,Sales & Account Management
JOB00531,cloud_computing,Cloud & Infrastructure,Sales & Account Management
JOB00531,networking,Cloud & Infrastructure,Sales & Account Management
JOB00531,sales,Business & Soft Skills,Sales & Account Management
JOB00531,marketing,Business & Soft Skills,Sales & Account Management
JOB00531,bachelors_degree,Education & Certifications,Sales & Account Management
JOB00532,go,Programming Languages,Sales & Account Management
JOB00532,big_data,Data & Machine Learning,Sales & Account Management
JOB00532,google_cloud,Cloud & Infrastructure,Sales & Account Management
JOB00532,team_management,Business & Soft Skills,Sales & Account Management
JOB00532,strategic_planning,Business & Soft Skills,Sales & Account Management
JOB00532,sales,Business & Soft Skills,Sales & Account Management
JOB00532,marketing,Business & Soft Skills,Sales & Account Management
JOB00532,bachelors_degree,Education & Certifications,Sales & Account Management
JOB00533,google_cloud,Cloud & Infrastructure,Sales & Account Management
JOB00533,cloud_computing,Cloud & Infrastructure,Sales & Account Management
JOB00533,product_management,Business & Soft Skills,Sales & Account Management
JOB00533,stakeholder_management,Business & Soft Skills,Sales & Account Management
JOB00533,leadership,Business & Soft Skills,Sales & Account Management
JOB00533,cross_functional_collaboration,Business & Soft Skills,Sales & Account Management
JOB00533,team_management,Business & Soft Skills,Sales & Account Management
JOB00533,strategic_planning,Business & Soft Skills,Sales & Account Management
JOB00533,sales,Business & Soft Skills,Sales & Account Management
JOB00533,marketing,Business & Soft Skills,Sales & Account Management
JOB00533,bachelors_degree,Education & Certifications,Sales & Account Management
JOB00533,masters_degree,Education & Certifications,Sales & Account Management
JOB00533,computer_science_degree,Education & Certifications,Sales & Account Management
JOB00534,google_cloud,Cloud & Infrastructure,Sales & Account Management
JOB00534,cloud_computing,Cloud & Infrastructure,Sales & Account Management
JOB00534,stakeholder_management,Business & Soft Skills,Sales & Account Management
JOB00534,leadership,Business & Soft Skills,Sales & Account Management
JOB00534,cross_functional_collaboration,Business & Soft Skills,Sales & Account Management
JOB00534,strategic_planning,Business & Soft Skills,Sales & Account Management
JOB00534,sales,Business & Soft Skills,Sales & Account Management
JOB00534,marketing,Business & Soft Skills,Sales & Account Management
JOB00534,bachelors_degree,Education & Certifications,Sales & Account Management
JOB00534,masters_degree,Education & Certifications,Sales & Account Management
JOB00534,computer_science_degree,Education & Certifications,Sales & Account Management
JOB00535,scala,Programming Languages,Sales & Account Management
JOB00535,big_data,Data & Machine Learning,Sales & Account Management
JOB00535,google_cloud,Cloud & Infrastructure,Sales & Account Management
JOB00535,cloud_computing,Cloud & Infrastructure,Sales & Account Management
JOB00535,distributed_systems,Cloud & Infrastructure,Sales & Account Management
JOB00535,presentation_skills,Business & Soft Skills,Sales & Account Management
JOB00535,strategic_planning,Business & Soft Skills,Sales & Account Management
JOB00535,sales,Business & Soft Skills,Sales & Account Management
JOB00535,bachelors_degree,Education & Certifications,Sales & Account Management
JOB00535,computer_science_degree,Education & Certifications,Sales & Account Management
JOB00536,scala,Programming Languages,Sales Operations
JOB00536,google_cloud,Cloud & Infrastructure,Sales Operations
JOB00536,cloud_computing,Cloud & Infrastructure,Sales Operations
JOB00536,cross_functional_collaboration,Business & Soft Skills,Sales Operations
JOB00536,sales,Business & Soft Skills,Sales Operations
JOB00536,bachelors_degree,Education & Certifications,Sales Operations
JOB00537,javascript,Programming Languages,Sales & Account Management
JOB00537,sql,Programming Languages,Sales & Account Management
JOB00537,scala,Programming Languages,Sales & Account Management
JOB00537,html_css,Web & Frameworks,Sales & Account Management
JOB00537,project_management,Business & Soft Skills,Sales & Account Management
JOB00537,stakeholder_management,Business & Soft Skills,Sales & Account Management
JOB00537,cross_functional_collaboration,Business & Soft Skills,Sales & Account Management
JOB00537,sales,Business & Soft Skills,Sales & Account Management
JOB00538,c_lang,Programming Languages,Sales & Account Management
JOB00538,project_management,Business & Soft Skills,Sales & Account Management
JOB00538,cross_functional_collaboration,Business & Soft Skills,Sales & Account Management
JOB00538,strategic_planning,Business & Soft Skills,Sales & Account Management
JOB00538,sales,Business & Soft Skills,Sales & Account Management
JOB00538,marketing,Business & Soft Skills,Sales & Account Management
JOB00538,bachelors_degree,Education & Certifications,Sales & Account Management
JOB00539,go,Programming Languages,Sales & Account Management
JOB00539,rest_api,Web & Frameworks,Sales & Account Management
JOB00539,compliance,Security,Sales & Account Management
JOB00539,product_management,Business & Soft Skills,Sales & Account Management
JOB00539,stakeholder_management,Business & Soft Skills,Sales & Account Management
JOB00539,leadership,Business & Soft Skills,Sales & Account Management
JOB00539,cross_functional_collaboration,Business & Soft Skills,Sales & Account Management
JOB00539,analytical_skills,Business & Soft Skills,Sales & Account Management
JOB00539,team_management,Business & Soft Skills,Sales & Account Management
JOB00539,customer_service,Business & Soft Skills,Sales & Account Management
JOB00539,sales,Business & Soft Skills,Sales & Account Management
JOB00539,marketing,Business & Soft Skills,Sales & Account Management
JOB00539,consulting,Business & Soft Skills,Sales & Account Management
JOB00539,bachelors_degree,Education & Certifications,Sales & Account Management
JOB00540,problem_solving,Business & Soft Skills,Product & Customer Support
JOB00540,analytical_skills,Business & Soft Skills,Product & Customer Support
JOB00540,customer_service,Business & Soft Skills,Product & Customer Support
JOB00540,sales,Business & Soft Skills,Product & Customer Support
JOB00540,marketing,Business & Soft Skills,Product & Customer Support
JOB00540,consulting,Business & Soft Skills,Product & Customer Support
JOB00540,phd,Education & Certifications,Product & Customer Support
JOB00541,strategic_planning,Business & Soft Skills,Product & Customer Support
JOB00541,customer_service,Business & Soft Skills,Product & Customer Support
JOB00541,sales,Business & Soft Skills,Product & Customer Support
JOB00541,marketing,Business & Soft Skills,Product & Customer Support
JOB00541,consulting,Business & Soft Skills,Product & Customer Support
JOB00542,c_lang,Programming Languages,Product & Customer Support
JOB00542,google_cloud,Cloud & Infrastructure,Product & Customer Support
JOB00542,cloud_computing,Cloud & Infrastructure,Product & Customer Support
JOB00542,project_management,Business & Soft Skills,Product & Customer Support
JOB00542,team_management,Business & Soft Skills,Product & Customer Support
JOB00542,sales,Business & Soft Skills,Product & Customer Support
JOB00542,bachelors_degree,Education & Certifications,Product & Customer Support
JOB00542,masters_degree,Education & Certifications,Product & Customer Support
JOB00542,computer_science_degree,Education & Certifications,Product & Customer Support
JOB00543,google_cloud,Cloud & Infrastructure,Sales Operations
JOB00543,cross_functional_collaboration,Business & Soft Skills,Sales Operations
JOB00543,analytical_skills,Business & Soft Skills,Sales Operations
JOB00543,strategic_planning,Business & Soft Skills,Sales Operations
JOB00543,sales,Business & Soft Skills,Sales Operations
JOB00543,bachelors_degree,Education & Certifications,Sales Operations
JOB00543,computer_science_degree,Education & Certifications,Sales Operations
JOB00544,stakeholder_management,Business & Soft Skills,Product & Customer Support
JOB00544,communication_skills,Business & Soft Skills,Product & Customer Support
JOB00544,leadership,Business & Soft Skills,Product & Customer Support
JOB00544,cross_functional_collaboration,Business & Soft Skills,Product & Customer Support
JOB00544,negotiation,Business & Soft Skills,Product & Customer Support
JOB00544,strategic_planning,Business & Soft Skills,Product & Customer Support
JOB00544,customer_service,Business & Soft Skills,Product & Customer Support
JOB00544,bachelors_degree,Education & Certifications,Product & Customer Support
JOB00545,project_management,Business & Soft Skills,Sales & Account Management
JOB00545,communication_skills,Business & Soft Skills,Sales & Account Management
JOB00545,problem_solving,Business & Soft Skills,Sales & Account Management
JOB00545,analytical_skills,Business & Soft Skills,Sales & Account Management
JOB00545,bachelors_degree,Education & Certifications,Sales & Account Management
JOB00546,javascript,Programming Languages,Sales & Account Management
JOB00546,html_css,Web & Frameworks,Sales & Account Management
JOB00546,product_management,Business & Soft Skills,Sales & Account Management
JOB00546,stakeholder_management,Business & Soft Skills,Sales & Account Management
JOB00546,cross_functional_collaboration,Business & Soft Skills,Sales & Account Management
JOB00546,sales,Business & Soft Skills,Sales & Account Management
JOB00546,marketing,Business & Soft Skills,Sales & Account Management
JOB00547,google_cloud,Cloud & Infrastructure,Sales & Account Management
JOB00547,cross_functional_collaboration,Business & Soft Skills,Sales & Account Management
JOB00547,presentation_skills,Business & Soft Skills,Sales & Account Management
JOB00547,strategic_planning,Business & Soft Skills,Sales & Account Management
JOB00547,sales,Business & Soft Skills,Sales & Account Management
JOB00547,bachelors_degree,Education & Certifications,Sales & Account Management
JOB00547,computer_science_degree,Education & Certifications,Sales & Account Management
JOB00548,google_cloud,Cloud & Infrastructure,Sales & Account Management
JOB00548,cloud_computing,Cloud & Infrastructure,Sales & Account Management
JOB00548,project_management,Business & Soft Skills,Sales & Account Management
JOB00548,stakeholder_management,Business & Soft Skills,Sales & Account Management
JOB00548,cross_functional_collaboration,Business & Soft Skills,Sales & Account Management
JOB00548,analytical_skills,Business & Soft Skills,Sales & Account Management
JOB00548,presentation_skills,Business & Soft Skills,Sales & Account Management
JOB00548,strategic_planning,Business & Soft Skills,Sales & Account Management
JOB00548,customer_service,Business & Soft Skills,Sales & Account Management
JOB00548,sales,Business & Soft Skills,Sales & Account Management
JOB00548,marketing,Business & Soft Skills,Sales & Account Management
JOB00548,consulting,Business & Soft Skills,Sales & Account Management
JOB00548,bachelors_degree,Education & Certifications,Sales & Account Management
JOB00549,c_lang,Programming Languages,Sales & Account Management
JOB00549,communication_skills,Business & Soft Skills,Sales & Account Management
JOB00549,leadership,Business & Soft Skills,Sales & Account Management
JOB00549,negotiation,Business & Soft Skills,Sales & Account Management
JOB00549,strategic_planning,Business & Soft Skills,Sales & Account Management
JOB00549,sales,Business & Soft Skills,Sales & Account Management
JOB00549,marketing,Business & Soft Skills,Sales & Account Management
JOB00549,bachelors_degree,Education & Certifications,Sales & Account Management
JOB00550,google_cloud,Cloud & Infrastructure,Partnerships
JOB00550,cloud_computing,Cloud & Infrastructure,Partnerships
JOB00550,project_management,Business & Soft Skills,Partnerships
JOB00550,product_management,Business & Soft Skills,Partnerships
JOB00550,cross_functional_collaboration,Business & Soft Skills,Partnerships
JOB00550,presentation_skills,Business & Soft Skills,Partnerships
JOB00550,strategic_planning,Business & Soft Skills,Partnerships
JOB00550,sales,Business & Soft Skills,Partnerships
JOB00550,marketing,Business & Soft Skills,Partnerships
JOB00550,bachelors_degree,Education & Certifications,Partnerships
JOB00551,budget_management,Business & Soft Skills,Sales & Account Management
JOB00551,sales,Business & Soft Skills,Sales & Account Management
JOB00551,marketing,Business & Soft Skills,Sales & Account Management
JOB00552,google_cloud,Cloud & Infrastructure,Product & Customer Support
JOB00552,cloud_computing,Cloud & Infrastructure,Product & Customer Support
JOB00552,project_management,Business & Soft Skills,Product & Customer Support
JOB00552,stakeholder_management,Business & Soft Skills,Product & Customer Support
JOB00552,cross_functional_collaboration,Business & Soft Skills,Product & Customer Support
JOB00552,analytical_skills,Business & Soft Skills,Product & Customer Support
JOB00552,presentation_skills,Business & Soft Skills,Product & Customer Support
JOB00552,strategic_planning,Business & Soft Skills,Product & Customer Support
JOB00552,customer_service,Business & Soft Skills,Product & Customer Support
JOB00552,sales,Business & Soft Skills,Product & Customer Support
JOB00552,marketing,Business & Soft Skills,Product & Customer Support
JOB00552,consulting,Business & Soft Skills,Product & Customer Support
JOB00552,bachelors_degree,Education & Certifications,Product & Customer Support
JOB00553,python,Programming Languages,Sales Operations
JOB00553,r_lang,Programming Languages,Sales Operations
JOB00553,sql,Programming Languages,Sales Operations
JOB00553,machine_learning,Data & Machine Learning,Sales Operations
JOB00553,data_science,Data & Machine Learning,Sales Operations
JOB00553,data_analysis,Data & Machine Learning,Sales Operations
JOB00553,statistics,Data & Machine Learning,Sales Operations
JOB00553,tensorflow,Data & Machine Learning,Sales Operations
JOB00553,data_mining,Data & Machine Learning,Sales Operations
JOB00553,predictive_modeling,Data & Machine Learning,Sales Operations
JOB00553,communication_skills,Business & Soft Skills,Sales Operations
JOB00553,cross_functional_collaboration,Business & Soft Skills,Sales Operations
JOB00553,problem_solving,Business & Soft Skills,Sales Operations
JOB00553,strategic_planning,Business & Soft Skills,Sales Operations
JOB00553,marketing,Business & Soft Skills,Sales Operations
JOB00553,computer_science_degree,Education & Certifications,Sales Operations
JOB00554,customer_service,Business & Soft Skills,Product & Customer Support
JOB00554,sales,Business & Soft Skills,Product & Customer Support
JOB00554,marketing,Business & Soft Skills,Product & Customer Support
JOB00554,consulting,Business & Soft Skills,Product & Customer Support
JOB00554,bachelors_degree,Education & Certifications,Product & Customer Support
JOB00555,google_cloud,Cloud & Infrastructure,Partnerships
JOB00555,project_management,Business & Soft Skills,Partnerships
JOB00555,leadership,Business & Soft Skills,Partnerships
JOB00555,problem_solving,Business & Soft Skills,Partnerships
JOB00555,sales,Business & Soft Skills,Partnerships
JOB00555,marketing,Business & Soft Skills,Partnerships
JOB00555,bachelors_degree,Education & Certifications,Partnerships
JOB00556,project_management,Business & Soft Skills,Sales & Account Management
JOB00556,leadership,Business & Soft Skills,Sales & Account Management
JOB00556,cross_functional_collaboration,Business & Soft Skills,Sales & Account Management
JOB00556,presentation_skills,Business & Soft Skills,Sales & Account Management
JOB00556,budget_management,Business & Soft Skills,Sales & Account Management
JOB00556,sales,Business & Soft Skills,Sales & Account Management
JOB00556,marketing,Business & Soft Skills,Sales & Account Management
JOB00556,hardware_engineering,Hardware & Manufacturing,Sales & Account Management
JOB00556,bachelors_degree,Education & Certifications,Sales & Account Management
JOB00557,data_analysis,Data & Machine Learning,Sales & Account Management
JOB00557,stakeholder_management,Business & Soft Skills,Sales & Account Management
JOB00557,communication_skills,Business & Soft Skills,Sales & Account Management
JOB00557,strategic_planning,Business & Soft Skills,Sales & Account Management
JOB00557,sales,Business & Soft Skills,Sales & Account Management
JOB00557,marketing,Business & Soft Skills,Sales & Account Management
JOB00557,bachelors_degree,Education & Certifications,Sales & Account Management
JOB00558,go,Programming Languages,Partnerships
JOB00558,google_cloud,Cloud & Infrastructure,Partnerships
JOB00558,cloud_computing,Cloud & Infrastructure,Partnerships
JOB00558,databases_general,Databases,Partnerships
JOB00558,product_management,Business & Soft Skills,Partnerships
JOB00558,stakeholder_management,Business & Soft Skills,Partnerships
JOB00558,leadership,Business & Soft Skills,Partnerships
JOB00558,agile_scrum,Business & Soft Skills,Partnerships
JOB00558,strategic_planning,Business & Soft Skills,Partnerships
JOB00558,sales,Business & Soft Skills,Partnerships
JOB00558,marketing,Business & Soft Skills,Partnerships
JOB00558,bachelors_degree,Education & Certifications,Partnerships
JOB00558,masters_degree,Education & Certifications,Partnerships
JOB00559,rest_api,Web & Frameworks,Sales & Account Management
JOB00559,stakeholder_management,Business & Soft Skills,Sales & Account Management
JOB00559,cross_functional_collaboration,Business & Soft Skills,Sales & Account Management
JOB00559,strategic_planning,Business & Soft Skills,Sales & Account Management
JOB00559,sales,Business & Soft Skills,Sales & Account Management
JOB00559,marketing,Business & Soft Skills,Sales & Account Management
JOB00559,bachelors_degree,Education & Certifications,Sales & Account Management
JOB00560,google_cloud,Cloud & Infrastructure,Sales & Account Management
JOB00560,cloud_computing,Cloud & Infrastructure,Sales & Account Management
JOB00560,stakeholder_management,Business & Soft Skills,Sales & Account Management
JOB00560,presentation_skills,Business & Soft Skills,Sales & Account Management
JOB00560,sales,Business & Soft Skills,Sales & Account Management
JOB00560,bachelors_degree,Education & Certifications,Sales & Account Management
JOB00561,android,Web & Frameworks,Partnerships
JOB00562,stakeholder_management,Business & Soft Skills,Sales & Account Management
JOB00562,cross_functional_collaboration,Business & Soft Skills,Sales & Account Management
JOB00562,presentation_skills,Business & Soft Skills,Sales & Account Management
JOB00562,sales,Business & Soft Skills,Sales & Account Management
JOB00562,marketing,Business & Soft Skills,Sales & Account Management
JOB00563,react,Web & Frameworks,Sales & Account Management
JOB00563,mobile_development,Web & Frameworks,Sales & Account Management
JOB00563,stakeholder_management,Business & Soft Skills,Sales & Account Management
JOB00563,communication_skills,Business & Soft Skills,Sales & Account Management
JOB00563,cross_functional_collaboration,Business & Soft Skills,Sales & Account Management
JOB00563,strategic_planning,Business & Soft Skills,Sales & Account Management
JOB00563,sales,Business & Soft Skills,Sales & Account Management
JOB00563,marketing,Business & Soft Skills,Sales & Account Management
JOB00563,bachelors_degree,Education & Certifications,Sales & Account Management
JOB00564,google_cloud,Cloud & Infrastructure,Sales & Account Management
JOB00564,cloud_computing,Cloud & Infrastructure,Sales & Account Management
JOB00564,product_management,Business & Soft Skills,Sales & Account Management
JOB00564,cross_functional_collaboration,Business & Soft Skills,Sales & Account Management
JOB00564,team_management,Business & Soft Skills,Sales & Account Management
JOB00564,strategic_planning,Business & Soft Skills,Sales & Account Management
JOB00564,sales,Business & Soft Skills,Sales & Account Management
JOB00564,marketing,Business & Soft Skills,Sales & Account Management
JOB00564,bachelors_degree,Education & Certifications,Sales & Account Management
JOB00565,customer_service,Business & Soft Skills,Sales & Account Management
JOB00565,sales,Business & Soft Skills,Sales & Account Management
JOB00565,marketing,Business & Soft Skills,Sales & Account Management
JOB00565,consulting,Business & Soft Skills,Sales & Account Management
JOB00565,bachelors_degree,Education & Certifications,Sales & Account Management
JOB00566,google_cloud,Cloud & Infrastructure,Sales & Account Management
JOB00566,cross_functional_collaboration,Business & Soft Skills,Sales & Account Management
JOB00566,presentation_skills,Business & Soft Skills,Sales & Account Management
JOB00566,strategic_planning,Business & Soft Skills,Sales & Account Management
JOB00566,sales,Business & Soft Skills,Sales & Account Management
JOB00566,bachelors_degree,Education & Certifications,Sales & Account Management
JOB00566,computer_science_degree,Education & Certifications,Sales & Account Management
JOB00567,google_cloud,Cloud & Infrastructure,Sales & Account Management
JOB00567,cloud_computing,Cloud & Infrastructure,Sales & Account Management
JOB00567,networking,Cloud & Infrastructure,Sales & Account Management
JOB00567,databases_general,Databases,Sales & Account Management
JOB00567,sales,Business & Soft Skills,Sales & Account Management
JOB00567,marketing,Business & Soft Skills,Sales & Account Management
JOB00567,bachelors_degree,Education & Certifications,Sales & Account Management
JOB00567,computer_science_degree,Education & Certifications,Sales & Account Management
JOB00568,strategic_planning,Business & Soft Skills,Sales & Account Management
JOB00568,customer_service,Business & Soft Skills,Sales & Account Management
JOB00568,sales,Business & Soft Skills,Sales & Account Management
JOB00568,marketing,Business & Soft Skills,Sales & Account Management
JOB00568,consulting,Business & Soft Skills,Sales & Account Management
JOB00569,c_lang,Programming Languages,Sales & Account Management
JOB00569,project_management,Business & Soft Skills,Sales & Account Management
JOB00569,cross_functional_collaboration,Business & Soft Skills,Sales & Account Management
JOB00569,problem_solving,Business & Soft Skills,Sales & Account Management
JOB00569,sales,Business & Soft Skills,Sales & Account Management
JOB00569,marketing,Business & Soft Skills,Sales & Account Management
JOB00569,bachelors_degree,Education & Certifications,Sales & Account Management
JOB00570,sales,Business & Soft Skills,Sales & Account Management
JOB00570,bachelors_degree,Education & Certifications,Sales & Account Management
JOB00571,go,Programming Languages,Partnerships
JOB00571,scala,Programming Languages,Partnerships
JOB00571,databases_general,Databases,Partnerships
JOB00571,communication_skills,Business & Soft Skills,Partnerships
JOB00571,cross_functional_collaboration,Business & Soft Skills,Partnerships
JOB00571,strategic_planning,Business & Soft Skills,Partnerships
JOB00571,sales,Business & Soft Skills,Partnerships
JOB00571,bachelors_degree,Education & Certifications,Partnerships
JOB00572,google_cloud,Cloud & Infrastructure,Sales & Account Management
JOB00572,cloud_computing,Cloud & Infrastructure,Sales & Account Management
JOB00572,project_management,Business & Soft Skills,Sales & Account Management
JOB00572,stakeholder_management,Business & Soft Skills,Sales & Account Management
JOB00572,cross_functional_collaboration,Business & Soft Skills,Sales & Account Management
JOB00572,analytical_skills,Business & Soft Skills,Sales & Account Management
JOB00572,presentation_skills,Business & Soft Skills,Sales & Account Management
JOB00572,strategic_planning,Business & Soft Skills,Sales & Account Management
JOB00572,customer_service,Business & Soft Skills,Sales & Account Management
JOB00572,sales,Business & Soft Skills,Sales & Account Management
JOB00572,marketing,Business & Soft Skills,Sales & Account Management
JOB00572,consulting,Business & Soft Skills,Sales & Account Management
JOB00572,bachelors_degree,Education & Certifications,Sales & Account Management
JOB00573,c_lang,Programming Languages,Sales & Account Management
JOB00573,strategic_planning,Business & Soft Skills,Sales & Account Management
JOB00573,sales,Business & Soft Skills,Sales & Account Management
JOB00573,marketing,Business & Soft Skills,Sales & Account Management
JOB00573,bachelors_degree,Education & Certifications,Sales & Account Management
JOB00574,analytical_skills,Business & Soft Skills,Finance
JOB00574,bachelors_degree,Education & Certifications,Finance
JOB00575,go,Programming Languages,Marketing & Communications
JOB00575,scala,Programming Languages,Marketing & Communications
JOB00575,stakeholder_management,Business & Soft Skills,Marketing & Communications
JOB00575,leadership,Business & Soft Skills,Marketing & Communications
JOB00575,cross_functional_collaboration,Business & Soft Skills,Marketing & Communications
JOB00575,problem_solving,Business & Soft Skills,Marketing & Communications
JOB00575,strategic_planning,Business & Soft Skills,Marketing & Communications
JOB00575,marketing,Business & Soft Skills,Marketing & Communications
JOB00575,bachelors_degree,Education & Certifications,Marketing & Communications
JOB00575,masters_degree,Education & Certifications,Marketing & Communications
JOB00576,javascript,Programming Languages,Marketing & Communications
JOB00576,google_cloud,Cloud & Infrastructure,Marketing & Communications
JOB00576,html_css,Web & Frameworks,Marketing & Communications
JOB00576,angular,Web & Frameworks,Marketing & Communications
JOB00576,rest_api,Web & Frameworks,Marketing & Communications
JOB00576,android,Web & Frameworks,Marketing & Communications
JOB00576,project_management,Business & Soft Skills,Marketing & Communications
JOB00576,leadership,Business & Soft Skills,Marketing & Communications
JOB00576,cross_functional_collaboration,Business & Soft Skills,Marketing & Communications
JOB00576,problem_solving,Business & Soft Skills,Marketing & Communications
JOB00576,agile_scrum,Business & Soft Skills,Marketing & Communications
JOB00576,marketing,Business & Soft Skills,Marketing & Communications
JOB00576,bachelors_degree,Education & Certifications,Marketing & Communications
JOB00577,cross_functional_collaboration,Business & Soft Skills,Marketing & Communications
JOB00577,marketing,Business & Soft Skills,Marketing & Communications
JOB00577,bachelors_degree,Education & Certifications,Marketing & Communications
JOB00578,android,Web & Frameworks,Marketing & Communications
JOB00578,product_management,Business & Soft Skills,Marketing & Communications
JOB00578,cross_functional_collaboration,Business & Soft Skills,Marketing & Communications
JOB00578,analytical_skills,Business & Soft Skills,Marketing & Communications
JOB00578,strategic_planning,Business & Soft Skills,Marketing & Communications
JOB00578,marketing,Business & Soft Skills,Marketing & Communications
JOB00578,hardware_engineering,Hardware & Manufacturing,Marketing & Communications
JOB00578,bachelors_degree,Education & Certifications,Marketing & Communications
JOB00579,google_cloud,Cloud & Infrastructure,Marketing & Communications
JOB00579,project_management,Business & Soft Skills,Marketing & Communications
JOB00579,strategic_planning,Business & Soft Skills,Marketing & Communications
JOB00579,sales,Business & Soft Skills,Marketing & Communications
JOB00579,marketing,Business & Soft Skills,Marketing & Communications
JOB00579,bachelors_degree,Education & Certifications,Marketing & Communications
JOB00579,computer_science_degree,Education & Certifications,Marketing & Communications
JOB00580,google_cloud,Cloud & Infrastructure,Marketing & Communications
JOB00580,leadership,Business & Soft Skills,Marketing & Communications
JOB00580,analytical_skills,Business & Soft Skills,Marketing & Communications
JOB00580,bachelors_degree,Education & Certifications,Marketing & Communications
JOB00581,customer_service,Business & Soft Skills,Marketing & Communications
JOB00581,sales,Business & Soft Skills,Marketing & Communications
JOB00581,marketing,Business & Soft Skills,Marketing & Communications
JOB00581,consulting,Business & Soft Skills,Marketing & Communications
JOB00582,stakeholder_management,Business & Soft Skills,Marketing & Communications
JOB00582,leadership,Business & Soft Skills,Marketing & Communications
JOB00582,budget_management,Business & Soft Skills,Marketing & Communications
JOB00582,bachelors_degree,Education & Certifications,Marketing & Communications
JOB00583,customer_service,Business & Soft Skills,Marketing & Communications
JOB00583,sales,Business & Soft Skills,Marketing & Communications
JOB00583,marketing,Business & Soft Skills,Marketing & Communications
JOB00583,consulting,Business & Soft Skills,Marketing & Communications
JOB00584,project_management,Business & Soft Skills,Business Strategy
JOB00584,analytical_skills,Business & Soft Skills,Business Strategy
JOB00584,masters_degree,Education & Certifications,Business Strategy
JOB00585,python,Programming Languages,Marketing & Communications
JOB00585,java,Programming Languages,Marketing & Communications
JOB00585,php,Programming Languages,Marketing & Communications
JOB00585,google_cloud,Cloud & Infrastructure,Marketing & Communications
JOB00585,project_management,Business & Soft Skills,Marketing & Communications
JOB00585,leadership,Business & Soft Skills,Marketing & Communications
JOB00585,budget_management,Business & Soft Skills,Marketing & Communications
JOB00585,strategic_planning,Business & Soft Skills,Marketing & Communications
JOB00585,marketing,Business & Soft Skills,Marketing & Communications
JOB00585,bachelors_degree,Education & Certifications,Marketing & Communications
JOB00585,computer_science_degree,Education & Certifications,Marketing & Communications
JOB00586,customer_service,Business & Soft Skills,Marketing & Communications
JOB00586,sales,Business & Soft Skills,Marketing & Communications
JOB00586,marketing,Business & Soft Skills,Marketing & Communications
JOB00586,consulting,Business & Soft Skills,Marketing & Communications
JOB00587,communication_skills,Business & Soft Skills,Marketing & Communications
JOB00587,cross_functional_collaboration,Business & Soft Skills,Marketing & Communications
JOB00587,marketing,Business & Soft Skills,Marketing & Communications
JOB00587,bachelors_degree,Education & Certifications,Marketing & Communications
JOB00588,go,Programming Languages,Marketing & Communications
JOB00588,google_cloud,Cloud & Infrastructure,Marketing & Communications
JOB00588,budget_management,Business & Soft Skills,Marketing & Communications
JOB00588,sales,Business & Soft Skills,Marketing & Communications
JOB00588,marketing,Business & Soft Skills,Marketing & Communications
JOB00588,bachelors_degree,Education & Certifications,Marketing & Communications
JOB00589,customer_service,Business & Soft Skills,Marketing & Communications
JOB00589,sales,Business & Soft Skills,Marketing & Communications
JOB00589,marketing,Business & Soft Skills,Marketing & Communications
JOB00589,consulting,Business & Soft Skills,Marketing & Communications
JOB00590,stakeholder_management,Business & Soft Skills,Marketing & Communications
JOB00590,communication_skills,Business & Soft Skills,Marketing & Communications
JOB00590,strategic_planning,Business & Soft Skills,Marketing & Communications
JOB00590,marketing,Business & Soft Skills,Marketing & Communications
JOB00590,bachelors_degree,Education & Certifications,Marketing & Communications
JOB00591,customer_service,Business & Soft Skills,Marketing & Communications
JOB00591,sales,Business & Soft Skills,Marketing & Communications
JOB00591,marketing,Business & Soft Skills,Marketing & Communications
JOB00591,consulting,Business & Soft Skills,Marketing & Communications
JOB00592,project_management,Business & Soft Skills,Administrative
JOB00592,communication_skills,Business & Soft Skills,Administrative
JOB00592,problem_solving,Business & Soft Skills,Administrative
JOB00592,customer_service,Business & Soft Skills,Administrative
JOB00592,sales,Business & Soft Skills,Administrative
JOB00592,marketing,Business & Soft Skills,Administrative
JOB00592,consulting,Business & Soft Skills,Administrative
JOB00592,masters_degree,Education & Certifications,Administrative
JOB00593,communication_skills,Business & Soft Skills,Marketing & Communications
JOB00593,problem_solving,Business & Soft Skills,Marketing & Communications
JOB00593,analytical_skills,Business & Soft Skills,Marketing & Communications
JOB00593,marketing,Business & Soft Skills,Marketing & Communications
JOB00593,bachelors_degree,Education & Certifications,Marketing & Communications
JOB00594,analytical_skills,Business & Soft Skills,Finance
JOB00594,bachelors_degree,Education & Certifications,Finance
JOB00595,google_cloud,Cloud & Infrastructure,Marketing & Communications
JOB00595,leadership,Business & Soft Skills,Marketing & Communications
JOB00595,analytical_skills,Business & Soft Skills,Marketing & Communications
JOB00595,bachelors_degree,Education & Certifications,Marketing & Communications
JOB00596,google_cloud,Cloud & Infrastructure,Marketing & Communications
JOB00596,leadership,Business & Soft Skills,Marketing & Communications
JOB00596,analytical_skills,Business & Soft Skills,Marketing & Communications
JOB00596,bachelors_degree,Education & Certifications,Marketing & Communications
JOB00597,communication_skills,Business & Soft Skills,Marketing & Communications
JOB00597,cross_functional_collaboration,Business & Soft Skills,Marketing & Communications
JOB00597,marketing,Business & Soft Skills,Marketing & Communications
JOB00597,bachelors_degree,Education & Certifications,Marketing & Communications
JOB00598,go,Programming Languages,Marketing & Communications
JOB00598,google_cloud,Cloud & Infrastructure,Marketing & Communications
JOB00598,budget_management,Business & Soft Skills,Marketing & Communications
JOB00598,sales,Business & Soft Skills,Marketing & Communications
JOB00598,marketing,Business & Soft Skills,Marketing & Communications
JOB00598,bachelors_degree,Education & Certifications,Marketing & Communications
JOB00599,data_analysis,Data & Machine Learning,Marketing & Communications
JOB00599,project_management,Business & Soft Skills,Marketing & Communications
JOB00599,stakeholder_management,Business & Soft Skills,Marketing & Communications
JOB00599,leadership,Business & Soft Skills,Marketing & Communications
JOB00599,marketing,Business & Soft Skills,Marketing & Communications
JOB00599,bachelors_degree,Education & Certifications,Marketing & Communications
JOB00600,communication_skills,Business & Soft Skills,Marketing & Communications
JOB00600,leadership,Business & Soft Skills,Marketing & Communications
JOB00600,cross_functional_collaboration,Business & Soft Skills,Marketing & Communications
JOB00600,problem_solving,Business & Soft Skills,Marketing & Communications
JOB00600,strategic_planning,Business & Soft Skills,Marketing & Communications
JOB00600,marketing,Business & Soft Skills,Marketing & Communications
JOB00600,consulting,Business & Soft Skills,Marketing & Communications
JOB00600,hardware_engineering,Hardware & Manufacturing,Marketing & Communications
JOB00600,bachelors_degree,Education & Certifications,Marketing & Communications
JOB00601,program_management,Business & Soft Skills,Marketing & Communications
JOB00601,leadership,Business & Soft Skills,Marketing & Communications
JOB00601,bachelors_degree,Education & Certifications,Marketing & Communications
JOB00602,google_cloud,Cloud & Infrastructure,Marketing & Communications
JOB00602,project_management,Business & Soft Skills,Marketing & Communications
JOB00602,cross_functional_collaboration,Business & Soft Skills,Marketing & Communications
JOB00602,sales,Business & Soft Skills,Marketing & Communications
JOB00602,marketing,Business & Soft Skills,Marketing & Communications
JOB00603,cross_functional_collaboration,Business & Soft Skills,Marketing & Communications
JOB00603,problem_solving,Business & Soft Skills,Marketing & Communications
JOB00603,strategic_planning,Business & Soft Skills,Marketing & Communications
JOB00603,marketing,Business & Soft Skills,Marketing & Communications
JOB00603,bachelors_degree,Education & Certifications,Marketing & Communications
JOB00604,data_science,Data & Machine Learning,Marketing & Communications
JOB00604,google_cloud,Cloud & Infrastructure,Marketing & Communications
JOB00604,stakeholder_management,Business & Soft Skills,Marketing & Communications
JOB00604,cross_functional_collaboration,Business & Soft Skills,Marketing & Communications
JOB00604,problem_solving,Business & Soft Skills,Marketing & Communications
JOB00604,budget_management,Business & Soft Skills,Marketing & Communications
JOB00604,strategic_planning,Business & Soft Skills,Marketing & Communications
JOB00604,marketing,Business & Soft Skills,Marketing & Communications
JOB00604,consulting,Business & Soft Skills,Marketing & Communications
JOB00604,bachelors_degree,Education & Certifications,Marketing & Communications
JOB00605,google_cloud,Cloud & Infrastructure,Marketing & Communications
JOB00605,databases_general,Databases,Marketing & Communications
JOB00605,communication_skills,Business & Soft Skills,Marketing & Communications
JOB00605,budget_management,Business & Soft Skills,Marketing & Communications
JOB00605,sales,Business & Soft Skills,Marketing & Communications
JOB00605,marketing,Business & Soft Skills,Marketing & Communications
JOB00605,bachelors_degree,Education & Certifications,Marketing & Communications
JOB00606,scala,Programming Languages,Marketing & Communications
JOB00606,stakeholder_management,Business & Soft Skills,Marketing & Communications
JOB00606,strategic_planning,Business & Soft Skills,Marketing & Communications
JOB00606,sales,Business & Soft Skills,Marketing & Communications
JOB00606,marketing,Business & Soft Skills,Marketing & Communications
JOB00606,bachelors_degree,Education & Certifications,Marketing & Communications
JOB00607,project_management,Business & Soft Skills,Administrative
JOB00607,communication_skills,Business & Soft Skills,Administrative
JOB00607,problem_solving,Business & Soft Skills,Administrative
JOB00607,customer_service,Business & Soft Skills,Administrative
JOB00607,sales,Business & Soft Skills,Administrative
JOB00607,marketing,Business & Soft Skills,Administrative
JOB00607,consulting,Business & Soft Skills,Administrative
JOB00607,masters_degree,Education & Certifications,Administrative
JOB00608,project_management,Business & Soft Skills,Marketing & Communications
JOB00608,communication_skills,Business & Soft Skills,Marketing & Communications
JOB00608,budget_management,Business & Soft Skills,Marketing & Communications
JOB00608,strategic_planning,Business & Soft Skills,Marketing & Communications
JOB00608,marketing,Business & Soft Skills,Marketing & Communications
JOB00608,consulting,Business & Soft Skills,Marketing & Communications
JOB00608,bachelors_degree,Education & Certifications,Marketing & Communications
JOB00608,masters_degree,Education & Certifications,Marketing & Communications
JOB00609,project_management,Business & Soft Skills,Business Strategy
JOB00609,analytical_skills,Business & Soft Skills,Business Strategy
JOB00609,masters_degree,Education & Certifications,Business Strategy
JOB00610,customer_service,Business & Soft Skills,Marketing & Communications
JOB00610,sales,Business & Soft Skills,Marketing & Communications
JOB00610,marketing,Business & Soft Skills,Marketing & Communications
JOB00610,consulting,Business & Soft Skills,Marketing & Communications
JOB00611,data_analysis,Data & Machine Learning,Marketing & Communications
JOB00611,project_management,Business & Soft Skills,Marketing & Communications
JOB00611,leadership,Business & Soft Skills,Marketing & Communications
JOB00611,marketing,Business & Soft Skills,Marketing & Communications
JOB00611,consulting,Business & Soft Skills,Marketing & Communications
JOB00611,bachelors_degree,Education & Certifications,Marketing & Communications
JOB00611,phd,Education & Certifications,Marketing & Communications
JOB00612,javascript,Programming Languages,Marketing & Communications
JOB00612,google_cloud,Cloud & Infrastructure,Marketing & Communications
JOB00612,html_css,Web & Frameworks,Marketing & Communications
JOB00612,angular,Web & Frameworks,Marketing & Communications
JOB00612,stakeholder_management,Business & Soft Skills,Marketing & Communications
JOB00612,communication_skills,Business & Soft Skills,Marketing & Communications
JOB00612,leadership,Business & Soft Skills,Marketing & Communications
JOB00612,problem_solving,Business & Soft Skills,Marketing & Communications
JOB00612,analytical_skills,Business & Soft Skills,Marketing & Communications
JOB00612,strategic_planning,Business & Soft Skills,Marketing & Communications
JOB00612,marketing,Business & Soft Skills,Marketing & Communications
JOB00613,customer_service,Business & Soft Skills,Marketing & Communications
JOB00613,sales,Business & Soft Skills,Marketing & Communications
JOB00613,marketing,Business & Soft Skills,Marketing & Communications
JOB00613,consulting,Business & Soft Skills,Marketing & Communications
JOB00614,communication_skills,Business & Soft Skills,Marketing & Communications
JOB00614,cross_functional_collaboration,Business & Soft Skills,Marketing & Communications
JOB00614,problem_solving,Business & Soft Skills,Marketing & Communications
JOB00614,analytical_skills,Business & Soft Skills,Marketing & Communications
JOB00614,strategic_planning,Business & Soft Skills,Marketing & Communications
JOB00614,marketing,Business & Soft Skills,Marketing & Communications
JOB00614,bachelors_degree,Education & Certifications,Marketing & Communications
JOB00615,google_cloud,Cloud & Infrastructure,Marketing & Communications
JOB00615,stakeholder_management,Business & Soft Skills,Marketing & Communications
JOB00615,budget_management,Business & Soft Skills,Marketing & Communications
JOB00615,bachelors_degree,Education & Certifications,Marketing & Communications
JOB00616,communication_skills,Business & Soft Skills,Marketing & Communications
JOB00616,leadership,Business & Soft Skills,Marketing & Communications
JOB00616,cross_functional_collaboration,Business & Soft Skills,Marketing & Communications
JOB00616,strategic_planning,Business & Soft Skills,Marketing & Communications
JOB00616,sales,Business & Soft Skills,Marketing & Communications
JOB00616,marketing,Business & Soft Skills,Marketing & Communications
JOB00616,bachelors_degree,Education & Certifications,Marketing & Communications
JOB00616,masters_degree,Education & Certifications,Marketing & Communications
JOB00617,project_management,Business & Soft Skills,Business Strategy
JOB00617,analytical_skills,Business & Soft Skills,Business Strategy
JOB00617,masters_degree,Education & Certifications,Business Strategy
JOB00618,project_management,Business & Soft Skills,Business Strategy
JOB00618,analytical_skills,Business & Soft Skills,Business Strategy
JOB00618,masters_degree,Education & Certifications,Business Strategy
JOB00619,marketing,Business & Soft Skills,Marketing & Communications
JOB00619,bachelors_degree,Education & Certifications,Marketing & Communications
JOB00620,data_analysis,Data & Machine Learning,Marketing & Communications
JOB00620,problem_solving,Business & Soft Skills,Marketing & Communications
JOB00620,marketing,Business & Soft Skills,Marketing & Communications
JOB00620,bachelors_degree,Education & Certifications,Marketing & Communications
JOB00621,google_cloud,Cloud & Infrastructure,Marketing & Communications
JOB00621,project_management,Business & Soft Skills,Marketing & Communications
JOB00621,communication_skills,Business & Soft Skills,Marketing & Communications
JOB00621,leadership,Business & Soft Skills,Marketing & Communications
JOB00621,problem_solving,Business & Soft Skills,Marketing & Communications
JOB00621,strategic_planning,Business & Soft Skills,Marketing & Communications
JOB00621,sales,Business & Soft Skills,Marketing & Communications
JOB00621,marketing,Business & Soft Skills,Marketing & Communications
JOB00621,bachelors_degree,Education & Certifications,Marketing & Communications
JOB00622,go,Programming Languages,Marketing & Communications
JOB00622,google_cloud,Cloud & Infrastructure,Marketing & Communications
JOB00622,project_management,Business & Soft Skills,Marketing & Communications
JOB00622,communication_skills,Business & Soft Skills,Marketing & Communications
JOB00622,leadership,Business & Soft Skills,Marketing & Communications
JOB00622,bachelors_degree,Education & Certifications,Marketing & Communications
JOB00623,python,Programming Languages,Marketing & Communications
JOB00623,r_lang,Programming Languages,Marketing & Communications
JOB00623,sql,Programming Languages,Marketing & Communications
JOB00623,statistics,Data & Machine Learning,Marketing & Communications
JOB00623,databases_general,Databases,Marketing & Communications
JOB00623,project_management,Business & Soft Skills,Marketing & Communications
JOB00623,stakeholder_management,Business & Soft Skills,Marketing & Communications
JOB00623,problem_solving,Business & Soft Skills,Marketing & Communications
JOB00623,analytical_skills,Business & Soft Skills,Marketing & Communications
JOB00623,sales,Business & Soft Skills,Marketing & Communications
JOB00623,marketing,Business & Soft Skills,Marketing & Communications
JOB00623,bachelors_degree,Education & Certifications,Marketing & Communications
JOB00623,phd,Education & Certifications,Marketing & Communications
JOB00623,computer_science_degree,Education & Certifications,Marketing & Communications
JOB00624,google_cloud,Cloud & Infrastructure,Marketing & Communications
JOB00624,leadership,Business & Soft Skills,Marketing & Communications
JOB00624,analytical_skills,Business & Soft Skills,Marketing & Communications
JOB00624,bachelors_degree,Education & Certifications,Marketing & Communications
JOB00625,google_cloud,Cloud & Infrastructure,Marketing & Communications
JOB00625,budget_management,Business & Soft Skills,Marketing & Communications
JOB00625,marketing,Business & Soft Skills,Marketing & Communications
JOB00625,bachelors_degree,Education & Certifications,Marketing & Communications
JOB00626,analytical_skills,Business & Soft Skills,Finance
JOB00626,bachelors_degree,Education & Certifications,Finance
JOB00627,stakeholder_management,Business & Soft Skills,Marketing & Communications
JOB00627,cross_functional_collaboration,Business & Soft Skills,Marketing & Communications
JOB00627,strategic_planning,Business & Soft Skills,Marketing & Communications
JOB00627,sales,Business & Soft Skills,Marketing & Communications
JOB00627,marketing,Business & Soft Skills,Marketing & Communications
JOB00627,bachelors_degree,Education & Certifications,Marketing & Communications
JOB00627,masters_degree,Education & Certifications,Marketing & Communications
JOB00628,leadership,Business & Soft Skills,Marketing & Communications
JOB00628,cross_functional_collaboration,Business & Soft Skills,Marketing & Communications
JOB00628,strategic_planning,Business & Soft Skills,Marketing & Communications
JOB00628,marketing,Business & Soft Skills,Marketing & Communications
JOB00628,bachelors_degree,Education & Certifications,Marketing & Communications
JOB00629,security_general,Security,Marketing & Communications
JOB00629,marketing,Business & Soft Skills,Marketing & Communications
JOB00629,bachelors_degree,Education & Certifications,Marketing & Communications
JOB00630,google_cloud,Cloud & Infrastructure,Marketing & Communications
JOB00630,product_management,Business & Soft Skills,Marketing & Communications
JOB00630,budget_management,Business & Soft Skills,Marketing & Communications
JOB00630,sales,Business & Soft Skills,Marketing & Communications
JOB00630,marketing,Business & Soft Skills,Marketing & Communications
JOB00630,bachelors_degree,Education & Certifications,Marketing & Communications
JOB00631,customer_service,Business & Soft Skills,Marketing & Communications
JOB00631,sales,Business & Soft Skills,Marketing & Communications
JOB00631,marketing,Business & Soft Skills,Marketing & Communications
JOB00631,consulting,Business & Soft Skills,Marketing & Communications
JOB00632,customer_service,Business & Soft Skills,Marketing & Communications
JOB00632,sales,Business & Soft Skills,Marketing & Communications
JOB00632,marketing,Business & Soft Skills,Marketing & Communications
JOB00632,consulting,Business & Soft Skills,Marketing & Communications
JOB00633,customer_service,Business & Soft Skills,Marketing & Communications
JOB00633,sales,Business & Soft Skills,Marketing & Communications
JOB00633,marketing,Business & Soft Skills,Marketing & Communications
JOB00633,consulting,Business & Soft Skills,Marketing & Communications
JOB00634,analytical_skills,Business & Soft Skills,Finance
JOB00635,go,Programming Languages,Marketing & Communications
JOB00635,cross_functional_collaboration,Business & Soft Skills,Marketing & Communications
JOB00635,strategic_planning,Business & Soft Skills,Marketing & Communications
JOB00635,sales,Business & Soft Skills,Marketing & Communications
JOB00635,marketing,Business & Soft Skills,Marketing & Communications
JOB00636,analytical_skills,Business & Soft Skills,Finance
JOB00637,customer_service,Business & Soft Skills,Marketing & Communications
JOB00637,sales,Business & Soft Skills,Marketing & Communications
JOB00637,marketing,Business & Soft Skills,Marketing & Communications
JOB00637,consulting,Business & Soft Skills,Marketing & Communications
JOB00638,stakeholder_management,Business & Soft Skills,Business Strategy
JOB00638,leadership,Business & Soft Skills,Business Strategy
JOB00638,problem_solving,Business & Soft Skills,Business Strategy
JOB00638,team_management,Business & Soft Skills,Business Strategy
JOB00638,strategic_planning,Business & Soft Skills,Business Strategy
JOB00638,marketing,Business & Soft Skills,Business Strategy
JOB00638,consulting,Business & Soft Skills,Business Strategy
JOB00638,bachelors_degree,Education & Certifications,Business Strategy
JOB00639,customer_service,Business & Soft Skills,Marketing & Communications
JOB00639,sales,Business & Soft Skills,Marketing & Communications
JOB00639,marketing,Business & Soft Skills,Marketing & Communications
JOB00639,consulting,Business & Soft Skills,Marketing & Communications
JOB00640,customer_service,Business & Soft Skills,Marketing & Communications
JOB00640,sales,Business & Soft Skills,Marketing & Communications
JOB00640,marketing,Business & Soft Skills,Marketing & Communications
JOB00640,consulting,Business & Soft Skills,Marketing & Communications
JOB00641,analytical_skills,Business & Soft Skills,Finance
JOB00641,bachelors_degree,Education & Certifications,Finance
JOB00642,project_management,Business & Soft Skills,Marketing & Communications
JOB00642,analytical_skills,Business & Soft Skills,Marketing & Communications
JOB00642,marketing,Business & Soft Skills,Marketing & Communications
JOB00643,scala,Programming Languages,Marketing & Communications
JOB00643,leadership,Business & Soft Skills,Marketing & Communications
JOB00643,cross_functional_collaboration,Business & Soft Skills,Marketing & Communications
JOB00643,strategic_planning,Business & Soft Skills,Marketing & Communications
JOB00643,marketing,Business & Soft Skills,Marketing & Communications
JOB00643,bachelors_degree,Education & Certifications,Marketing & Communications
JOB00643,masters_degree,Education & Certifications,Marketing & Communications
JOB00644,communication_skills,Business & Soft Skills,Marketing & Communications
JOB00644,leadership,Business & Soft Skills,Marketing & Communications
JOB00644,cross_functional_collaboration,Business & Soft Skills,Marketing & Communications
JOB00644,budget_management,Business & Soft Skills,Marketing & Communications
JOB00644,marketing,Business & Soft Skills,Marketing & Communications
JOB00644,bachelors_degree,Education & Certifications,Marketing & Communications
JOB00644,masters_degree,Education & Certifications,Marketing & Communications
JOB00645,google_cloud,Cloud & Infrastructure,Marketing & Communications
JOB00645,leadership,Business & Soft Skills,Marketing & Communications
JOB00645,analytical_skills,Business & Soft Skills,Marketing & Communications
JOB00645,bachelors_degree,Education & Certifications,Marketing & Communications
JOB00646,google_cloud,Cloud & Infrastructure,Marketing & Communications
JOB00646,leadership,Business & Soft Skills,Marketing & Communications
JOB00646,analytical_skills,Business & Soft Skills,Marketing & Communications
JOB00646,bachelors_degree,Education & Certifications,Marketing & Communications
JOB00647,scala,Programming Languages,Marketing & Communications
JOB00647,android,Web & Frameworks,Marketing & Communications
JOB00647,program_management,Business & Soft Skills,Marketing & Communications
JOB00647,leadership,Business & Soft Skills,Marketing & Communications
JOB00647,analytical_skills,Business & Soft Skills,Marketing & Communications
JOB00647,marketing,Business & Soft Skills,Marketing & Communications
JOB00647,bachelors_degree,Education & Certifications,Marketing & Communications
JOB00648,project_management,Business & Soft Skills,Administrative
JOB00648,communication_skills,Business & Soft Skills,Administrative
JOB00648,problem_solving,Business & Soft Skills,Administrative
JOB00648,customer_service,Business & Soft Skills,Administrative
JOB00648,sales,Business & Soft Skills,Administrative
JOB00648,marketing,Business & Soft Skills,Administrative
JOB00648,consulting,Business & Soft Skills,Administrative
JOB00648,masters_degree,Education & Certifications,Administrative
JOB00649,google_cloud,Cloud & Infrastructure,Marketing & Communications
JOB00649,project_management,Business & Soft Skills,Marketing & Communications
JOB00649,communication_skills,Business & Soft Skills,Marketing & Communications
JOB00649,strategic_planning,Business & Soft Skills,Marketing & Communications
JOB00649,sales,Business & Soft Skills,Marketing & Communications
JOB00649,marketing,Business & Soft Skills,Marketing & Communications
JOB00649,bachelors_degree,Education & Certifications,Marketing & Communications
JOB00650,leadership,Business & Soft Skills,Marketing & Communications
JOB00650,cross_functional_collaboration,Business & Soft Skills,Marketing & Communications
JOB00650,strategic_planning,Business & Soft Skills,Marketing & Communications
JOB00650,marketing,Business & Soft Skills,Marketing & Communications
JOB00650,bachelors_degree,Education & Certifications,Marketing & Communications
JOB00651,customer_service,Business & Soft Skills,Marketing & Communications
JOB00651,sales,Business & Soft Skills,Marketing & Communications
JOB00651,marketing,Business & Soft Skills,Marketing & Communications
JOB00651,consulting,Business & Soft Skills,Marketing & Communications
JOB00652,go,Programming Languages,Marketing & Communications
JOB00652,google_cloud,Cloud & Infrastructure,Marketing & Communications
JOB00652,leadership,Business & Soft Skills,Marketing & Communications
JOB00652,analytical_skills,Business & Soft Skills,Marketing & Communications
JOB00652,strategic_planning,Business & Soft Skills,Marketing & Communications
JOB00652,marketing,Business & Soft Skills,Marketing & Communications
JOB00652,bachelors_degree,Education & Certifications,Marketing & Communications
JOB00653,python,Programming Languages,Marketing & Communications
JOB00653,java,Programming Languages,Marketing & Communications
JOB00653,php,Programming Languages,Marketing & Communications
JOB00653,google_cloud,Cloud & Infrastructure,Marketing & Communications
JOB00653,aws,Cloud & Infrastructure,Marketing & Communications
JOB00653,azure,Cloud & Infrastructure,Marketing & Communications
JOB00653,project_management,Business & Soft Skills,Marketing & Communications
JOB00653,budget_management,Business & Soft Skills,Marketing & Communications
JOB00653,strategic_planning,Business & Soft Skills,Marketing & Communications
JOB00653,sales,Business & Soft Skills,Marketing & Communications
JOB00653,marketing,Business & Soft Skills,Marketing & Communications
JOB00653,bachelors_degree,Education & Certifications,Marketing & Communications
JOB00654,python,Programming Languages,Marketing & Communications
JOB00654,r_lang,Programming Languages,Marketing & Communications
JOB00654,sql,Programming Languages,Marketing & Communications
JOB00654,statistics,Data & Machine Learning,Marketing & Communications
JOB00654,cross_functional_collaboration,Business & Soft Skills,Marketing & Communications
JOB00654,problem_solving,Business & Soft Skills,Marketing & Communications
JOB00654,strategic_planning,Business & Soft Skills,Marketing & Communications
JOB00654,sales,Business & Soft Skills,Marketing & Communications
JOB00654,marketing,Business & Soft Skills,Marketing & Communications
JOB00655,project_management,Business & Soft Skills,Business Strategy
JOB00655,analytical_skills,Business & Soft Skills,Business Strategy
JOB00655,masters_degree,Education & Certifications,Business Strategy
JOB00656,stakeholder_management,Business & Soft Skills,Marketing & Communications
JOB00656,leadership,Business & Soft Skills,Marketing & Communications
JOB00656,presentation_skills,Business & Soft Skills,Marketing & Communications
JOB00656,strategic_planning,Business & Soft Skills,Marketing & Communications
JOB00656,sales,Business & Soft Skills,Marketing & Communications
JOB00656,marketing,Business & Soft Skills,Marketing & Communications
JOB00656,bachelors_degree,Education & Certifications,Marketing & Communications
JOB00657,project_management,Business & Soft Skills,Administrative
JOB00657,communication_skills,Business & Soft Skills,Administrative
JOB00657,problem_solving,Business & Soft Skills,Administrative
JOB00657,customer_service,Business & Soft Skills,Administrative
JOB00657,sales,Business & Soft Skills,Administrative
JOB00657,marketing,Business & Soft Skills,Administrative
JOB00657,consulting,Business & Soft Skills,Administrative
JOB00657,masters_degree,Education & Certifications,Administrative
JOB00658,c_lang,Programming Languages,Marketing & Communications
JOB00658,cross_functional_collaboration,Business & Soft Skills,Marketing & Communications
JOB00658,strategic_planning,Business & Soft Skills,Marketing & Communications
JOB00658,marketing,Business & Soft Skills,Marketing & Communications
JOB00658,bachelors_degree,Education & Certifications,Marketing & Communications
JOB00658,masters_degree,Education & Certifications,Marketing & Communications
JOB00659,cross_functional_collaboration,Business & Soft Skills,Marketing & Communications
JOB00659,analytical_skills,Business & Soft Skills,Marketing & Communications
JOB00659,strategic_planning,Business & Soft Skills,Marketing & Communications
JOB00659,marketing,Business & Soft Skills,Marketing & Communications
JOB00659,consulting,Business & Soft Skills,Marketing & Communications
JOB00659,bachelors_degree,Education & Certifications,Marketing & Communications
JOB00660,customer_service,Business & Soft Skills,Marketing & Communications
JOB00660,sales,Business & Soft Skills,Marketing & Communications
JOB00660,marketing,Business & Soft Skills,Marketing & Communications
JOB00660,consulting,Business & Soft Skills,Marketing & Communications
JOB00661,customer_service,Business & Soft Skills,Marketing & Communications
JOB00661,sales,Business & Soft Skills,Marketing & Communications
JOB00661,marketing,Business & Soft Skills,Marketing & Communications
JOB00661,consulting,Business & Soft Skills,Marketing & Communications
JOB00662,c_lang,Programming Languages,Marketing & Communications
JOB00662,stakeholder_management,Business & Soft Skills,Marketing & Communications
JOB00662,analytical_skills,Business & Soft Skills,Marketing & Communications
JOB00662,sales,Business & Soft Skills,Marketing & Communications
JOB00662,marketing,Business & Soft Skills,Marketing & Communications
JOB00662,consulting,Business & Soft Skills,Marketing & Communications
JOB00662,bachelors_degree,Education & Certifications,Marketing & Communications
JOB00663,sql,Programming Languages,Marketing & Communications
JOB00663,data_visualization,Data & Machine Learning,Marketing & Communications
JOB00663,google_cloud,Cloud & Infrastructure,Marketing & Communications
JOB00663,databases_general,Databases,Marketing & Communications
JOB00663,stakeholder_management,Business & Soft Skills,Marketing & Communications
JOB00663,cross_functional_collaboration,Business & Soft Skills,Marketing & Communications
JOB00663,masters_degree,Education & Certifications,Marketing & Communications
JOB00664,communication_skills,Business & Soft Skills,Marketing & Communications
JOB00664,cross_functional_collaboration,Business & Soft Skills,Marketing & Communications
JOB00664,marketing,Business & Soft Skills,Marketing & Communications
JOB00664,bachelors_degree,Education & Certifications,Marketing & Communications
JOB00665,analytical_skills,Business & Soft Skills,Finance
JOB00665,bachelors_degree,Education & Certifications,Finance
JOB00666,project_management,Business & Soft Skills,Administrative
JOB00666,communication_skills,Business & Soft Skills,Administrative
JOB00666,problem_solving,Business & Soft Skills,Administrative
JOB00666,customer_service,Business & Soft Skills,Administrative
JOB00666,sales,Business & Soft Skills,Administrative
JOB00666,marketing,Business & Soft Skills,Administrative
JOB00666,consulting,Business & Soft Skills,Administrative
JOB00666,masters_degree,Education & Certifications,Administrative
JOB00667,communication_skills,Business & Soft Skills,Marketing & Communications
JOB00667,cross_functional_collaboration,Business & Soft Skills,Marketing & Communications
JOB00667,marketing,Business & Soft Skills,Marketing & Communications
JOB00667,bachelors_degree,Education & Certifications,Marketing & Communications
JOB00668,google_cloud,Cloud & Infrastructure,Marketing & Communications
JOB00668,leadership,Business & Soft Skills,Marketing & Communications
JOB00668,analytical_skills,Business & Soft Skills,Marketing & Communications
JOB00668,bachelors_degree,Education & Certifications,Marketing & Communications
JOB00669,scala,Programming Languages,Marketing & Communications
JOB00669,stakeholder_management,Business & Soft Skills,Marketing & Communications
JOB00669,strategic_planning,Business & Soft Skills,Marketing & Communications
JOB00669,bachelors_degree,Education & Certifications,Marketing & Communications
JOB00670,stakeholder_management,Business & Soft Skills,Marketing & Communications
JOB00670,communication_skills,Business & Soft Skills,Marketing & Communications
JOB00670,leadership,Business & Soft Skills,Marketing & Communications
JOB00670,cross_functional_collaboration,Business & Soft Skills,Marketing & Communications
JOB00670,problem_solving,Business & Soft Skills,Marketing & Communications
JOB00670,marketing,Business & Soft Skills,Marketing & Communications
JOB00670,consulting,Business & Soft Skills,Marketing & Communications
JOB00670,hardware_engineering,Hardware & Manufacturing,Marketing & Communications
JOB00670,bachelors_degree,Education & Certifications,Marketing & Communications
JOB00670,masters_degree,Education & Certifications,Marketing & Communications
JOB00671,go,Programming Languages,Marketing & Communications
JOB00671,google_cloud,Cloud & Infrastructure,Marketing & Communications
JOB00671,cloud_computing,Cloud & Infrastructure,Marketing & Communications
JOB00671,cross_functional_collaboration,Business & Soft Skills,Marketing & Communications
JOB00671,sales,Business & Soft Skills,Marketing & Communications
JOB00671,marketing,Business & Soft Skills,Marketing & Communications
JOB00671,bachelors_degree,Education & Certifications,Marketing & Communications
JOB00672,stakeholder_management,Business & Soft Skills,Marketing & Communications
JOB00672,budget_management,Business & Soft Skills,Marketing & Communications
JOB00672,marketing,Business & Soft Skills,Marketing & Communications
JOB00672,consulting,Business & Soft Skills,Marketing & Communications
JOB00672,hardware_engineering,Hardware & Manufacturing,Marketing & Communications
JOB00672,bachelors_degree,Education & Certifications,Marketing & Communications
JOB00673,customer_service,Business & Soft Skills,Marketing & Communications
JOB00673,sales,Business & Soft Skills,Marketing & Communications
JOB00673,marketing,Business & Soft Skills,Marketing & Communications
JOB00673,consulting,Business & Soft Skills,Marketing & Communications
JOB00674,leadership,Business & Soft Skills,Marketing & Communications
JOB00674,analytical_skills,Business & Soft Skills,Marketing & Communications
JOB00674,presentation_skills,Business & Soft Skills,Marketing & Communications
JOB00674,budget_management,Business & Soft Skills,Marketing & Communications
JOB00674,marketing,Business & Soft Skills,Marketing & Communications
JOB00674,masters_degree,Education & Certifications,Marketing & Communications
JOB00675,customer_service,Business & Soft Skills,Marketing & Communications
JOB00675,sales,Business & Soft Skills,Marketing & Communications
JOB00675,marketing,Business & Soft Skills,Marketing & Communications
JOB00675,consulting,Business & Soft Skills,Marketing & Communications
JOB00676,analytical_skills,Business & Soft Skills,Finance
JOB00676,bachelors_degree,Education & Certifications,Finance
JOB00677,project_management,Business & Soft Skills,Marketing & Communications
JOB00677,stakeholder_management,Business & Soft Skills,Marketing & Communications
JOB00677,leadership,Business & Soft Skills,Marketing & Communications
JOB00677,budget_management,Business & Soft Skills,Marketing & Communications
JOB00677,strategic_planning,Business & Soft Skills,Marketing & Communications
JOB00677,sales,Business & Soft Skills,Marketing & Communications
JOB00677,marketing,Business & Soft Skills,Marketing & Communications
JOB00678,stakeholder_management,Business & Soft Skills,Marketing & Communications
JOB00678,leadership,Business & Soft Skills,Marketing & Communications
JOB00678,cross_functional_collaboration,Business & Soft Skills,Marketing & Communications
JOB00678,strategic_planning,Business & Soft Skills,Marketing & Communications
JOB00678,marketing,Business & Soft Skills,Marketing & Communications
JOB00678,consulting,Business & Soft Skills,Marketing & Communications
JOB00678,bachelors_degree,Education & Certifications,Marketing & Communications
JOB00679,go,Programming Languages,Marketing & Communications
JOB00679,google_cloud,Cloud & Infrastructure,Marketing & Communications
JOB00679,leadership,Business & Soft Skills,Marketing & Communications
JOB00679,analytical_skills,Business & Soft Skills,Marketing & Communications
JOB00679,strategic_planning,Business & Soft Skills,Marketing & Communications
JOB00679,marketing,Business & Soft Skills,Marketing & Communications
JOB00679,bachelors_degree,Education & Certifications,Marketing & Communications
JOB00680,customer_service,Business & Soft Skills,Marketing & Communications
JOB00680,sales,Business & Soft Skills,Marketing & Communications
JOB00680,marketing,Business & Soft Skills,Marketing & Communications
JOB00680,consulting,Business & Soft Skills,Marketing & Communications
JOB00681,strategic_planning,Business & Soft Skills,Marketing & Communications
JOB00681,customer_service,Business & Soft Skills,Marketing & Communications
JOB00681,sales,Business & Soft Skills,Marketing & Communications
JOB00681,marketing,Business & Soft Skills,Marketing & Communications
JOB00681,consulting,Business & Soft Skills,Marketing & Communications
JOB00681,bachelors_degree,Education & Certifications,Marketing & Communications
JOB00682,scala,Programming Languages,Marketing & Communications
JOB00682,stakeholder_management,Business & Soft Skills,Marketing & Communications
JOB00682,cross_functional_collaboration,Business & Soft Skills,Marketing & Communications
JOB00682,analytical_skills,Business & Soft Skills,Marketing & Communications
JOB00682,strategic_planning,Business & Soft Skills,Marketing & Communications
JOB00682,marketing,Business & Soft Skills,Marketing & Communications
JOB00682,bachelors_degree,Education & Certifications,Marketing & Communications
JOB00683,customer_service,Business & Soft Skills,Marketing & Communications
JOB00683,sales,Business & Soft Skills,Marketing & Communications
JOB00683,marketing,Business & Soft Skills,Marketing & Communications
JOB00683,consulting,Business & Soft Skills,Marketing & Communications
JOB00684,customer_service,Business & Soft Skills,Marketing & Communications
JOB00684,sales,Business & Soft Skills,Marketing & Communications
JOB00684,marketing,Business & Soft Skills,Marketing & Communications
JOB00684,consulting,Business & Soft Skills,Marketing & Communications
JOB00685,scala,Programming Languages,Marketing & Communications
JOB00685,stakeholder_management,Business & Soft Skills,Marketing & Communications
JOB00685,communication_skills,Business & Soft Skills,Marketing & Communications
JOB00685,cross_functional_collaboration,Business & Soft Skills,Marketing & Communications
JOB00685,strategic_planning,Business & Soft Skills,Marketing & Communications
JOB00685,bachelors_degree,Education & Certifications,Marketing & Communications
JOB00686,google_cloud,Cloud & Infrastructure,Marketing & Communications
JOB00686,stakeholder_management,Business & Soft Skills,Marketing & Communications
JOB00686,strategic_planning,Business & Soft Skills,Marketing & Communications
JOB00686,marketing,Business & Soft Skills,Marketing & Communications
JOB00686,bachelors_degree,Education & Certifications,Marketing & Communications
JOB00686,masters_degree,Education & Certifications,Marketing & Communications
JOB00686,computer_science_degree,Education & Certifications,Marketing & Communications
JOB00687,stakeholder_management,Business & Soft Skills,Marketing & Communications
JOB00687,leadership,Business & Soft Skills,Marketing & Communications
JOB00687,cross_functional_collaboration,Business & Soft Skills,Marketing & Communications
JOB00687,strategic_planning,Business & Soft Skills,Marketing & Communications
JOB00687,sales,Business & Soft Skills,Marketing & Communications
JOB00687,marketing,Business & Soft Skills,Marketing & Communications
JOB00687,masters_degree,Education & Certifications,Marketing & Communications
JOB00688,c_lang,Programming Languages,Marketing & Communications
JOB00688,google_cloud,Cloud & Infrastructure,Marketing & Communications
JOB00688,privacy,Security,Marketing & Communications
JOB00688,product_management,Business & Soft Skills,Marketing & Communications
JOB00688,leadership,Business & Soft Skills,Marketing & Communications
JOB00688,strategic_planning,Business & Soft Skills,Marketing & Communications
JOB00688,sales,Business & Soft Skills,Marketing & Communications
JOB00688,marketing,Business & Soft Skills,Marketing & Communications
JOB00688,bachelors_degree,Education & Certifications,Marketing & Communications
JOB00689,analytical_skills,Business & Soft Skills,Finance
JOB00689,bachelors_degree,Education & Certifications,Finance
JOB00690,google_cloud,Cloud & Infrastructure,Marketing & Communications
JOB00690,leadership,Business & Soft Skills,Marketing & Communications
JOB00690,analytical_skills,Business & Soft Skills,Marketing & Communications
JOB00690,bachelors_degree,Education & Certifications,Marketing & Communications
JOB00691,google_cloud,Cloud & Infrastructure,Marketing & Communications
JOB00691,cloud_computing,Cloud & Infrastructure,Marketing & Communications
JOB00691,security_general,Security,Marketing & Communications
JOB00691,privacy,Security,Marketing & Communications
JOB00691,bachelors_degree,Education & Certifications,Marketing & Communications
JOB00692,communication_skills,Business & Soft Skills,Marketing & Communications
JOB00692,cross_functional_collaboration,Business & Soft Skills,Marketing & Communications
JOB00692,marketing,Business & Soft Skills,Marketing & Communications
JOB00692,bachelors_degree,Education & Certifications,Marketing & Communications
JOB00693,customer_service,Business & Soft Skills,Marketing & Communications
JOB00693,sales,Business & Soft Skills,Marketing & Communications
JOB00693,marketing,Business & Soft Skills,Marketing & Communications
JOB00693,consulting,Business & Soft Skills,Marketing & Communications
JOB00694,google_cloud,Cloud & Infrastructure,Marketing & Communications
JOB00694,compliance,Security,Marketing & Communications
JOB00694,project_management,Business & Soft Skills,Marketing & Communications
JOB00694,program_management,Business & Soft Skills,Marketing & Communications
JOB00694,stakeholder_management,Business & Soft Skills,Marketing & Communications
JOB00694,cross_functional_collaboration,Business & Soft Skills,Marketing & Communications
JOB00694,presentation_skills,Business & Soft Skills,Marketing & Communications
JOB00694,budget_management,Business & Soft Skills,Marketing & Communications
JOB00694,strategic_planning,Business & Soft Skills,Marketing & Communications
JOB00694,marketing,Business & Soft Skills,Marketing & Communications
JOB00694,bachelors_degree,Education & Certifications,Marketing & Communications
JOB00695,customer_service,Business & Soft Skills,Marketing & Communications
JOB00695,sales,Business & Soft Skills,Marketing & Communications
JOB00695,marketing,Business & Soft Skills,Marketing & Communications
JOB00695,consulting,Business & Soft Skills,Marketing & Communications
JOB00696,analytical_skills,Business & Soft Skills,Finance
JOB00697,communication_skills,Business & Soft Skills,Marketing & Communications
JOB00697,cross_functional_collaboration,Business & Soft Skills,Marketing & Communications
JOB00697,marketing,Business & Soft Skills,Marketing & Communications
JOB00697,bachelors_degree,Education & Certifications,Marketing & Communications
JOB00698,go,Programming Languages,Marketing & Communications
JOB00698,data_analysis,Data & Machine Learning,Marketing & Communications
JOB00698,project_management,Business & Soft Skills,Marketing & Communications
JOB00698,leadership,Business & Soft Skills,Marketing & Communications
JOB00698,sales,Business & Soft Skills,Marketing & Communications
JOB00698,marketing,Business & Soft Skills,Marketing & Communications
JOB00698,consulting,Business & Soft Skills,Marketing & Communications
JOB00698,bachelors_degree,Education & Certifications,Marketing & Communications
JOB00698,phd,Education & Certifications,Marketing & Communications
JOB00699,google_cloud,Cloud & Infrastructure,Marketing & Communications
JOB00699,leadership,Business & Soft Skills,Marketing & Communications
JOB00699,analytical_skills,Business & Soft Skills,Marketing & Communications
JOB00699,bachelors_degree,Education & Certifications,Marketing & Communications
JOB00700,stakeholder_management,Business & Soft Skills,Marketing & Communications
JOB00700,sales,Business & Soft Skills,Marketing & Communications
JOB00700,bachelors_degree,Education & Certifications,Marketing & Communications
JOB00701,customer_service,Business & Soft Skills,Marketing & Communications
JOB00701,sales,Business & Soft Skills,Marketing & Communications
JOB00701,marketing,Business & Soft Skills,Marketing & Communications
JOB00701,consulting,Business & Soft Skills,Marketing & Communications
JOB00702,project_management,Business & Soft Skills,Business Strategy
JOB00702,analytical_skills,Business & Soft Skills,Business Strategy
JOB00702,masters_degree,Education & Certifications,Business Strategy
JOB00703,cross_functional_collaboration,Business & Soft Skills,Marketing & Communications
JOB00703,bachelors_degree,Education & Certifications,Marketing & Communications
JOB00704,customer_service,Business & Soft Skills,Marketing & Communications
JOB00704,sales,Business & Soft Skills,Marketing & Communications
JOB00704,marketing,Business & Soft Skills,Marketing & Communications
JOB00704,consulting,Business & Soft Skills,Marketing & Communications
JOB00705,go,Programming Languages,Marketing & Communications
JOB00705,scala,Programming Languages,Marketing & Communications
JOB00705,project_management,Business & Soft Skills,Marketing & Communications
JOB00705,stakeholder_management,Business & Soft Skills,Marketing & Communications
JOB00705,leadership,Business & Soft Skills,Marketing & Communications
JOB00705,cross_functional_collaboration,Business & Soft Skills,Marketing & Communications
JOB00705,problem_solving,Business & Soft Skills,Marketing & Communications
JOB00705,strategic_planning,Business & Soft Skills,Marketing & Communications
JOB00705,marketing,Business & Soft Skills,Marketing & Communications
JOB00705,consulting,Business & Soft Skills,Marketing & Communications
JOB00705,bachelors_degree,Education & Certifications,Marketing & Communications
JOB00705,masters_degree,Education & Certifications,Marketing & Communications
JOB00706,python,Programming Languages,Marketing & Communications
JOB00706,java,Programming Languages,Marketing & Communications
JOB00706,c++,Programming Languages,Marketing & Communications
JOB00706,c_lang,Programming Languages,Marketing & Communications
JOB00706,r_lang,Programming Languages,Marketing & Communications
JOB00706,sql,Programming Languages,Marketing & Communications
JOB00706,php,Programming Languages,Marketing & Communications
JOB00706,matlab,Programming Languages,Marketing & Communications
JOB00706,data_analysis,Data & Machine Learning,Marketing & Communications
JOB00706,statistics,Data & Machine Learning,Marketing & Communications
JOB00706,databases_general,Databases,Marketing & Communications
JOB00706,stakeholder_management,Business & Soft Skills,Marketing & Communications
JOB00706,cross_functional_collaboration,Business & Soft Skills,Marketing & Communications
JOB00706,strategic_planning,Business & Soft Skills,Marketing & Communications
JOB00706,marketing,Business & Soft Skills,Marketing & Communications
JOB00706,bachelors_degree,Education & Certifications,Marketing & Communications
JOB00707,stakeholder_management,Business & Soft Skills,Marketing & Communications
JOB00707,leadership,Business & Soft Skills,Marketing & Communications
JOB00707,strategic_planning,Business & Soft Skills,Marketing & Communications
JOB00707,marketing,Business & Soft Skills,Marketing & Communications
JOB00707,bachelors_degree,Education & Certifications,Marketing & Communications
JOB00708,cross_functional_collaboration,Business & Soft Skills,Marketing & Communications
JOB00708,strategic_planning,Business & Soft Skills,Marketing & Communications
JOB00708,bachelors_degree,Education & Certifications,Marketing & Communications
JOB00709,leadership,Business & Soft Skills,Marketing & Communications
JOB00709,bachelors_degree,Education & Certifications,Marketing & Communications
JOB00710,python,Programming Languages,Marketing & Communications
JOB00710,r_lang,Programming Languages,Marketing & Communications
JOB00710,sql,Programming Languages,Marketing & Communications
JOB00710,data_science,Data & Machine Learning,Marketing & Communications
JOB00710,statistics,Data & Machine Learning,Marketing & Communications
JOB00710,data_visualization,Data & Machine Learning,Marketing & Communications
JOB00710,data_warehousing,Databases,Marketing & Communications
JOB00710,project_management,Business & Soft Skills,Marketing & Communications
JOB00710,communication_skills,Business & Soft Skills,Marketing & Communications
JOB00710,cross_functional_collaboration,Business & Soft Skills,Marketing & Communications
JOB00710,sales,Business & Soft Skills,Marketing & Communications
JOB00710,marketing,Business & Soft Skills,Marketing & Communications
JOB00710,hardware_engineering,Hardware & Manufacturing,Marketing & Communications
JOB00711,bachelors_degree,Education & Certifications,Marketing & Communications
JOB00711,computer_science_degree,Education & Certifications,Marketing & Communications
JOB00712,program_management,Business & Soft Skills,Marketing & Communications
JOB00712,leadership,Business & Soft Skills,Marketing & Communications
JOB00712,bachelors_degree,Education & Certifications,Marketing & Communications
JOB00713,customer_service,Business & Soft Skills,Marketing & Communications
JOB00713,sales,Business & Soft Skills,Marketing & Communications
JOB00713,marketing,Business & Soft Skills,Marketing & Communications
JOB00713,consulting,Business & Soft Skills,Marketing & Communications
JOB00714,python,Programming Languages,Marketing & Communications
JOB00714,javascript,Programming Languages,Marketing & Communications
JOB00714,html_css,Web & Frameworks,Marketing & Communications
JOB00714,angular,Web & Frameworks,Marketing & Communications
JOB00714,cross_functional_collaboration,Business & Soft Skills,Marketing & Communications
JOB00714,strategic_planning,Business & Soft Skills,Marketing & Communications
JOB00714,marketing,Business & Soft Skills,Marketing & Communications
JOB00714,bachelors_degree,Education & Certifications,Marketing & Communications
JOB00714,computer_science_degree,Education & Certifications,Marketing & Communications
JOB00715,stakeholder_management,Business & Soft Skills,Marketing & Communications
JOB00715,sales,Business & Soft Skills,Marketing & Communications
JOB00715,marketing,Business & Soft Skills,Marketing & Communications
JOB00715,consulting,Business & Soft Skills,Marketing & Communications
JOB00715,bachelors_degree,Education & Certifications,Marketing & Communications
JOB00715,masters_degree,Education & Certifications,Marketing & Communications
JOB00716,customer_service,Business & Soft Skills,Marketing & Communications
JOB00716,sales,Business & Soft Skills,Marketing & Communications
JOB00716,marketing,Business & Soft Skills,Marketing & Communications
JOB00716,consulting,Business & Soft Skills,Marketing & Communications
JOB00717,scala,Programming Languages,Marketing & Communications
JOB00717,stakeholder_management,Business & Soft Skills,Marketing & Communications
JOB00717,communication_skills,Business & Soft Skills,Marketing & Communications
JOB00717,cross_functional_collaboration,Business & Soft Skills,Marketing & Communications
JOB00717,strategic_planning,Business & Soft Skills,Marketing & Communications
JOB00717,bachelors_degree,Education & Certifications,Marketing & Communications
JOB00718,privacy,Security,Marketing & Communications
JOB00718,presentation_skills,Business & Soft Skills,Marketing & Communications
JOB00718,strategic_planning,Business & Soft Skills,Marketing & Communications
JOB00718,bachelors_degree,Education & Certifications,Marketing & Communications
JOB00719,google_cloud,Cloud & Infrastructure,Marketing & Communications
JOB00719,networking,Cloud & Infrastructure,Marketing & Communications
JOB00719,security_general,Security,Marketing & Communications
JOB00719,budget_management,Business & Soft Skills,Marketing & Communications
JOB00719,marketing,Business & Soft Skills,Marketing & Communications
JOB00719,bachelors_degree,Education & Certifications,Marketing & Communications
JOB00720,project_management,Business & Soft Skills,Finance
JOB00720,analytical_skills,Business & Soft Skills,Finance
JOB00720,marketing,Business & Soft Skills,Finance
JOB00721,go,Programming Languages,Marketing & Communications
JOB00721,statistics,Data & Machine Learning,Marketing & Communications
JOB00721,program_management,Business & Soft Skills,Marketing & Communications
JOB00721,product_management,Business & Soft Skills,Marketing & Communications
JOB00721,stakeholder_management,Business & Soft Skills,Marketing & Communications
JOB00721,cross_functional_collaboration,Business & Soft Skills,Marketing & Communications
JOB00721,problem_solving,Business & Soft Skills,Marketing & Communications
JOB00721,strategic_planning,Business & Soft Skills,Marketing & Communications
JOB00721,sales,Business & Soft Skills,Marketing & Communications
JOB00721,marketing,Business & Soft Skills,Marketing & Communications
JOB00721,consulting,Business & Soft Skills,Marketing & Communications
JOB00721,bachelors_degree,Education & Certifications,Marketing & Communications
JOB00721,masters_degree,Education & Certifications,Marketing & Communications
JOB00722,project_management,Business & Soft Skills,Business Strategy
JOB00722,analytical_skills,Business & Soft Skills,Business Strategy
JOB00722,masters_degree,Education & Certifications,Business Strategy
JOB00723,go,Programming Languages,Marketing & Communications
JOB00723,communication_skills,Business & Soft Skills,Marketing & Communications
JOB00723,leadership,Business & Soft Skills,Marketing & Communications
JOB00723,cross_functional_collaboration,Business & Soft Skills,Marketing & Communications
JOB00723,problem_solving,Business & Soft Skills,Marketing & Communications
JOB00723,sales,Business & Soft Skills,Marketing & Communications
JOB00723,marketing,Business & Soft Skills,Marketing & Communications
JOB00723,bachelors_degree,Education & Certifications,Marketing & Communications
JOB00724,customer_service,Business & Soft Skills,Marketing & Communications
JOB00724,sales,Business & Soft Skills,Marketing & Communications
JOB00724,marketing,Business & Soft Skills,Marketing & Communications
JOB00724,consulting,Business & Soft Skills,Marketing & Communications
JOB00725,stakeholder_management,Business & Soft Skills,Marketing & Communications
JOB00725,communication_skills,Business & Soft Skills,Marketing & Communications
JOB00725,cross_functional_collaboration,Business & Soft Skills,Marketing & Communications
JOB00725,analytical_skills,Business & Soft Skills,Marketing & Communications
JOB00725,strategic_planning,Business & Soft Skills,Marketing & Communications
JOB00725,sales,Business & Soft Skills,Marketing & Communications
JOB00725,marketing,Business & Soft Skills,Marketing & Communications
JOB00725,consulting,Business & Soft Skills,Marketing & Communications
JOB00725,bachelors_degree,Education & Certifications,Marketing & Communications
JOB00726,communication_skills,Business & Soft Skills,Marketing & Communications
JOB00726,strategic_planning,Business & Soft Skills,Marketing & Communications
JOB00726,marketing,Business & Soft Skills,Marketing & Communications
JOB00726,consulting,Business & Soft Skills,Marketing & Communications
JOB00726,hardware_engineering,Hardware & Manufacturing,Marketing & Communications
JOB00726,bachelors_degree,Education & Certifications,Marketing & Communications
JOB00726,masters_degree,Education & Certifications,Marketing & Communications
JOB00727,go,Programming Languages,Marketing & Communications
JOB00727,cross_functional_collaboration,Business & Soft Skills,Marketing & Communications
JOB00727,strategic_planning,Business & Soft Skills,Marketing & Communications
JOB00727,sales,Business & Soft Skills,Marketing & Communications
JOB00727,marketing,Business & Soft Skills,Marketing & Communications
JOB00728,google_cloud,Cloud & Infrastructure,Marketing & Communications
JOB00728,project_management,Business & Soft Skills,Marketing & Communications
JOB00728,communication_skills,Business & Soft Skills,Marketing & Communications
JOB00728,problem_solving,Business & Soft Skills,Marketing & Communications
JOB00728,strategic_planning,Business & Soft Skills,Marketing & Communications
JOB00728,sales,Business & Soft Skills,Marketing & Communications
JOB00728,marketing,Business & Soft Skills,Marketing & Communications
JOB00728,bachelors_degree,Education & Certifications,Marketing & Communications
JOB00729,project_management,Business & Soft Skills,Administrative
JOB00729,communication_skills,Business & Soft Skills,Administrative
JOB00729,problem_solving,Business & Soft Skills,Administrative
JOB00729,customer_service,Business & Soft Skills,Administrative
JOB00729,sales,Business & Soft Skills,Administrative
JOB00729,marketing,Business & Soft Skills,Administrative
JOB00729,consulting,Business & Soft Skills,Administrative
JOB00729,masters_degree,Education & Certifications,Administrative
JOB00730,program_management,Business & Soft Skills,Marketing & Communications
JOB00730,leadership,Business & Soft Skills,Marketing & Communications
JOB00730,presentation_skills,Business & Soft Skills,Marketing & Communications
JOB00730,strategic_planning,Business & Soft Skills,Marketing & Communications
JOB00730,marketing,Business & Soft Skills,Marketing & Communications
JOB00730,consulting,Business & Soft Skills,Marketing & Communications
JOB00730,bachelors_degree,Education & Certifications,Marketing & Communications
JOB00731,google_cloud,Cloud & Infrastructure,Marketing & Communications
JOB00731,leadership,Business & Soft Skills,Marketing & Communications
JOB00731,analytical_skills,Business & Soft Skills,Marketing & Communications
JOB00731,bachelors_degree,Education & Certifications,Marketing & Communications
JOB00732,google_cloud,Cloud & Infrastructure,Marketing & Communications
JOB00732,product_management,Business & Soft Skills,Marketing & Communications
JOB00732,sales,Business & Soft Skills,Marketing & Communications
JOB00732,marketing,Business & Soft Skills,Marketing & Communications
JOB00732,bachelors_degree,Education & Certifications,Marketing & Communications
JOB00732,masters_degree,Education & Certifications,Marketing & Communications
JOB00733,sql,Programming Languages,Marketing & Communications
JOB00733,data_analysis,Data & Machine Learning,Marketing & Communications
JOB00733,statistics,Data & Machine Learning,Marketing & Communications
JOB00733,analytical_skills,Business & Soft Skills,Marketing & Communications
JOB00733,marketing,Business & Soft Skills,Marketing & Communications
JOB00733,bachelors_degree,Education & Certifications,Marketing & Communications
JOB00734,python,Programming Languages,Marketing & Communications
JOB00734,javascript,Programming Languages,Marketing & Communications
JOB00734,r_lang,Programming Languages,Marketing & Communications
JOB00734,sql,Programming Languages,Marketing & Communications
JOB00734,scala,Programming Languages,Marketing & Communications
JOB00734,statistics,Data & Machine Learning,Marketing & Communications
JOB00734,data_warehousing,Databases,Marketing & Communications
JOB00734,html_css,Web & Frameworks,Marketing & Communications
JOB00734,communication_skills,Business & Soft Skills,Marketing & Communications
JOB00734,sales,Business & Soft Skills,Marketing & Communications
JOB00734,marketing,Business & Soft Skills,Marketing & Communications
JOB00734,bachelors_degree,Education & Certifications,Marketing & Communications
JOB00734,computer_science_degree,Education & Certifications,Marketing & Communications
JOB00735,customer_service,Business & Soft Skills,Marketing & Communications
JOB00735,sales,Business & Soft Skills,Marketing & Communications
JOB00735,marketing,Business & Soft Skills,Marketing & Communications
JOB00735,consulting,Business & Soft Skills,Marketing & Communications
JOB00736,go,Programming Languages,Marketing & Communications
JOB00736,google_cloud,Cloud & Infrastructure,Marketing & Communications
JOB00736,cloud_computing,Cloud & Infrastructure,Marketing & Communications
JOB00736,cross_functional_collaboration,Business & Soft Skills,Marketing & Communications
JOB00736,sales,Business & Soft Skills,Marketing & Communications
JOB00736,marketing,Business & Soft Skills,Marketing & Communications
JOB00736,bachelors_degree,Education & Certifications,Marketing & Communications
JOB00737,product_management,Business & Soft Skills,Business Strategy
JOB00737,strategic_planning,Business & Soft Skills,Business Strategy
JOB00737,marketing,Business & Soft Skills,Business Strategy
JOB00737,bachelors_degree,Education & Certifications,Business Strategy
JOB00737,masters_degree,Education & Certifications,Business Strategy
JOB00738,scala,Programming Languages,Marketing & Communications
JOB00738,program_management,Business & Soft Skills,Marketing & Communications
JOB00738,stakeholder_management,Business & Soft Skills,Marketing & Communications
JOB00738,cross_functional_collaboration,Business & Soft Skills,Marketing & Communications
JOB00738,strategic_planning,Business & Soft Skills,Marketing & Communications
JOB00738,bachelors_degree,Education & Certifications,Marketing & Communications
JOB00738,masters_degree,Education & Certifications,Marketing & Communications
JOB00738,phd,Education & Certifications,Marketing & Communications
JOB00739,data_analysis,Data & Machine Learning,Marketing & Communications
JOB00739,cross_functional_collaboration,Business & Soft Skills,Marketing & Communications
JOB00739,analytical_skills,Business & Soft Skills,Marketing & Communications
JOB00740,analytical_skills,Business & Soft Skills,Finance
JOB00741,customer_service,Business & Soft Skills,Marketing & Communications
JOB00741,sales,Business & Soft Skills,Marketing & Communications
JOB00741,marketing,Business & Soft Skills,Marketing & Communications
JOB00741,consulting,Business & Soft Skills,Marketing & Communications
JOB00742,communication_skills,Business & Soft Skills,Marketing & Communications
JOB00742,leadership,Business & Soft Skills,Marketing & Communications
JOB00742,cross_functional_collaboration,Business & Soft Skills,Marketing & Communications
JOB00742,problem_solving,Business & Soft Skills,Marketing & Communications
JOB00742,strategic_planning,Business & Soft Skills,Marketing & Communications
JOB00742,marketing,Business & Soft Skills,Marketing & Communications
JOB00742,consulting,Business & Soft Skills,Marketing & Communications
JOB00742,bachelors_degree,Education & Certifications,Marketing & Communications
JOB00743,go,Programming Languages,Marketing & Communications
JOB00743,google_cloud,Cloud & Infrastructure,Marketing & Communications
JOB00743,budget_management,Business & Soft Skills,Marketing & Communications
JOB00743,sales,Business & Soft Skills,Marketing & Communications
JOB00743,marketing,Business & Soft Skills,Marketing & Communications
JOB00743,bachelors_degree,Education & Certifications,Marketing & Communications
JOB00744,cross_functional_collaboration,Business & Soft Skills,Marketing & Communications
JOB00744,bachelors_degree,Education & Certifications,Marketing & Communications
JOB00745,scala,Programming Languages,Marketing & Communications
JOB00745,google_cloud,Cloud & Infrastructure,Marketing & Communications
JOB00745,stakeholder_management,Business & Soft Skills,Marketing & Communications
JOB00745,leadership,Business & Soft Skills,Marketing & Communications
JOB00745,cross_functional_collaboration,Business & Soft Skills,Marketing & Communications
JOB00745,strategic_planning,Business & Soft Skills,Marketing & Communications
JOB00745,marketing,Business & Soft Skills,Marketing & Communications
JOB00745,bachelors_degree,Education & Certifications,Marketing & Communications
JOB00745,masters_degree,Education & Certifications,Marketing & Communications
JOB00746,customer_service,Business & Soft Skills,Marketing & Communications
JOB00746,sales,Business & Soft Skills,Marketing & Communications
JOB00746,marketing,Business & Soft Skills,Marketing & Communications
JOB00746,consulting,Business & Soft Skills,Marketing & Communications
JOB00747,customer_service,Business & Soft Skills,Marketing & Communications
JOB00747,sales,Business & Soft Skills,Marketing & Communications
JOB00747,marketing,Business & Soft Skills,Marketing & Communications
JOB00747,consulting,Business & Soft Skills,Marketing & Communications
JOB00748,project_management,Business & Soft Skills,Business Strategy
JOB00748,analytical_skills,Business & Soft Skills,Business Strategy
JOB00748,masters_degree,Education & Certifications,Business Strategy
JOB00749,product_management,Business & Soft Skills,Marketing & Communications
JOB00749,cross_functional_collaboration,Business & Soft Skills,Marketing & Communications
JOB00749,team_management,Business & Soft Skills,Marketing & Communications
JOB00749,strategic_planning,Business & Soft Skills,Marketing & Communications
JOB00749,marketing,Business & Soft Skills,Marketing & Communications
JOB00749,hardware_engineering,Hardware & Manufacturing,Marketing & Communications
JOB00750,go,Programming Languages,Marketing & Communications
JOB00750,google_cloud,Cloud & Infrastructure,Marketing & Communications
JOB00750,project_management,Business & Soft Skills,Marketing & Communications
JOB00750,stakeholder_management,Business & Soft Skills,Marketing & Communications
JOB00750,cross_functional_collaboration,Business & Soft Skills,Marketing & Communications
JOB00750,presentation_skills,Business & Soft Skills,Marketing & Communications
JOB00750,marketing,Business & Soft Skills,Marketing & Communications
JOB00750,bachelors_degree,Education & Certifications,Marketing & Communications
JOB00751,project_management,Business & Soft Skills,Administrative
JOB00751,communication_skills,Business & Soft Skills,Administrative
JOB00751,problem_solving,Business & Soft Skills,Administrative
JOB00751,customer_service,Business & Soft Skills,Administrative
JOB00751,sales,Business & Soft Skills,Administrative
JOB00751,marketing,Business & Soft Skills,Administrative
JOB00751,consulting,Business & Soft Skills,Administrative
JOB00751,masters_degree,Education & Certifications,Administrative
JOB00752,scala,Programming Languages,User Experience & Design
JOB00752,project_management,Business & Soft Skills,User Experience & Design
JOB00752,product_management,Business & Soft Skills,User Experience & Design
JOB00752,stakeholder_management,Business & Soft Skills,User Experience & Design
JOB00752,cross_functional_collaboration,Business & Soft Skills,User Experience & Design
JOB00752,strategic_planning,Business & Soft Skills,User Experience & Design
JOB00752,hardware_engineering,Hardware & Manufacturing,User Experience & Design
JOB00752,bachelors_degree,Education & Certifications,User Experience & Design
JOB00753,javascript,Programming Languages,User Experience & Design
JOB00753,html_css,Web & Frameworks,User Experience & Design
JOB00753,android,Web & Frameworks,User Experience & Design
JOB00753,ios,Web & Frameworks,User Experience & Design
JOB00753,communication_skills,Business & Soft Skills,User Experience & Design
JOB00753,bachelors_degree,Education & Certifications,User Experience & Design
JOB00753,computer_science_degree,Education & Certifications,User Experience & Design
JOB00754,javascript,Programming Languages,User Experience & Design
JOB00754,html_css,Web & Frameworks,User Experience & Design
JOB00754,leadership,Business & Soft Skills,User Experience & Design
JOB00754,bachelors_degree,Education & Certifications,User Experience & Design
JOB00754,computer_science_degree,Education & Certifications,User Experience & Design
JOB00755,statistics,Data & Machine Learning,User Experience & Design
JOB00755,mobile_development,Web & Frameworks,User Experience & Design
JOB00755,negotiation,Business & Soft Skills,User Experience & Design
JOB00755,bachelors_degree,Education & Certifications,User Experience & Design
JOB00755,phd,Education & Certifications,User Experience & Design
JOB00755,computer_science_degree,Education & Certifications,User Experience & Design
JOB00756,data_science,Data & Machine Learning,User Experience & Design
JOB00756,statistics,Data & Machine Learning,User Experience & Design
JOB00756,negotiation,Business & Soft Skills,User Experience & Design
JOB00756,phd,Education & Certifications,User Experience & Design
JOB00757,javascript,Programming Languages,User Experience & Design
JOB00757,html_css,Web & Frameworks,User Experience & Design
JOB00757,android,Web & Frameworks,User Experience & Design
JOB00757,ios,Web & Frameworks,User Experience & Design
JOB00757,communication_skills,Business & Soft Skills,User Experience & Design
JOB00757,bachelors_degree,Education & Certifications,User Experience & Design
JOB00757,computer_science_degree,Education & Certifications,User Experience & Design
JOB00758,python,Programming Languages,User Experience & Design
JOB00758,java,Programming Languages,User Experience & Design
JOB00758,javascript,Programming Languages,User Experience & Design
JOB00758,c++,Programming Languages,User Experience & Design
JOB00758,c_lang,Programming Languages,User Experience & Design
JOB00758,php,Programming Languages,User Experience & Design
JOB00758,artificial_intelligence,Data & Machine Learning,User Experience & Design
JOB00758,phd,Education & Certifications,User Experience & Design
JOB00758,computer_science_degree,Education & Certifications,User Experience & Design
JOB00759,data_science,Data & Machine Learning,User Experience & Design
JOB00759,statistics,Data & Machine Learning,User Experience & Design
JOB00759,negotiation,Business & Soft Skills,User Experience & Design
JOB00759,phd,Education & Certifications,User Experience & Design
JOB00760,statistics,Data & Machine Learning,User Experience & Design
JOB00760,cross_functional_collaboration,Business & Soft Skills,User Experience & Design
JOB00761,statistics,Data & Machine Learning,User Experience & Design
JOB00761,mobile_development,Web & Frameworks,User Experience & Design
JOB00761,negotiation,Business & Soft Skills,User Experience & Design
JOB00761,bachelors_degree,Education & Certifications,User Experience & Design
JOB00761,phd,Education & Certifications,User Experience & Design
JOB00761,computer_science_degree,Education & Certifications,User Experience & Design
JOB00762,python,Programming Languages,User Experience & Design
JOB00762,java,Programming Languages,User Experience & Design
JOB00762,c_lang,Programming Languages,User Experience & Design
JOB00762,php,Programming Languages,User Experience & Design
JOB00762,ruby,Programming Languages,User Experience & Design
JOB00762,android,Web & Frameworks,User Experience & Design
JOB00762,project_management,Business & Soft Skills,User Experience & Design
JOB00762,leadership,Business & Soft Skills,User Experience & Design
JOB00762,bachelors_degree,Education & Certifications,User Experience & Design
JOB00762,computer_science_degree,Education & Certifications,User Experience & Design
JOB00763,python,Programming Languages,User Experience & Design
JOB00763,java,Programming Languages,User Experience & Design
JOB00763,c++,Programming Languages,User Experience & Design
JOB00763,c_lang,Programming Languages,User Experience & Design
JOB00763,go,Programming Languages,User Experience & Design
JOB00763,r_lang,Programming Languages,User Experience & Design
JOB00763,sql,Programming Languages,User Experience & Design
JOB00763,matlab,Programming Languages,User Experience & Design
JOB00763,statistics,Data & Machine Learning,User Experience & Design
JOB00763,algorithms,Data & Machine Learning,User Experience & Design
JOB00763,stakeholder_management,Business & Soft Skills,User Experience & Design
JOB00763,bachelors_degree,Education & Certifications,User Experience & Design
JOB00763,phd,Education & Certifications,User Experience & Design
JOB00763,computer_science_degree,Education & Certifications,User Experience & Design
JOB00764,statistics,Data & Machine Learning,User Experience & Design
JOB00764,mobile_development,Web & Frameworks,User Experience & Design
JOB00764,negotiation,Business & Soft Skills,User Experience & Design
JOB00764,bachelors_degree,Education & Certifications,User Experience & Design
JOB00764,phd,Education & Certifications,User Experience & Design
JOB00764,computer_science_degree,Education & Certifications,User Experience & Design
JOB00765,project_management,Business & Soft Skills,User Experience & Design
JOB00765,communication_skills,Business & Soft Skills,User Experience & Design
JOB00765,strategic_planning,Business & Soft Skills,User Experience & Design
JOB00765,marketing,Business & Soft Skills,User Experience & Design
JOB00765,hardware_engineering,Hardware & Manufacturing,User Experience & Design
JOB00765,bachelors_degree,Education & Certifications,User Experience & Design
JOB00766,statistics,Data & Machine Learning,User Experience & Design
JOB00766,mobile_development,Web & Frameworks,User Experience & Design
JOB00766,negotiation,Business & Soft Skills,User Experience & Design
JOB00766,bachelors_degree,Education & Certifications,User Experience & Design
JOB00766,phd,Education & Certifications,User Experience & Design
JOB00766,computer_science_degree,Education & Certifications,User Experience & Design
JOB00767,javascript,Programming Languages,User Experience & Design
JOB00767,html_css,Web & Frameworks,User Experience & Design
JOB00767,android,Web & Frameworks,User Experience & Design
JOB00767,ios,Web & Frameworks,User Experience & Design
JOB00767,communication_skills,Business & Soft Skills,User Experience & Design
JOB00767,bachelors_degree,Education & Certifications,User Experience & Design
JOB00767,computer_science_degree,Education & Certifications,User Experience & Design
JOB00768,product_management,Business & Soft Skills,User Experience & Design
JOB00768,communication_skills,Business & Soft Skills,User Experience & Design
JOB00768,leadership,Business & Soft Skills,User Experience & Design
JOB00768,cross_functional_collaboration,Business & Soft Skills,User Experience & Design
JOB00768,marketing,Business & Soft Skills,User Experience & Design
JOB00768,hardware_engineering,Hardware & Manufacturing,User Experience & Design
JOB00768,manufacturing,Hardware & Manufacturing,User Experience & Design
JOB00768,bachelors_degree,Education & Certifications,User Experience & Design
JOB00769,product_management,Business & Soft Skills,User Experience & Design
JOB00769,stakeholder_management,Business & Soft Skills,User Experience & Design
JOB00769,bachelors_degree,Education & Certifications,User Experience & Design
JOB00769,computer_science_degree,Education & Certifications,User Experience & Design
JOB00770,javascript,Programming Languages,User Experience & Design
JOB00770,html_css,Web & Frameworks,User Experience & Design
JOB00770,leadership,Business & Soft Skills,User Experience & Design
JOB00770,bachelors_degree,Education & Certifications,User Experience & Design
JOB00770,computer_science_degree,Education & Certifications,User Experience & Design
JOB00771,statistics,Data & Machine Learning,User Experience & Design
JOB00771,mobile_development,Web & Frameworks,User Experience & Design
JOB00771,negotiation,Business & Soft Skills,User Experience & Design
JOB00771,bachelors_degree,Education & Certifications,User Experience & Design
JOB00771,phd,Education & Certifications,User Experience & Design
JOB00771,computer_science_degree,Education & Certifications,User Experience & Design
JOB00772,python,Programming Languages,User Experience & Design
JOB00772,javascript,Programming Languages,User Experience & Design
JOB00772,ruby,Programming Languages,User Experience & Design
JOB00772,html_css,Web & Frameworks,User Experience & Design
JOB00772,angular,Web & Frameworks,User Experience & Design
JOB00772,problem_solving,Business & Soft Skills,User Experience & Design
JOB00772,bachelors_degree,Education & Certifications,User Experience & Design
JOB00772,computer_science_degree,Education & Certifications,User Experience & Design
JOB00773,python,Programming Languages,User Experience & Design
JOB00773,javascript,Programming Languages,User Experience & Design
JOB00773,ruby,Programming Languages,User Experience & Design
JOB00773,html_css,Web & Frameworks,User Experience & Design
JOB00773,angular,Web & Frameworks,User Experience & Design
JOB00773,problem_solving,Business & Soft Skills,User Experience & Design
JOB00773,bachelors_degree,Education & Certifications,User Experience & Design
JOB00773,computer_science_degree,Education & Certifications,User Experience & Design
JOB00774,android,Web & Frameworks,User Experience & Design
JOB00774,ios,Web & Frameworks,User Experience & Design
JOB00774,cross_functional_collaboration,Business & Soft Skills,User Experience & Design
JOB00774,problem_solving,Business & Soft Skills,User Experience & Design
JOB00774,bachelors_degree,Education & Certifications,User Experience & Design
JOB00774,computer_science_degree,Education & Certifications,User Experience & Design
JOB00775,python,Programming Languages,User Experience & Design
JOB00775,sql,Programming Languages,User Experience & Design
JOB00775,statistics,Data & Machine Learning,User Experience & Design
JOB00775,negotiation,Business & Soft Skills,User Experience & Design
JOB00775,bachelors_degree,Education & Certifications,User Experience & Design
JOB00775,computer_science_degree,Education & Certifications,User Experience & Design
JOB00776,java,Programming Languages,User Experience & Design
JOB00776,html_css,Web & Frameworks,User Experience & Design
JOB00776,android,Web & Frameworks,User Experience & Design
JOB00776,mobile_development,Web & Frameworks,User Experience & Design
JOB00776,project_management,Business & Soft Skills,User Experience & Design
JOB00776,leadership,Business & Soft Skills,User Experience & Design
JOB00776,bachelors_degree,Education & Certifications,User Experience & Design
JOB00776,computer_science_degree,Education & Certifications,User Experience & Design
JOB00777,javascript,Programming Languages,User Experience & Design
JOB00777,html_css,Web & Frameworks,User Experience & Design
JOB00777,communication_skills,Business & Soft Skills,User Experience & Design
JOB00777,bachelors_degree,Education & Certifications,User Experience & Design
JOB00777,computer_science_degree,Education & Certifications,User Experience & Design
JOB00778,communication_skills,Business & Soft Skills,User Experience & Design
JOB00779,html_css,Web & Frameworks,User Experience & Design
JOB00779,problem_solving,Business & Soft Skills,User Experience & Design
JOB00779,bachelors_degree,Education & Certifications,User Experience & Design
JOB00779,computer_science_degree,Education & Certifications,User Experience & Design
JOB00780,statistics,Data & Machine Learning,User Experience & Design
JOB00780,mobile_development,Web & Frameworks,User Experience & Design
JOB00780,negotiation,Business & Soft Skills,User Experience & Design
JOB00780,bachelors_degree,Education & Certifications,User Experience & Design
JOB00780,phd,Education & Certifications,User Experience & Design
JOB00780,computer_science_degree,Education & Certifications,User Experience & Design
JOB00781,stakeholder_management,Business & Soft Skills,User Experience & Design
JOB00781,cross_functional_collaboration,Business & Soft Skills,User Experience & Design
JOB00781,strategic_planning,Business & Soft Skills,User Experience & Design
JOB00781,marketing,Business & Soft Skills,User Experience & Design
JOB00781,bachelors_degree,Education & Certifications,User Experience & Design
JOB00782,javascript,Programming Languages,User Experience & Design
JOB00782,html_css,Web & Frameworks,User Experience & Design
JOB00782,android,Web & Frameworks,User Experience & Design
JOB00782,ios,Web & Frameworks,User Experience & Design
JOB00782,communication_skills,Business & Soft Skills,User Experience & Design
JOB00782,bachelors_degree,Education & Certifications,User Experience & Design
JOB00782,computer_science_degree,Education & Certifications,User Experience & Design
JOB00783,html_css,Web & Frameworks,User Experience & Design
JOB00783,cross_functional_collaboration,Business & Soft Skills,User Experience & Design
JOB00783,problem_solving,Business & Soft Skills,User Experience & Design
JOB00783,bachelors_degree,Education & Certifications,User Experience & Design
JOB00783,computer_science_degree,Education & Certifications,User Experience & Design
JOB00784,python,Programming Languages,User Experience & Design
JOB00784,javascript,Programming Languages,User Experience & Design
JOB00784,ruby,Programming Languages,User Experience & Design
JOB00784,data_analysis,Data & Machine Learning,User Experience & Design
JOB00784,linux,Cloud & Infrastructure,User Experience & Design
JOB00784,html_css,Web & Frameworks,User Experience & Design
JOB00784,angular,Web & Frameworks,User Experience & Design
JOB00784,bachelors_degree,Education & Certifications,User Experience & Design
JOB00784,computer_science_degree,Education & Certifications,User Experience & Design
JOB00785,javascript,Programming Languages,User Experience & Design
JOB00785,html_css,Web & Frameworks,User Experience & Design
JOB00785,android,Web & Frameworks,User Experience & Design
JOB00785,ios,Web & Frameworks,User Experience & Design
JOB00785,communication_skills,Business & Soft Skills,User Experience & Design
JOB00785,bachelors_degree,Education & Certifications,User Experience & Design
JOB00785,computer_science_degree,Education & Certifications,User Experience & Design
JOB00786,javascript,Programming Languages,User Experience & Design
JOB00786,html_css,Web & Frameworks,User Experience & Design
JOB00786,android,Web & Frameworks,User Experience & Design
JOB00786,ios,Web & Frameworks,User Experience & Design
JOB00786,communication_skills,Business & Soft Skills,User Experience & Design
JOB00786,bachelors_degree,Education & Certifications,User Experience & Design
JOB00786,computer_science_degree,Education & Certifications,User Experience & Design
JOB00787,bachelors_degree,Education & Certifications,User Experience & Design
JOB00788,project_management,Business & Soft Skills,User Experience & Design
JOB00788,communication_skills,Business & Soft Skills,User Experience & Design
JOB00788,strategic_planning,Business & Soft Skills,User Experience & Design
JOB00788,marketing,Business & Soft Skills,User Experience & Design
JOB00788,hardware_engineering,Hardware & Manufacturing,User Experience & Design
JOB00788,bachelors_degree,Education & Certifications,User Experience & Design
JOB00789,statistics,Data & Machine Learning,User Experience & Design
JOB00789,mobile_development,Web & Frameworks,User Experience & Design
JOB00789,negotiation,Business & Soft Skills,User Experience & Design
JOB00789,bachelors_degree,Education & Certifications,User Experience & Design
JOB00789,phd,Education & Certifications,User Experience & Design
JOB00789,computer_science_degree,Education & Certifications,User Experience & Design
JOB00790,android,Web & Frameworks,User Experience & Design
JOB00790,ios,Web & Frameworks,User Experience & Design
JOB00790,stakeholder_management,Business & Soft Skills,User Experience & Design
JOB00790,communication_skills,Business & Soft Skills,User Experience & Design
JOB00790,bachelors_degree,Education & Certifications,User Experience & Design
JOB00790,computer_science_degree,Education & Certifications,User Experience & Design
JOB00791,javascript,Programming Languages,User Experience & Design
JOB00791,html_css,Web & Frameworks,User Experience & Design
JOB00791,android,Web & Frameworks,User Experience & Design
JOB00791,leadership,Business & Soft Skills,User Experience & Design
JOB00791,bachelors_degree,Education & Certifications,User Experience & Design
JOB00791,computer_science_degree,Education & Certifications,User Experience & Design
JOB00792,python,Programming Languages,User Experience & Design
JOB00792,java,Programming Languages,User Experience & Design
JOB00792,javascript,Programming Languages,User Experience & Design
JOB00792,c++,Programming Languages,User Experience & Design
JOB00792,c_lang,Programming Languages,User Experience & Design
JOB00792,php,Programming Languages,User Experience & Design
JOB00792,artificial_intelligence,Data & Machine Learning,User Experience & Design
JOB00792,phd,Education & Certifications,User Experience & Design
JOB00792,computer_science_degree,Education & Certifications,User Experience & Design
JOB00793,data_science,Data & Machine Learning,User Experience & Design
JOB00793,statistics,Data & Machine Learning,User Experience & Design
JOB00793,negotiation,Business & Soft Skills,User Experience & Design
JOB00793,phd,Education & Certifications,User Experience & Design
JOB00794,mobile_development,Web & Frameworks,User Experience & Design
JOB00794,leadership,Business & Soft Skills,User Experience & Design
JOB00794,analytical_skills,Business & Soft Skills,User Experience & Design
JOB00795,project_management,Business & Soft Skills,User Experience & Design
JOB00795,product_management,Business & Soft Skills,User Experience & Design
JOB00795,stakeholder_management,Business & Soft Skills,User Experience & Design
JOB00795,cross_functional_collaboration,Business & Soft Skills,User Experience & Design
JOB00795,marketing,Business & Soft Skills,User Experience & Design
JOB00795,hardware_engineering,Hardware & Manufacturing,User Experience & Design
JOB00795,bachelors_degree,Education & Certifications,User Experience & Design
JOB00796,data_science,Data & Machine Learning,User Experience & Design
JOB00796,statistics,Data & Machine Learning,User Experience & Design
JOB00796,negotiation,Business & Soft Skills,User Experience & Design
JOB00796,phd,Education & Certifications,User Experience & Design
JOB00797,python,Programming Languages,User Experience & Design
JOB00797,java,Programming Languages,User Experience & Design
JOB00797,javascript,Programming Languages,User Experience & Design
JOB00797,c++,Programming Languages,User Experience & Design
JOB00797,c_lang,Programming Languages,User Experience & Design
JOB00797,php,Programming Languages,User Experience & Design
JOB00797,artificial_intelligence,Data & Machine Learning,User Experience & Design
JOB00797,phd,Education & Certifications,User Experience & Design
JOB00797,computer_science_degree,Education & Certifications,User Experience & Design
JOB00798,data_science,Data & Machine Learning,User Experience & Design
JOB00798,statistics,Data & Machine Learning,User Experience & Design
JOB00798,negotiation,Business & Soft Skills,User Experience & Design
JOB00798,phd,Education & Certifications,User Experience & Design
JOB00799,google_cloud,Cloud & Infrastructure,User Experience & Design
JOB00799,cross_functional_collaboration,Business & Soft Skills,User Experience & Design
JOB00799,bachelors_degree,Education & Certifications,User Experience & Design
JOB00799,computer_science_degree,Education & Certifications,User Experience & Design
JOB00800,project_management,Business & Soft Skills,User Experience & Design
JOB00800,product_management,Business & Soft Skills,User Experience & Design
JOB00800,stakeholder_management,Business & Soft Skills,User Experience & Design
JOB00800,cross_functional_collaboration,Business & Soft Skills,User Experience & Design
JOB00800,marketing,Business & Soft Skills,User Experience & Design
JOB00800,hardware_engineering,Hardware & Manufacturing,User Experience & Design
JOB00800,bachelors_degree,Education & Certifications,User Experience & Design
JOB00801,python,Programming Languages,User Experience & Design
JOB00801,sql,Programming Languages,User Experience & Design
JOB00801,statistics,Data & Machine Learning,User Experience & Design
JOB00801,negotiation,Business & Soft Skills,User Experience & Design
JOB00801,bachelors_degree,Education & Certifications,User Experience & Design
JOB00801,computer_science_degree,Education & Certifications,User Experience & Design
JOB00802,artificial_intelligence,Data & Machine Learning,User Experience & Design
JOB00802,project_management,Business & Soft Skills,User Experience & Design
JOB00802,stakeholder_management,Business & Soft Skills,User Experience & Design
JOB00802,communication_skills,Business & Soft Skills,User Experience & Design
JOB00802,cross_functional_collaboration,Business & Soft Skills,User Experience & Design
JOB00802,marketing,Business & Soft Skills,User Experience & Design
JOB00802,bachelors_degree,Education & Certifications,User Experience & Design
JOB00803,stakeholder_management,Business & Soft Skills,User Experience & Design
JOB00803,bachelors_degree,Education & Certifications,User Experience & Design
JOB00804,mobile_development,Web & Frameworks,User Experience & Design
JOB00804,leadership,Business & Soft Skills,User Experience & Design
JOB00804,analytical_skills,Business & Soft Skills,User Experience & Design
JOB00805,bachelors_degree,Education & Certifications,User Experience & Design
JOB00806,mobile_development,Web & Frameworks,User Experience & Design
JOB00806,product_management,Business & Soft Skills,User Experience & Design
JOB00806,leadership,Business & Soft Skills,User Experience & Design
JOB00806,analytical_skills,Business & Soft Skills,User Experience & Design
JOB00807,javascript,Programming Languages,User Experience & Design
JOB00807,html_css,Web & Frameworks,User Experience & Design
JOB00807,android,Web & Frameworks,User Experience & Design
JOB00807,leadership,Business & Soft Skills,User Experience & Design
JOB00807,bachelors_degree,Education & Certifications,User Experience & Design
JOB00807,computer_science_degree,Education & Certifications,User Experience & Design
JOB00808,javascript,Programming Languages,User Experience & Design
JOB00808,html_css,Web & Frameworks,User Experience & Design
JOB00808,mobile_development,Web & Frameworks,User Experience & Design
JOB00808,product_management,Business & Soft Skills,User Experience & Design
JOB00808,leadership,Business & Soft Skills,User Experience & Design
JOB00808,cross_functional_collaboration,Business & Soft Skills,User Experience & Design
JOB00808,analytical_skills,Business & Soft Skills,User Experience & Design
JOB00808,bachelors_degree,Education & Certifications,User Experience & Design
JOB00808,computer_science_degree,Education & Certifications,User Experience & Design
JOB00809,python,Programming Languages,User Experience & Design
JOB00809,java,Programming Languages,User Experience & Design
JOB00809,c++,Programming Languages,User Experience & Design
JOB00809,c_lang,Programming Languages,User Experience & Design
JOB00809,go,Programming Languages,User Experience & Design
JOB00809,r_lang,Programming Languages,User Experience & Design
JOB00809,sql,Programming Languages,User Experience & Design
JOB00809,matlab,Programming Languages,User Experience & Design
JOB00809,statistics,Data & Machine Learning,User Experience & Design
JOB00809,algorithms,Data & Machine Learning,User Experience & Design
JOB00809,stakeholder_management,Business & Soft Skills,User Experience & Design
JOB00809,bachelors_degree,Education & Certifications,User Experience & Design
JOB00809,phd,Education & Certifications,User Experience & Design
JOB00809,computer_science_degree,Education & Certifications,User Experience & Design
JOB00810,javascript,Programming Languages,User Experience & Design
JOB00810,html_css,Web & Frameworks,User Experience & Design
JOB00810,android,Web & Frameworks,User Experience & Design
JOB00810,leadership,Business & Soft Skills,User Experience & Design
JOB00810,hardware_engineering,Hardware & Manufacturing,User Experience & Design
JOB00810,bachelors_degree,Education & Certifications,User Experience & Design
JOB00810,computer_science_degree,Education & Certifications,User Experience & Design
JOB00811,android,Web & Frameworks,User Experience & Design
JOB00811,ios,Web & Frameworks,User Experience & Design
JOB00811,cross_functional_collaboration,Business & Soft Skills,User Experience & Design
JOB00811,problem_solving,Business & Soft Skills,User Experience & Design
JOB00811,bachelors_degree,Education & Certifications,User Experience & Design
JOB00812,javascript,Programming Languages,User Experience & Design
JOB00812,html_css,Web & Frameworks,User Experience & Design
JOB00812,leadership,Business & Soft Skills,User Experience & Design
JOB00812,bachelors_degree,Education & Certifications,User Experience & Design
JOB00812,computer_science_degree,Education & Certifications,User Experience & Design
JOB00813,mobile_development,Web & Frameworks,User Experience & Design
JOB00813,leadership,Business & Soft Skills,User Experience & Design
JOB00813,analytical_skills,Business & Soft Skills,User Experience & Design
JOB00814,python,Programming Languages,User Experience & Design
JOB00814,sql,Programming Languages,User Experience & Design
JOB00814,data_science,Data & Machine Learning,User Experience & Design
JOB00814,statistics,Data & Machine Learning,User Experience & Design
JOB00814,leadership,Business & Soft Skills,User Experience & Design
JOB00814,negotiation,Business & Soft Skills,User Experience & Design
JOB00814,marketing,Business & Soft Skills,User Experience & Design
JOB00814,phd,Education & Certifications,User Experience & Design
JOB00814,computer_science_degree,Education & Certifications,User Experience & Design
JOB00815,python,Programming Languages,User Experience & Design
JOB00815,java,Programming Languages,User Experience & Design
JOB00815,javascript,Programming Languages,User Experience & Design
JOB00815,c++,Programming Languages,User Experience & Design
JOB00815,c_lang,Programming Languages,User Experience & Design
JOB00815,php,Programming Languages,User Experience & Design
JOB00815,artificial_intelligence,Data & Machine Learning,User Experience & Design
JOB00815,phd,Education & Certifications,User Experience & Design
JOB00815,computer_science_degree,Education & Certifications,User Experience & Design
JOB00816,python,Programming Languages,User Experience & Design
JOB00816,sql,Programming Languages,User Experience & Design
JOB00816,statistics,Data & Machine Learning,User Experience & Design
JOB00816,negotiation,Business & Soft Skills,User Experience & Design
JOB00816,bachelors_degree,Education & Certifications,User Experience & Design
JOB00816,computer_science_degree,Education & Certifications,User Experience & Design
JOB00817,android,Web & Frameworks,User Experience & Design
JOB00817,ios,Web & Frameworks,User Experience & Design
JOB00817,cross_functional_collaboration,Business & Soft Skills,User Experience & Design
JOB00817,problem_solving,Business & Soft Skills,User Experience & Design
JOB00817,bachelors_degree,Education & Certifications,User Experience & Design
JOB00818,statistics,Data & Machine Learning,User Experience & Design
JOB00818,mobile_development,Web & Frameworks,User Experience & Design
JOB00818,bachelors_degree,Education & Certifications,User Experience & Design
JOB00818,phd,Education & Certifications,User Experience & Design
JOB00818,computer_science_degree,Education & Certifications,User Experience & Design
JOB00819,mobile_development,Web & Frameworks,User Experience & Design
JOB00819,leadership,Business & Soft Skills,User Experience & Design
JOB00819,analytical_skills,Business & Soft Skills,User Experience & Design
JOB00820,javascript,Programming Languages,User Experience & Design
JOB00820,html_css,Web & Frameworks,User Experience & Design
JOB00820,android,Web & Frameworks,User Experience & Design
JOB00820,ios,Web & Frameworks,User Experience & Design
JOB00820,communication_skills,Business & Soft Skills,User Experience & Design
JOB00820,bachelors_degree,Education & Certifications,User Experience & Design
JOB00820,computer_science_degree,Education & Certifications,User Experience & Design
JOB00821,java,Programming Languages,User Experience & Design
JOB00821,javascript,Programming Languages,User Experience & Design
JOB00821,c_lang,Programming Languages,User Experience & Design
JOB00821,swift,Programming Languages,User Experience & Design
JOB00821,android,Web & Frameworks,User Experience & Design
JOB00821,ios,Web & Frameworks,User Experience & Design
JOB00821,mobile_development,Web & Frameworks,User Experience & Design
JOB00821,project_management,Business & Soft Skills,User Experience & Design
JOB00821,leadership,Business & Soft Skills,User Experience & Design
JOB00821,bachelors_degree,Education & Certifications,User Experience & Design
JOB00821,computer_science_degree,Education & Certifications,User Experience & Design
JOB00822,javascript,Programming Languages,User Experience & Design
JOB00822,html_css,Web & Frameworks,User Experience & Design
JOB00822,android,Web & Frameworks,User Experience & Design
JOB00822,leadership,Business & Soft Skills,User Experience & Design
JOB00822,bachelors_degree,Education & Certifications,User Experience & Design
JOB00822,computer_science_degree,Education & Certifications,User Experience & Design
JOB00823,javascript,Programming Languages,User Experience & Design
JOB00823,html_css,Web & Frameworks,User Experience & Design
JOB00823,android,Web & Frameworks,User Experience & Design
JOB00823,leadership,Business & Soft Skills,User Experience & Design
JOB00823,bachelors_degree,Education & Certifications,User Experience & Design
JOB00824,javascript,Programming Languages,User Experience & Design
JOB00824,html_css,Web & Frameworks,User Experience & Design
JOB00824,leadership,Business & Soft Skills,User Experience & Design
JOB00824,bachelors_degree,Education & Certifications,User Experience & Design
JOB00824,computer_science_degree,Education & Certifications,User Experience & Design
JOB00825,javascript,Programming Languages,User Experience & Design
JOB00825,html_css,Web & Frameworks,User Experience & Design
JOB00825,bachelors_degree,Education & Certifications,User Experience & Design
JOB00826,statistics,Data & Machine Learning,User Experience & Design
JOB00826,mobile_development,Web & Frameworks,User Experience & Design
JOB00826,bachelors_degree,Education & Certifications,User Experience & Design
JOB00826,phd,Education & Certifications,User Experience & Design
JOB00826,computer_science_degree,Education & Certifications,User Experience & Design
JOB00827,python,Programming Languages,User Experience & Design
JOB00827,java,Programming Languages,User Experience & Design
JOB00827,c++,Programming Languages,User Experience & Design
JOB00827,c_lang,Programming Languages,User Experience & Design
JOB00827,go,Programming Languages,User Experience & Design
JOB00827,r_lang,Programming Languages,User Experience & Design
JOB00827,sql,Programming Languages,User Experience & Design
JOB00827,matlab,Programming Languages,User Experience & Design
JOB00827,statistics,Data & Machine Learning,User Experience & Design
JOB00827,algorithms,Data & Machine Learning,User Experience & Design
JOB00827,stakeholder_management,Business & Soft Skills,User Experience & Design
JOB00827,bachelors_degree,Education & Certifications,User Experience & Design
JOB00827,phd,Education & Certifications,User Experience & Design
JOB00827,computer_science_degree,Education & Certifications,User Experience & Design
JOB00828,project_management,Business & Soft Skills,User Experience & Design
JOB00828,product_management,Business & Soft Skills,User Experience & Design
JOB00828,leadership,Business & Soft Skills,User Experience & Design
JOB00828,bachelors_degree,Education & Certifications,User Experience & Design
JOB00829,javascript,Programming Languages,User Experience & Design
JOB00829,html_css,Web & Frameworks,User Experience & Design
JOB00829,android,Web & Frameworks,User Experience & Design
JOB00829,leadership,Business & Soft Skills,User Experience & Design
JOB00829,bachelors_degree,Education & Certifications,User Experience & Design
JOB00829,computer_science_degree,Education & Certifications,User Experience & Design
JOB00830,javascript,Programming Languages,User Experience & Design
JOB00830,html_css,Web & Frameworks,User Experience & Design
JOB00830,product_management,Business & Soft Skills,User Experience & Design
JOB00830,stakeholder_management,Business & Soft Skills,User Experience & Design
JOB00830,leadership,Business & Soft Skills,User Experience & Design
JOB00830,strategic_planning,Business & Soft Skills,User Experience & Design
JOB00830,bachelors_degree,Education & Certifications,User Experience & Design
JOB00830,computer_science_degree,Education & Certifications,User Experience & Design
JOB00831,javascript,Programming Languages,User Experience & Design
JOB00831,site_reliability,Cloud & Infrastructure,User Experience & Design
JOB00831,html_css,Web & Frameworks,User Experience & Design
JOB00831,leadership,Business & Soft Skills,User Experience & Design
JOB00831,bachelors_degree,Education & Certifications,User Experience & Design
JOB00831,computer_science_degree,Education & Certifications,User Experience & Design
JOB00832,r_lang,Programming Languages,User Experience & Design
JOB00832,statistics,Data & Machine Learning,User Experience & Design
JOB00832,cross_functional_collaboration,Business & Soft Skills,User Experience & Design
JOB00832,phd,Education & Certifications,User Experience & Design
JOB00833,data_science,Data & Machine Learning,User Experience & Design
JOB00833,statistics,Data & Machine Learning,User Experience & Design
JOB00833,negotiation,Business & Soft Skills,User Experience & Design
JOB00833,phd,Education & Certifications,User Experience & Design
JOB00834,android,Web & Frameworks,User Experience & Design
JOB00834,ios,Web & Frameworks,User Experience & Design
JOB00834,cross_functional_collaboration,Business & Soft Skills,User Experience & Design
JOB00834,problem_solving,Business & Soft Skills,User Experience & Design
JOB00834,bachelors_degree,Education & Certifications,User Experience & Design
JOB00835,mobile_development,Web & Frameworks,User Experience & Design
JOB00835,leadership,Business & Soft Skills,User Experience & Design
JOB00835,analytical_skills,Business & Soft Skills,User Experience & Design
JOB00836,project_management,Business & Soft Skills,Business Strategy
JOB00836,communication_skills,Business & Soft Skills,Business Strategy
JOB00836,leadership,Business & Soft Skills,Business Strategy
JOB00836,strategic_planning,Business & Soft Skills,Business Strategy
JOB00836,consulting,Business & Soft Skills,Business Strategy
JOB00836,bachelors_degree,Education & Certifications,Business Strategy
JOB00837,stakeholder_management,Business & Soft Skills,Business Strategy
JOB00837,communication_skills,Business & Soft Skills,Business Strategy
JOB00837,leadership,Business & Soft Skills,Business Strategy
JOB00837,team_management,Business & Soft Skills,Business Strategy
JOB00837,budget_management,Business & Soft Skills,Business Strategy
JOB00837,strategic_planning,Business & Soft Skills,Business Strategy
JOB00837,sales,Business & Soft Skills,Business Strategy
JOB00838,go,Programming Languages,Business Strategy
JOB00838,data_science,Data & Machine Learning,Business Strategy
JOB00838,predictive_modeling,Data & Machine Learning,Business Strategy
JOB00838,project_management,Business & Soft Skills,Business Strategy
JOB00838,stakeholder_management,Business & Soft Skills,Business Strategy
JOB00838,leadership,Business & Soft Skills,Business Strategy
JOB00838,cross_functional_collaboration,Business & Soft Skills,Business Strategy
JOB00838,problem_solving,Business & Soft Skills,Business Strategy
JOB00838,strategic_planning,Business & Soft Skills,Business Strategy
JOB00838,marketing,Business & Soft Skills,Business Strategy
JOB00838,consulting,Business & Soft Skills,Business Strategy
JOB00838,bachelors_degree,Education & Certifications,Business Strategy
JOB00838,masters_degree,Education & Certifications,Business Strategy
JOB00838,phd,Education & Certifications,Business Strategy
JOB00839,r_lang,Programming Languages,Business Strategy
JOB00839,sql,Programming Languages,Business Strategy
JOB00839,matlab,Programming Languages,Business Strategy
JOB00839,machine_learning,Data & Machine Learning,Business Strategy
JOB00839,statistics,Data & Machine Learning,Business Strategy
JOB00839,mobile_development,Web & Frameworks,Business Strategy
JOB00839,stakeholder_management,Business & Soft Skills,Business Strategy
JOB00839,cross_functional_collaboration,Business & Soft Skills,Business Strategy
JOB00839,problem_solving,Business & Soft Skills,Business Strategy
JOB00839,phd,Education & Certifications,Business Strategy
JOB00840,r_lang,Programming Languages,Business Strategy
JOB00840,sql,Programming Languages,Business Strategy
JOB00840,matlab,Programming Languages,Business Strategy
JOB00840,data_science,Data & Machine Learning,Business Strategy
JOB00840,data_analysis,Data & Machine Learning,Business Strategy
JOB00840,statistics,Data & Machine Learning,Business Strategy
JOB00840,stakeholder_management,Business & Soft Skills,Business Strategy
JOB00840,communication_skills,Business & Soft Skills,Business Strategy
JOB00840,cross_functional_collaboration,Business & Soft Skills,Business Strategy
JOB00840,problem_solving,Business & Soft Skills,Business Strategy
JOB00840,bachelors_degree,Education & Certifications,Business Strategy
JOB00840,computer_science_degree,Education & Certifications,Business Strategy
JOB00841,sql,Programming Languages,Business Strategy
JOB00841,compliance,Security,Business Strategy
JOB00841,project_management,Business & Soft Skills,Business Strategy
JOB00841,stakeholder_management,Business & Soft Skills,Business Strategy
JOB00841,problem_solving,Business & Soft Skills,Business Strategy
JOB00841,strategic_planning,Business & Soft Skills,Business Strategy
JOB00841,consulting,Business & Soft Skills,Business Strategy
JOB00841,bachelors_degree,Education & Certifications,Business Strategy
JOB00842,project_management,Business & Soft Skills,Business Strategy
JOB00842,stakeholder_management,Business & Soft Skills,Business Strategy
JOB00842,cross_functional_collaboration,Business & Soft Skills,Business Strategy
JOB00842,strategic_planning,Business & Soft Skills,Business Strategy
JOB00842,bachelors_degree,Education & Certifications,Business Strategy
JOB00842,masters_degree,Education & Certifications,Business Strategy
JOB00843,project_management,Business & Soft Skills,Business Strategy
JOB00843,analytical_skills,Business & Soft Skills,Business Strategy
JOB00844,r_lang,Programming Languages,Business Strategy
JOB00844,sql,Programming Languages,Business Strategy
JOB00844,matlab,Programming Languages,Business Strategy
JOB00844,data_science,Data & Machine Learning,Business Strategy
JOB00844,data_analysis,Data & Machine Learning,Business Strategy
JOB00844,statistics,Data & Machine Learning,Business Strategy
JOB00844,stakeholder_management,Business & Soft Skills,Business Strategy
JOB00844,communication_skills,Business & Soft Skills,Business Strategy
JOB00844,cross_functional_collaboration,Business & Soft Skills,Business Strategy
JOB00844,problem_solving,Business & Soft Skills,Business Strategy
JOB00844,bachelors_degree,Education & Certifications,Business Strategy
JOB00844,computer_science_degree,Education & Certifications,Business Strategy
JOB00845,r_lang,Programming Languages,Business Strategy
JOB00845,sql,Programming Languages,Business Strategy
JOB00845,matlab,Programming Languages,Business Strategy
JOB00845,data_science,Data & Machine Learning,Business Strategy
JOB00845,data_analysis,Data & Machine Learning,Business Strategy
JOB00845,statistics,Data & Machine Learning,Business Strategy
JOB00845,stakeholder_management,Business & Soft Skills,Business Strategy
JOB00845,communication_skills,Business & Soft Skills,Business Strategy
JOB00845,leadership,Business & Soft Skills,Business Strategy
JOB00845,cross_functional_collaboration,Business & Soft Skills,Business Strategy
JOB00845,problem_solving,Business & Soft Skills,Business Strategy
JOB00845,bachelors_degree,Education & Certifications,Business Strategy
JOB00845,computer_science_degree,Education & Certifications,Business Strategy
JOB00846,statistics,Data & Machine Learning,Business Strategy
JOB00846,product_management,Business & Soft Skills,Business Strategy
JOB00846,communication_skills,Business & Soft Skills,Business Strategy
JOB00846,cross_functional_collaboration,Business & Soft Skills,Business Strategy
JOB00846,analytical_skills,Business & Soft Skills,Business Strategy
JOB00846,strategic_planning,Business & Soft Skills,Business Strategy
JOB00846,sales,Business & Soft Skills,Business Strategy
JOB00846,marketing,Business & Soft Skills,Business Strategy
JOB00846,hardware_engineering,Hardware & Manufacturing,Business Strategy
JOB00847,c_lang,Programming Languages,Business Strategy
JOB00847,go,Programming Languages,Business Strategy
JOB00847,google_cloud,Cloud & Infrastructure,Business Strategy
JOB00847,product_management,Business & Soft Skills,Business Strategy
JOB00847,stakeholder_management,Business & Soft Skills,Business Strategy
JOB00847,communication_skills,Business & Soft Skills,Business Strategy
JOB00847,cross_functional_collaboration,Business & Soft Skills,Business Strategy
JOB00847,sales,Business & Soft Skills,Business Strategy
JOB00847,marketing,Business & Soft Skills,Business Strategy
JOB00847,masters_degree,Education & Certifications,Business Strategy
JOB00848,go,Programming Languages,Business Strategy
JOB00848,statistics,Data & Machine Learning,Business Strategy
JOB00848,project_management,Business & Soft Skills,Business Strategy
JOB00848,communication_skills,Business & Soft Skills,Business Strategy
JOB00848,leadership,Business & Soft Skills,Business Strategy
JOB00848,cross_functional_collaboration,Business & Soft Skills,Business Strategy
JOB00848,analytical_skills,Business & Soft Skills,Business Strategy
JOB00848,strategic_planning,Business & Soft Skills,Business Strategy
JOB00848,marketing,Business & Soft Skills,Business Strategy
JOB00848,hardware_engineering,Hardware & Manufacturing,Business Strategy
JOB00849,google_cloud,Cloud & Infrastructure,Business Strategy
JOB00849,project_management,Business & Soft Skills,Business Strategy
JOB00849,stakeholder_management,Business & Soft Skills,Business Strategy
JOB00849,leadership,Business & Soft Skills,Business Strategy
JOB00849,cross_functional_collaboration,Business & Soft Skills,Business Strategy
JOB00849,problem_solving,Business & Soft Skills,Business Strategy
JOB00849,team_management,Business & Soft Skills,Business Strategy
JOB00849,budget_management,Business & Soft Skills,Business Strategy
JOB00849,strategic_planning,Business & Soft Skills,Business Strategy
JOB00849,sales,Business & Soft Skills,Business Strategy
JOB00849,marketing,Business & Soft Skills,Business Strategy
JOB00849,bachelors_degree,Education & Certifications,Business Strategy
JOB00849,masters_degree,Education & Certifications,Business Strategy
JOB00850,project_management,Business & Soft Skills,Business Strategy
JOB00850,leadership,Business & Soft Skills,Business Strategy
JOB00850,cross_functional_collaboration,Business & Soft Skills,Business Strategy
JOB00850,problem_solving,Business & Soft Skills,Business Strategy
JOB00850,strategic_planning,Business & Soft Skills,Business Strategy
JOB00850,consulting,Business & Soft Skills,Business Strategy
JOB00850,bachelors_degree,Education & Certifications,Business Strategy
JOB00850,masters_degree,Education & Certifications,Business Strategy
JOB00851,r_lang,Programming Languages,Business Strategy
JOB00851,sql,Programming Languages,Business Strategy
JOB00851,matlab,Programming Languages,Business Strategy
JOB00851,data_science,Data & Machine Learning,Business Strategy
JOB00851,data_analysis,Data & Machine Learning,Business Strategy
JOB00851,statistics,Data & Machine Learning,Business Strategy
JOB00851,stakeholder_management,Business & Soft Skills,Business Strategy
JOB00851,communication_skills,Business & Soft Skills,Business Strategy
JOB00851,cross_functional_collaboration,Business & Soft Skills,Business Strategy
JOB00851,problem_solving,Business & Soft Skills,Business Strategy
JOB00851,bachelors_degree,Education & Certifications,Business Strategy
JOB00851,computer_science_degree,Education & Certifications,Business Strategy
JOB00852,go,Programming Languages,Business Strategy
JOB00852,networking,Cloud & Infrastructure,Business Strategy
JOB00852,project_management,Business & Soft Skills,Business Strategy
JOB00852,stakeholder_management,Business & Soft Skills,Business Strategy
JOB00852,leadership,Business & Soft Skills,Business Strategy
JOB00852,problem_solving,Business & Soft Skills,Business Strategy
JOB00852,analytical_skills,Business & Soft Skills,Business Strategy
JOB00852,bachelors_degree,Education & Certifications,Business Strategy
JOB00853,cross_functional_collaboration,Business & Soft Skills,Business Strategy
JOB00853,problem_solving,Business & Soft Skills,Business Strategy
JOB00853,strategic_planning,Business & Soft Skills,Business Strategy
JOB00853,sales,Business & Soft Skills,Business Strategy
JOB00853,consulting,Business & Soft Skills,Business Strategy
JOB00853,bachelors_degree,Education & Certifications,Business Strategy
JOB00853,masters_degree,Education & Certifications,Business Strategy
JOB00854,sql,Programming Languages,Business Strategy
JOB00854,scala,Programming Languages,Business Strategy
JOB00854,data_analysis,Data & Machine Learning,Business Strategy
JOB00854,statistics,Data & Machine Learning,Business Strategy
JOB00854,data_mining,Data & Machine Learning,Business Strategy
JOB00854,mysql,Databases,Business Strategy
JOB00854,project_management,Business & Soft Skills,Business Strategy
JOB00854,stakeholder_management,Business & Soft Skills,Business Strategy
JOB00854,cross_functional_collaboration,Business & Soft Skills,Business Strategy
JOB00854,problem_solving,Business & Soft Skills,Business Strategy
JOB00854,strategic_planning,Business & Soft Skills,Business Strategy
JOB00854,quality_assurance,Hardware & Manufacturing,Business Strategy
JOB00854,bachelors_degree,Education & Certifications,Business Strategy
JOB00855,data_analysis,Data & Machine Learning,Business Strategy
JOB00855,google_cloud,Cloud & Infrastructure,Business Strategy
JOB00855,leadership,Business & Soft Skills,Business Strategy
JOB00855,cross_functional_collaboration,Business & Soft Skills,Business Strategy
JOB00855,problem_solving,Business & Soft Skills,Business Strategy
JOB00855,analytical_skills,Business & Soft Skills,Business Strategy
JOB00855,team_management,Business & Soft Skills,Business Strategy
JOB00855,strategic_planning,Business & Soft Skills,Business Strategy
JOB00855,sales,Business & Soft Skills,Business Strategy
JOB00855,marketing,Business & Soft Skills,Business Strategy
JOB00855,consulting,Business & Soft Skills,Business Strategy
JOB00855,masters_degree,Education & Certifications,Business Strategy
JOB00856,databases_general,Databases,Business Strategy
JOB00856,agile_scrum,Business & Soft Skills,Business Strategy
JOB00856,supply_chain,Hardware & Manufacturing,Business Strategy
JOB00856,mechanical_engineering,Hardware & Manufacturing,Business Strategy
JOB00856,bachelors_degree,Education & Certifications,Business Strategy
JOB00857,python,Programming Languages,Business Strategy
JOB00857,java,Programming Languages,Business Strategy
JOB00857,c++,Programming Languages,Business Strategy
JOB00857,c_lang,Programming Languages,Business Strategy
JOB00857,r_lang,Programming Languages,Business Strategy
JOB00857,sql,Programming Languages,Business Strategy
JOB00857,php,Programming Languages,Business Strategy
JOB00857,matlab,Programming Languages,Business Strategy
JOB00857,data_science,Data & Machine Learning,Business Strategy
JOB00857,data_analysis,Data & Machine Learning,Business Strategy
JOB00857,statistics,Data & Machine Learning,Business Strategy
JOB00857,mobile_development,Web & Frameworks,Business Strategy
JOB00857,stakeholder_management,Business & Soft Skills,Business Strategy
JOB00857,communication_skills,Business & Soft Skills,Business Strategy
JOB00857,cross_functional_collaboration,Business & Soft Skills,Business Strategy
JOB00857,problem_solving,Business & Soft Skills,Business Strategy
JOB00857,sales,Business & Soft Skills,Business Strategy
JOB00857,marketing,Business & Soft Skills,Business Strategy
JOB00857,bachelors_degree,Education & Certifications,Business Strategy
JOB00857,computer_science_degree,Education & Certifications,Business Strategy
JOB00858,cross_functional_collaboration,Business & Soft Skills,Business Strategy
JOB00858,problem_solving,Business & Soft Skills,Business Strategy
JOB00858,strategic_planning,Business & Soft Skills,Business Strategy
JOB00858,sales,Business & Soft Skills,Business Strategy
JOB00858,consulting,Business & Soft Skills,Business Strategy
JOB00858,bachelors_degree,Education & Certifications,Business Strategy
JOB00858,masters_degree,Education & Certifications,Business Strategy
JOB00859,sql,Programming Languages,Business Strategy
JOB00859,statistics,Data & Machine Learning,Business Strategy
JOB00859,databases_general,Databases,Business Strategy
JOB00859,project_management,Business & Soft Skills,Business Strategy
JOB00859,communication_skills,Business & Soft Skills,Business Strategy
JOB00859,leadership,Business & Soft Skills,Business Strategy
JOB00859,cross_functional_collaboration,Business & Soft Skills,Business Strategy
JOB00859,phd,Education & Certifications,Business Strategy
JOB00860,go,Programming Languages,Business Strategy
JOB00860,project_management,Business & Soft Skills,Business Strategy
JOB00860,presentation_skills,Business & Soft Skills,Business Strategy
JOB00860,strategic_planning,Business & Soft Skills,Business Strategy
JOB00860,bachelors_degree,Education & Certifications,Business Strategy
JOB00860,masters_degree,Education & Certifications,Business Strategy
JOB00861,sql,Programming Languages,Business Strategy
JOB00861,data_analysis,Data & Machine Learning,Business Strategy
JOB00861,databases_general,Databases,Business Strategy
JOB00861,stakeholder_management,Business & Soft Skills,Business Strategy
JOB00861,cross_functional_collaboration,Business & Soft Skills,Business Strategy
JOB00861,problem_solving,Business & Soft Skills,Business Strategy
JOB00861,analytical_skills,Business & Soft Skills,Business Strategy
JOB00861,strategic_planning,Business & Soft Skills,Business Strategy
JOB00861,consulting,Business & Soft Skills,Business Strategy
JOB00861,masters_degree,Education & Certifications,Business Strategy
JOB00862,go,Programming Languages,Business Strategy
JOB00862,scala,Programming Languages,Business Strategy
JOB00862,stakeholder_management,Business & Soft Skills,Business Strategy
JOB00862,leadership,Business & Soft Skills,Business Strategy
JOB00862,cross_functional_collaboration,Business & Soft Skills,Business Strategy
JOB00862,problem_solving,Business & Soft Skills,Business Strategy
JOB00862,sales,Business & Soft Skills,Business Strategy
JOB00862,marketing,Business & Soft Skills,Business Strategy
JOB00862,bachelors_degree,Education & Certifications,Business Strategy
JOB00862,masters_degree,Education & Certifications,Business Strategy
JOB00863,python,Programming Languages,Business Strategy
JOB00863,r_lang,Programming Languages,Business Strategy
JOB00863,sql,Programming Languages,Business Strategy
JOB00863,matlab,Programming Languages,Business Strategy
JOB00863,machine_learning,Data & Machine Learning,Business Strategy
JOB00863,data_science,Data & Machine Learning,Business Strategy
JOB00863,data_analysis,Data & Machine Learning,Business Strategy
JOB00863,statistics,Data & Machine Learning,Business Strategy
JOB00863,databases_general,Databases,Business Strategy
JOB00863,stakeholder_management,Business & Soft Skills,Business Strategy
JOB00863,communication_skills,Business & Soft Skills,Business Strategy
JOB00863,leadership,Business & Soft Skills,Business Strategy
JOB00863,cross_functional_collaboration,Business & Soft Skills,Business Strategy
JOB00863,team_management,Business & Soft Skills,Business Strategy
JOB00863,sales,Business & Soft Skills,Business Strategy
JOB00863,electrical_engineering,Hardware & Manufacturing,Business Strategy
JOB00863,phd,Education & Certifications,Business Strategy
JOB00863,computer_science_degree,Education & Certifications,Business Strategy
JOB00864,go,Programming Languages,Business Strategy
JOB00864,project_management,Business & Soft Skills,Business Strategy
JOB00864,stakeholder_management,Business & Soft Skills,Business Strategy
JOB00864,communication_skills,Business & Soft Skills,Business Strategy
JOB00864,cross_functional_collaboration,Business & Soft Skills,Business Strategy
JOB00864,problem_solving,Business & Soft Skills,Business Strategy
JOB00864,strategic_planning,Business & Soft Skills,Business Strategy
JOB00864,sales,Business & Soft Skills,Business Strategy
JOB00864,consulting,Business & Soft Skills,Business Strategy
JOB00864,bachelors_degree,Education & Certifications,Business Strategy
JOB00864,masters_degree,Education & Certifications,Business Strategy
JOB00865,statistics,Data & Machine Learning,Business Strategy
JOB00865,product_management,Business & Soft Skills,Business Strategy
JOB00865,communication_skills,Business & Soft Skills,Business Strategy
JOB00865,cross_functional_collaboration,Business & Soft Skills,Business Strategy
JOB00865,analytical_skills,Business & Soft Skills,Business Strategy
JOB00865,strategic_planning,Business & Soft Skills,Business Strategy
JOB00865,sales,Business & Soft Skills,Business Strategy
JOB00865,marketing,Business & Soft Skills,Business Strategy
JOB00865,hardware_engineering,Hardware & Manufacturing,Business Strategy
JOB00866,compliance,Security,Business Strategy
JOB00866,stakeholder_management,Business & Soft Skills,Business Strategy
JOB00866,communication_skills,Business & Soft Skills,Business Strategy
JOB00866,cross_functional_collaboration,Business & Soft Skills,Business Strategy
JOB00866,strategic_planning,Business & Soft Skills,Business Strategy
JOB00866,marketing,Business & Soft Skills,Business Strategy
JOB00866,consulting,Business & Soft Skills,Business Strategy
JOB00866,bachelors_degree,Education & Certifications,Business Strategy
JOB00866,masters_degree,Education & Certifications,Business Strategy
JOB00866,phd,Education & Certifications,Business Strategy
JOB00867,c_lang,Programming Languages,Business Strategy
JOB00867,go,Programming Languages,Business Strategy
JOB00867,sql,Programming Languages,Business Strategy
JOB00867,big_data,Data & Machine Learning,Business Strategy
JOB00867,stakeholder_management,Business & Soft Skills,Business Strategy
JOB00867,communication_skills,Business & Soft Skills,Business Strategy
JOB00867,leadership,Business & Soft Skills,Business Strategy
JOB00867,problem_solving,Business & Soft Skills,Business Strategy
JOB00867,strategic_planning,Business & Soft Skills,Business Strategy
JOB00867,masters_degree,Education & Certifications,Business Strategy
JOB00868,google_cloud,Cloud & Infrastructure,Business Strategy
JOB00868,cloud_computing,Cloud & Infrastructure,Business Strategy
JOB00868,project_management,Business & Soft Skills,Business Strategy
JOB00868,stakeholder_management,Business & Soft Skills,Business Strategy
JOB00868,cross_functional_collaboration,Business & Soft Skills,Business Strategy
JOB00868,analytical_skills,Business & Soft Skills,Business Strategy
JOB00868,presentation_skills,Business & Soft Skills,Business Strategy
JOB00868,strategic_planning,Business & Soft Skills,Business Strategy
JOB00868,customer_service,Business & Soft Skills,Business Strategy
JOB00868,sales,Business & Soft Skills,Business Strategy
JOB00868,marketing,Business & Soft Skills,Business Strategy
JOB00868,consulting,Business & Soft Skills,Business Strategy
JOB00868,bachelors_degree,Education & Certifications,Business Strategy
JOB00869,c_lang,Programming Languages,Business Strategy
JOB00869,go,Programming Languages,Business Strategy
JOB00869,sql,Programming Languages,Business Strategy
JOB00869,statistics,Data & Machine Learning,Business Strategy
JOB00869,databases_general,Databases,Business Strategy
JOB00869,stakeholder_management,Business & Soft Skills,Business Strategy
JOB00869,leadership,Business & Soft Skills,Business Strategy
JOB00869,strategic_planning,Business & Soft Skills,Business Strategy
JOB00869,sales,Business & Soft Skills,Business Strategy
JOB00869,marketing,Business & Soft Skills,Business Strategy
JOB00869,bachelors_degree,Education & Certifications,Business Strategy
JOB00869,masters_degree,Education & Certifications,Business Strategy
JOB00869,phd,Education & Certifications,Business Strategy
JOB00870,go,Programming Languages,Business Strategy
JOB00870,project_management,Business & Soft Skills,Business Strategy
JOB00870,stakeholder_management,Business & Soft Skills,Business Strategy
JOB00870,presentation_skills,Business & Soft Skills,Business Strategy
JOB00870,strategic_planning,Business & Soft Skills,Business Strategy
JOB00870,sales,Business & Soft Skills,Business Strategy
JOB00870,bachelors_degree,Education & Certifications,Business Strategy
JOB00871,sql,Programming Languages,Business Strategy
JOB00871,statistics,Data & Machine Learning,Business Strategy
JOB00871,databases_general,Databases,Business Strategy
JOB00871,strategic_planning,Business & Soft Skills,Business Strategy
JOB00871,sales,Business & Soft Skills,Business Strategy
JOB00871,marketing,Business & Soft Skills,Business Strategy
JOB00871,consulting,Business & Soft Skills,Business Strategy
JOB00871,bachelors_degree,Education & Certifications,Business Strategy
JOB00871,masters_degree,Education & Certifications,Business Strategy
JOB00871,phd,Education & Certifications,Business Strategy
JOB00871,computer_science_degree,Education & Certifications,Business Strategy
JOB00872,leadership,Business & Soft Skills,Business Strategy
JOB00872,cross_functional_collaboration,Business & Soft Skills,Business Strategy
JOB00872,problem_solving,Business & Soft Skills,Business Strategy
JOB00872,strategic_planning,Business & Soft Skills,Business Strategy
JOB00872,consulting,Business & Soft Skills,Business Strategy
JOB00872,bachelors_degree,Education & Certifications,Business Strategy
JOB00872,masters_degree,Education & Certifications,Business Strategy
JOB00872,computer_science_degree,Education & Certifications,Business Strategy
JOB00873,go,Programming Languages,Business Strategy
JOB00873,google_cloud,Cloud & Infrastructure,Business Strategy
JOB00873,aws,Cloud & Infrastructure,Business Strategy
JOB00873,azure,Cloud & Infrastructure,Business Strategy
JOB00873,strategic_planning,Business & Soft Skills,Business Strategy
JOB00873,sales,Business & Soft Skills,Business Strategy
JOB00873,marketing,Business & Soft Skills,Business Strategy
JOB00873,bachelors_degree,Education & Certifications,Business Strategy
JOB00873,masters_degree,Education & Certifications,Business Strategy
JOB00873,phd,Education & Certifications,Business Strategy
JOB00874,sql,Programming Languages,Business Strategy
JOB00874,scala,Programming Languages,Business Strategy
JOB00874,compliance,Security,Business Strategy
JOB00874,stakeholder_management,Business & Soft Skills,Business Strategy
JOB00874,cross_functional_collaboration,Business & Soft Skills,Business Strategy
JOB00874,presentation_skills,Business & Soft Skills,Business Strategy
JOB00874,sales,Business & Soft Skills,Business Strategy
JOB00874,marketing,Business & Soft Skills,Business Strategy
JOB00874,consulting,Business & Soft Skills,Business Strategy
JOB00874,bachelors_degree,Education & Certifications,Business Strategy
JOB00874,masters_degree,Education & Certifications,Business Strategy
JOB00874,phd,Education & Certifications,Business Strategy
JOB00875,r_lang,Programming Languages,Business Strategy
JOB00875,sql,Programming Languages,Business Strategy
JOB00875,matlab,Programming Languages,Business Strategy
JOB00875,data_science,Data & Machine Learning,Business Strategy
JOB00875,data_analysis,Data & Machine Learning,Business Strategy
JOB00875,statistics,Data & Machine Learning,Business Strategy
JOB00875,stakeholder_management,Business & Soft Skills,Business Strategy
JOB00875,communication_skills,Business & Soft Skills,Business Strategy
JOB00875,cross_functional_collaboration,Business & Soft Skills,Business Strategy
JOB00875,problem_solving,Business & Soft Skills,Business Strategy
JOB00875,computer_science_degree,Education & Certifications,Business Strategy
JOB00876,android,Web & Frameworks,Business Strategy
JOB00876,product_management,Business & Soft Skills,Business Strategy
JOB00876,communication_skills,Business & Soft Skills,Business Strategy
JOB00876,strategic_planning,Business & Soft Skills,Business Strategy
JOB00876,consulting,Business & Soft Skills,Business Strategy
JOB00876,bachelors_degree,Education & Certifications,Business Strategy
JOB00876,masters_degree,Education & Certifications,Business Strategy
JOB00877,statistics,Data & Machine Learning,Business Strategy
JOB00877,cross_functional_collaboration,Business & Soft Skills,Business Strategy
JOB00877,presentation_skills,Business & Soft Skills,Business Strategy
JOB00877,strategic_planning,Business & Soft Skills,Business Strategy
JOB00877,hardware_engineering,Hardware & Manufacturing,Business Strategy
JOB00877,bachelors_degree,Education & Certifications,Business Strategy
JOB00878,c_lang,Programming Languages,Business Strategy
JOB00878,networking,Cloud & Infrastructure,Business Strategy
JOB00878,project_management,Business & Soft Skills,Business Strategy
JOB00878,communication_skills,Business & Soft Skills,Business Strategy
JOB00878,cross_functional_collaboration,Business & Soft Skills,Business Strategy
JOB00878,problem_solving,Business & Soft Skills,Business Strategy
JOB00878,analytical_skills,Business & Soft Skills,Business Strategy
JOB00878,strategic_planning,Business & Soft Skills,Business Strategy
JOB00878,consulting,Business & Soft Skills,Business Strategy
JOB00878,bachelors_degree,Education & Certifications,Business Strategy
JOB00879,stakeholder_management,Business & Soft Skills,Business Strategy
JOB00879,leadership,Business & Soft Skills,Business Strategy
JOB00879,strategic_planning,Business & Soft Skills,Business Strategy
JOB00879,marketing,Business & Soft Skills,Business Strategy
JOB00879,consulting,Business & Soft Skills,Business Strategy
JOB00879,masters_degree,Education & Certifications,Business Strategy
JOB00880,leadership,Business & Soft Skills,Business Strategy
JOB00880,cross_functional_collaboration,Business & Soft Skills,Business Strategy
JOB00880,problem_solving,Business & Soft Skills,Business Strategy
JOB00880,analytical_skills,Business & Soft Skills,Business Strategy
JOB00880,presentation_skills,Business & Soft Skills,Business Strategy
JOB00880,strategic_planning,Business & Soft Skills,Business Strategy
JOB00880,consulting,Business & Soft Skills,Business Strategy
JOB00880,bachelors_degree,Education & Certifications,Business Strategy
JOB00881,sql,Programming Languages,Business Strategy
JOB00881,statistics,Data & Machine Learning,Business Strategy
JOB00881,databases_general,Databases,Business Strategy
JOB00881,leadership,Business & Soft Skills,Business Strategy
JOB00881,strategic_planning,Business & Soft Skills,Business Strategy
JOB00881,sales,Business & Soft Skills,Business Strategy
JOB00881,marketing,Business & Soft Skills,Business Strategy
JOB00881,consulting,Business & Soft Skills,Business Strategy
JOB00881,bachelors_degree,Education & Certifications,Business Strategy
JOB00881,masters_degree,Education & Certifications,Business Strategy
JOB00881,computer_science_degree,Education & Certifications,Business Strategy
JOB00882,go,Programming Languages,Business Strategy
JOB00882,project_management,Business & Soft Skills,Business Strategy
JOB00882,stakeholder_management,Business & Soft Skills,Business Strategy
JOB00882,communication_skills,Business & Soft Skills,Business Strategy
JOB00882,leadership,Business & Soft Skills,Business Strategy
JOB00882,strategic_planning,Business & Soft Skills,Business Strategy
JOB00882,consulting,Business & Soft Skills,Business Strategy
JOB00883,r_lang,Programming Languages,Business Strategy
JOB00883,sql,Programming Languages,Business Strategy
JOB00883,matlab,Programming Languages,Business Strategy
JOB00883,data_science,Data & Machine Learning,Business Strategy
JOB00883,data_analysis,Data & Machine Learning,Business Strategy
JOB00883,statistics,Data & Machine Learning,Business Strategy
JOB00883,stakeholder_management,Business & Soft Skills,Business Strategy
JOB00883,communication_skills,Business & Soft Skills,Business Strategy
JOB00883,cross_functional_collaboration,Business & Soft Skills,Business Strategy
JOB00883,problem_solving,Business & Soft Skills,Business Strategy
JOB00883,bachelors_degree,Education & Certifications,Business Strategy
JOB00883,computer_science_degree,Education & Certifications,Business Strategy
JOB00884,python,Programming Languages,Business Strategy
JOB00884,r_lang,Programming Languages,Business Strategy
JOB00884,sql,Programming Languages,Business Strategy
JOB00884,matlab,Programming Languages,Business Strategy
JOB00884,machine_learning,Data & Machine Learning,Business Strategy
JOB00884,data_science,Data & Machine Learning,Business Strategy
JOB00884,data_analysis,Data & Machine Learning,Business Strategy
JOB00884,statistics,Data & Machine Learning,Business Strategy
JOB00884,databases_general,Databases,Business Strategy
JOB00884,stakeholder_management,Business & Soft Skills,Business Strategy
JOB00884,communication_skills,Business & Soft Skills,Business Strategy
JOB00884,leadership,Business & Soft Skills,Business Strategy
JOB00884,cross_functional_collaboration,Business & Soft Skills,Business Strategy
JOB00884,team_management,Business & Soft Skills,Business Strategy
JOB00884,sales,Business & Soft Skills,Business Strategy
JOB00884,electrical_engineering,Hardware & Manufacturing,Business Strategy
JOB00884,phd,Education & Certifications,Business Strategy
JOB00884,computer_science_degree,Education & Certifications,Business Strategy
JOB00885,communication_skills,Business & Soft Skills,Business Strategy
JOB00885,cross_functional_collaboration,Business & Soft Skills,Business Strategy
JOB00885,analytical_skills,Business & Soft Skills,Business Strategy
JOB00885,sales,Business & Soft Skills,Business Strategy
JOB00885,bachelors_degree,Education & Certifications,Business Strategy
JOB00886,go,Programming Languages,Business Strategy
JOB00886,google_cloud,Cloud & Infrastructure,Business Strategy
JOB00886,aws,Cloud & Infrastructure,Business Strategy
JOB00886,azure,Cloud & Infrastructure,Business Strategy
JOB00886,strategic_planning,Business & Soft Skills,Business Strategy
JOB00886,sales,Business & Soft Skills,Business Strategy
JOB00886,marketing,Business & Soft Skills,Business Strategy
JOB00886,bachelors_degree,Education & Certifications,Business Strategy
JOB00886,masters_degree,Education & Certifications,Business Strategy
JOB00886,phd,Education & Certifications,Business Strategy
JOB00887,r_lang,Programming Languages,Business Strategy
JOB00887,sql,Programming Languages,Business Strategy
JOB00887,matlab,Programming Languages,Business Strategy
JOB00887,data_science,Data & Machine Learning,Business Strategy
JOB00887,data_analysis,Data & Machine Learning,Business Strategy
JOB00887,statistics,Data & Machine Learning,Business Strategy
JOB00887,stakeholder_management,Business & Soft Skills,Business Strategy
JOB00887,communication_skills,Business & Soft Skills,Business Strategy
JOB00887,leadership,Business & Soft Skills,Business Strategy
JOB00887,cross_functional_collaboration,Business & Soft Skills,Business Strategy
JOB00887,problem_solving,Business & Soft Skills,Business Strategy
JOB00887,bachelors_degree,Education & Certifications,Business Strategy
JOB00887,computer_science_degree,Education & Certifications,Business Strategy
JOB00888,compliance,Security,Finance
JOB00888,communication_skills,Business & Soft Skills,Finance
JOB00888,analytical_skills,Business & Soft Skills,Finance
JOB00888,bachelors_degree,Education & Certifications,Finance
JOB00889,data_analysis,Data & Machine Learning,Finance
JOB00889,security_general,Security,Finance
JOB00889,compliance,Security,Finance
JOB00889,privacy,Security,Finance
JOB00889,risk_management,Security,Finance
JOB00889,product_management,Business & Soft Skills,Finance
JOB00889,communication_skills,Business & Soft Skills,Finance
JOB00889,cross_functional_collaboration,Business & Soft Skills,Finance
JOB00889,sales,Business & Soft Skills,Finance
JOB00889,consulting,Business & Soft Skills,Finance
JOB00889,supply_chain,Hardware & Manufacturing,Finance
JOB00889,manufacturing,Hardware & Manufacturing,Finance
JOB00889,bachelors_degree,Education & Certifications,Finance
JOB00889,masters_degree,Education & Certifications,Finance
JOB00890,data_analysis,Data & Machine Learning,Finance
JOB00890,databases_general,Databases,Finance
JOB00890,security_general,Security,Finance
JOB00890,compliance,Security,Finance
JOB00890,privacy,Security,Finance
JOB00890,risk_management,Security,Finance
JOB00890,product_management,Business & Soft Skills,Finance
JOB00890,leadership,Business & Soft Skills,Finance
JOB00890,cross_functional_collaboration,Business & Soft Skills,Finance
JOB00890,sales,Business & Soft Skills,Finance
JOB00890,consulting,Business & Soft Skills,Finance
JOB00890,supply_chain,Hardware & Manufacturing,Finance
JOB00890,manufacturing,Hardware & Manufacturing,Finance
JOB00890,bachelors_degree,Education & Certifications,Finance
JOB00890,masters_degree,Education & Certifications,Finance
JOB00891,sql,Programming Languages,Finance
JOB00891,leadership,Business & Soft Skills,Finance
JOB00891,presentation_skills,Business & Soft Skills,Finance
JOB00891,strategic_planning,Business & Soft Skills,Finance
JOB00891,bachelors_degree,Education & Certifications,Finance
JOB00892,compliance,Security,Finance
JOB00892,project_management,Business & Soft Skills,Finance
JOB00892,stakeholder_management,Business & Soft Skills,Finance
JOB00892,leadership,Business & Soft Skills,Finance
JOB00892,cross_functional_collaboration,Business & Soft Skills,Finance
JOB00892,problem_solving,Business & Soft Skills,Finance
JOB00892,bachelors_degree,Education & Certifications,Finance
JOB00893,scala,Programming Languages,Finance
JOB00893,project_management,Business & Soft Skills,Finance
JOB00893,cross_functional_collaboration,Business & Soft Skills,Finance
JOB00893,bachelors_degree,Education & Certifications,Finance
JOB00893,masters_degree,Education & Certifications,Finance
JOB00894,risk_management,Security,Finance
JOB00894,cross_functional_collaboration,Business & Soft Skills,Finance
JOB00894,analytical_skills,Business & Soft Skills,Finance
JOB00894,sales,Business & Soft Skills,Finance
JOB00894,hardware_engineering,Hardware & Manufacturing,Finance
JOB00894,bachelors_degree,Education & Certifications,Finance
JOB00895,compliance,Security,Finance
JOB00895,stakeholder_management,Business & Soft Skills,Finance
JOB00895,cross_functional_collaboration,Business & Soft Skills,Finance
JOB00895,analytical_skills,Business & Soft Skills,Finance
JOB00896,communication_skills,Business & Soft Skills,Finance
JOB00896,leadership,Business & Soft Skills,Finance
JOB00896,strategic_planning,Business & Soft Skills,Finance
JOB00896,consulting,Business & Soft Skills,Finance
JOB00896,bachelors_degree,Education & Certifications,Finance
JOB00896,masters_degree,Education & Certifications,Finance
JOB00897,python,Programming Languages,Finance
JOB00897,r_lang,Programming Languages,Finance
JOB00897,sql,Programming Languages,Finance
JOB00897,machine_learning,Data & Machine Learning,Finance
JOB00897,statistics,Data & Machine Learning,Finance
JOB00897,spanner_bigtable,Databases,Finance
JOB00897,data_warehousing,Databases,Finance
JOB00897,stakeholder_management,Business & Soft Skills,Finance
JOB00897,leadership,Business & Soft Skills,Finance
JOB00897,cross_functional_collaboration,Business & Soft Skills,Finance
JOB00897,strategic_planning,Business & Soft Skills,Finance
JOB00897,bachelors_degree,Education & Certifications,Finance
JOB00898,risk_management,Security,Finance
JOB00898,stakeholder_management,Business & Soft Skills,Finance
JOB00898,analytical_skills,Business & Soft Skills,Finance
JOB00898,agile_scrum,Business & Soft Skills,Finance
JOB00898,hardware_engineering,Hardware & Manufacturing,Finance
JOB00898,supply_chain,Hardware & Manufacturing,Finance
JOB00898,bachelors_degree,Education & Certifications,Finance
JOB00899,compliance,Security,Finance
JOB00899,stakeholder_management,Business & Soft Skills,Finance
JOB00899,leadership,Business & Soft Skills,Finance
JOB00899,cross_functional_collaboration,Business & Soft Skills,Finance
JOB00899,strategic_planning,Business & Soft Skills,Finance
JOB00900,risk_management,Security,Finance
JOB00900,cross_functional_collaboration,Business & Soft Skills,Finance
JOB00900,budget_management,Business & Soft Skills,Finance
JOB00900,hardware_engineering,Hardware & Manufacturing,Finance
JOB00900,supply_chain,Hardware & Manufacturing,Finance
JOB00900,bachelors_degree,Education & Certifications,Finance
JOB00900,masters_degree,Education & Certifications,Finance
JOB00901,security_general,Security,Finance
JOB00901,project_management,Business & Soft Skills,Finance
JOB00901,cross_functional_collaboration,Business & Soft Skills,Finance
JOB00901,bachelors_degree,Education & Certifications,Finance
JOB00902,compliance,Security,Finance
JOB00902,bachelors_degree,Education & Certifications,Finance
JOB00903,risk_management,Security,Finance
JOB00903,analytical_skills,Business & Soft Skills,Finance
JOB00903,bachelors_degree,Education & Certifications,Finance
JOB00904,compliance,Security,Finance
JOB00904,cross_functional_collaboration,Business & Soft Skills,Finance
JOB00904,hardware_engineering,Hardware & Manufacturing,Finance
JOB00905,sql,Programming Languages,Finance
JOB00905,communication_skills,Business & Soft Skills,Finance
JOB00905,sales,Business & Soft Skills,Finance
JOB00905,bachelors_degree,Education & Certifications,Finance
JOB00906,compliance,Security,Finance
JOB00906,stakeholder_management,Business & Soft Skills,Finance
JOB00906,communication_skills,Business & Soft Skills,Finance
JOB00906,analytical_skills,Business & Soft Skills,Finance
JOB00906,customer_service,Business & Soft Skills,Finance
JOB00906,bachelors_degree,Education & Certifications,Finance
JOB00907,cross_functional_collaboration,Business & Soft Skills,Finance
JOB00907,analytical_skills,Business & Soft Skills,Finance
JOB00907,sales,Business & Soft Skills,Finance
JOB00907,hardware_engineering,Hardware & Manufacturing,Finance
JOB00907,bachelors_degree,Education & Certifications,Finance
JOB00907,masters_degree,Education & Certifications,Finance
JOB00908,scala,Programming Languages,Finance
JOB00908,compliance,Security,Finance
JOB00908,product_management,Business & Soft Skills,Finance
JOB00908,stakeholder_management,Business & Soft Skills,Finance
JOB00908,communication_skills,Business & Soft Skills,Finance
JOB00908,bachelors_degree,Education & Certifications,Finance
JOB00909,compliance,Security,Finance
JOB00909,communication_skills,Business & Soft Skills,Finance
JOB00910,compliance,Security,Finance
JOB00910,communication_skills,Business & Soft Skills,Finance
JOB00910,cross_functional_collaboration,Business & Soft Skills,Finance
JOB00910,analytical_skills,Business & Soft Skills,Finance
JOB00910,bachelors_degree,Education & Certifications,Finance
JOB00911,scala,Programming Languages,Finance
JOB00911,stakeholder_management,Business & Soft Skills,Finance
JOB00911,communication_skills,Business & Soft Skills,Finance
JOB00911,cross_functional_collaboration,Business & Soft Skills,Finance
JOB00911,bachelors_degree,Education & Certifications,Finance
JOB00912,scala,Programming Languages,Finance
JOB00912,big_data,Data & Machine Learning,Finance
JOB00912,communication_skills,Business & Soft Skills,Finance
JOB00912,leadership,Business & Soft Skills,Finance
JOB00912,cross_functional_collaboration,Business & Soft Skills,Finance
JOB00912,analytical_skills,Business & Soft Skills,Finance
JOB00912,budget_management,Business & Soft Skills,Finance
JOB00912,sales,Business & Soft Skills,Finance
JOB00912,marketing,Business & Soft Skills,Finance
JOB00912,consulting,Business & Soft Skills,Finance
JOB00912,bachelors_degree,Education & Certifications,Finance
JOB00912,masters_degree,Education & Certifications,Finance
JOB00913,compliance,Security,Finance
JOB00913,leadership,Business & Soft Skills,Finance
JOB00913,consulting,Business & Soft Skills,Finance
JOB00913,bachelors_degree,Education & Certifications,Finance
JOB00913,masters_degree,Education & Certifications,Finance
JOB00914,sql,Programming Languages,Finance
JOB00914,leadership,Business & Soft Skills,Finance
JOB00914,cross_functional_collaboration,Business & Soft Skills,Finance
JOB00914,strategic_planning,Business & Soft Skills,Finance
JOB00914,consulting,Business & Soft Skills,Finance
JOB00914,bachelors_degree,Education & Certifications,Finance
JOB00915,stakeholder_management,Business & Soft Skills,Finance
JOB00915,problem_solving,Business & Soft Skills,Finance
JOB00915,analytical_skills,Business & Soft Skills,Finance
JOB00915,strategic_planning,Business & Soft Skills,Finance
JOB00915,electrical_engineering,Hardware & Manufacturing,Finance
JOB00915,bachelors_degree,Education & Certifications,Finance
JOB00916,python,Programming Languages,Finance
JOB00916,javascript,Programming Languages,Finance
JOB00916,r_lang,Programming Languages,Finance
JOB00916,sql,Programming Languages,Finance
JOB00916,matlab,Programming Languages,Finance
JOB00916,machine_learning,Data & Machine Learning,Finance
JOB00916,data_analysis,Data & Machine Learning,Finance
JOB00916,statistics,Data & Machine Learning,Finance
JOB00916,databases_general,Databases,Finance
JOB00916,mysql,Databases,Finance
JOB00916,data_warehousing,Databases,Finance
JOB00916,leadership,Business & Soft Skills,Finance
JOB00916,strategic_planning,Business & Soft Skills,Finance
JOB00916,consulting,Business & Soft Skills,Finance
JOB00916,bachelors_degree,Education & Certifications,Finance
JOB00916,computer_science_degree,Education & Certifications,Finance
JOB00917,scala,Programming Languages,Finance
JOB00917,security_general,Security,Finance
JOB00917,compliance,Security,Finance
JOB00917,privacy,Security,Finance
JOB00917,product_management,Business & Soft Skills,Finance
JOB00917,cross_functional_collaboration,Business & Soft Skills,Finance
JOB00917,analytical_skills,Business & Soft Skills,Finance
JOB00917,negotiation,Business & Soft Skills,Finance
JOB00917,strategic_planning,Business & Soft Skills,Finance
JOB00918,stakeholder_management,Business & Soft Skills,Finance
JOB00918,presentation_skills,Business & Soft Skills,Finance
JOB00918,bachelors_degree,Education & Certifications,Finance
JOB00918,masters_degree,Education & Certifications,Finance
JOB00919,scala,Programming Languages,Finance
JOB00919,security_general,Security,Finance
JOB00919,compliance,Security,Finance
JOB00919,communication_skills,Business & Soft Skills,Finance
JOB00919,bachelors_degree,Education & Certifications,Finance
JOB00920,leadership,Business & Soft Skills,Finance
JOB00920,problem_solving,Business & Soft Skills,Finance
JOB00920,strategic_planning,Business & Soft Skills,Finance
JOB00920,consulting,Business & Soft Skills,Finance
JOB00920,bachelors_degree,Education & Certifications,Finance
JOB00921,python,Programming Languages,Finance
JOB00921,c++,Programming Languages,Finance
JOB00921,c_lang,Programming Languages,Finance
JOB00921,r_lang,Programming Languages,Finance
JOB00921,sql,Programming Languages,Finance
JOB00921,scala,Programming Languages,Finance
JOB00921,big_data,Data & Machine Learning,Finance
JOB00921,leadership,Business & Soft Skills,Finance
JOB00921,presentation_skills,Business & Soft Skills,Finance
JOB00921,bachelors_degree,Education & Certifications,Finance
JOB00922,compliance,Security,Finance
JOB00922,project_management,Business & Soft Skills,Finance
JOB00922,cross_functional_collaboration,Business & Soft Skills,Finance
JOB00922,analytical_skills,Business & Soft Skills,Finance
JOB00922,bachelors_degree,Education & Certifications,Finance
JOB00923,sql,Programming Languages,Finance
JOB00923,matlab,Programming Languages,Finance
JOB00923,communication_skills,Business & Soft Skills,Finance
JOB00923,presentation_skills,Business & Soft Skills,Finance
JOB00923,consulting,Business & Soft Skills,Finance
JOB00923,masters_degree,Education & Certifications,Finance
JOB00924,statistics,Data & Machine Learning,Finance
JOB00924,compliance,Security,Finance
JOB00924,risk_management,Security,Finance
JOB00924,communication_skills,Business & Soft Skills,Finance
JOB00924,strategic_planning,Business & Soft Skills,Finance
JOB00925,compliance,Security,Finance
JOB00925,project_management,Business & Soft Skills,Finance
JOB00925,cross_functional_collaboration,Business & Soft Skills,Finance
JOB00925,analytical_skills,Business & Soft Skills,Finance
JOB00925,bachelors_degree,Education & Certifications,Finance
JOB00926,compliance,Security,Finance
JOB00926,stakeholder_management,Business & Soft Skills,Finance
JOB00926,presentation_skills,Business & Soft Skills,Finance
JOB00926,strategic_planning,Business & Soft Skills,Finance
JOB00926,sales,Business & Soft Skills,Finance
JOB00926,bachelors_degree,Education & Certifications,Finance
JOB00926,phd,Education & Certifications,Finance
JOB00927,compliance,Security,Finance
JOB00927,stakeholder_management,Business & Soft Skills,Finance
JOB00927,communication_skills,Business & Soft Skills,Finance
JOB00927,leadership,Business & Soft Skills,Finance
JOB00927,analytical_skills,Business & Soft Skills,Finance
JOB00927,customer_service,Business & Soft Skills,Finance
JOB00928,python,Programming Languages,Finance
JOB00928,c++,Programming Languages,Finance
JOB00928,c_lang,Programming Languages,Finance
JOB00928,r_lang,Programming Languages,Finance
JOB00928,sql,Programming Languages,Finance
JOB00928,statistics,Data & Machine Learning,Finance
JOB00928,google_cloud,Cloud & Infrastructure,Finance
JOB00928,strategic_planning,Business & Soft Skills,Finance
JOB00928,sales,Business & Soft Skills,Finance
JOB00928,consulting,Business & Soft Skills,Finance
JOB00928,bachelors_degree,Education & Certifications,Finance
JOB00929,sql,Programming Languages,Finance
JOB00929,leadership,Business & Soft Skills,Finance
JOB00929,problem_solving,Business & Soft Skills,Finance
JOB00929,sales,Business & Soft Skills,Finance
JOB00929,bachelors_degree,Education & Certifications,Finance
JOB00930,cross_functional_collaboration,Business & Soft Skills,Finance
JOB00930,hardware_engineering,Hardware & Manufacturing,Finance
JOB00930,bachelors_degree,Education & Certifications,Finance
JOB00931,project_management,Business & Soft Skills,Finance
JOB00931,cross_functional_collaboration,Business & Soft Skills,Finance
JOB00931,analytical_skills,Business & Soft Skills,Finance
JOB00931,bachelors_degree,Education & Certifications,Finance
JOB00932,risk_management,Security,Finance
JOB00932,stakeholder_management,Business & Soft Skills,Finance
JOB00932,leadership,Business & Soft Skills,Finance
JOB00932,cross_functional_collaboration,Business & Soft Skills,Finance
JOB00932,problem_solving,Business & Soft Skills,Finance
JOB00932,strategic_planning,Business & Soft Skills,Finance
JOB00932,bachelors_degree,Education & Certifications,Finance
JOB00932,masters_degree,Education & Certifications,Finance
JOB00933,scala,Programming Languages,Finance
JOB00933,compliance,Security,Finance
JOB00933,product_management,Business & Soft Skills,Finance
JOB00933,communication_skills,Business & Soft Skills,Finance
JOB00933,cross_functional_collaboration,Business & Soft Skills,Finance
JOB00933,bachelors_degree,Education & Certifications,Finance
JOB00934,sql,Programming Languages,Finance
JOB00934,databases_general,Databases,Finance
JOB00934,project_management,Business & Soft Skills,Finance
JOB00934,stakeholder_management,Business & Soft Skills,Finance
JOB00934,leadership,Business & Soft Skills,Finance
JOB00935,compliance,Security,Finance
JOB00935,risk_management,Security,Finance
JOB00935,communication_skills,Business & Soft Skills,Finance
JOB00935,leadership,Business & Soft Skills,Finance
JOB00935,cross_functional_collaboration,Business & Soft Skills,Finance
JOB00935,budget_management,Business & Soft Skills,Finance
JOB00935,strategic_planning,Business & Soft Skills,Finance
JOB00935,consulting,Business & Soft Skills,Finance
JOB00935,bachelors_degree,Education & Certifications,Finance
JOB00936,compliance,Security,Finance
JOB00936,stakeholder_management,Business & Soft Skills,Finance
JOB00936,leadership,Business & Soft Skills,Finance
JOB00936,cross_functional_collaboration,Business & Soft Skills,Finance
JOB00936,bachelors_degree,Education & Certifications,Finance
JOB00937,scala,Programming Languages,Finance
JOB00937,databases_general,Databases,Finance
JOB00937,project_management,Business & Soft Skills,Finance
JOB00937,cross_functional_collaboration,Business & Soft Skills,Finance
JOB00937,bachelors_degree,Education & Certifications,Finance
JOB00938,project_management,Business & Soft Skills,Finance
JOB00938,stakeholder_management,Business & Soft Skills,Finance
JOB00938,communication_skills,Business & Soft Skills,Finance
JOB00938,problem_solving,Business & Soft Skills,Finance
JOB00938,strategic_planning,Business & Soft Skills,Finance
JOB00938,bachelors_degree,Education & Certifications,Finance
JOB00939,compliance,Security,Finance
JOB00939,cross_functional_collaboration,Business & Soft Skills,Finance
JOB00939,negotiation,Business & Soft Skills,Finance
JOB00939,consulting,Business & Soft Skills,Finance
JOB00939,hardware_engineering,Hardware & Manufacturing,Finance
JOB00939,supply_chain,Hardware & Manufacturing,Finance
JOB00939,manufacturing,Hardware & Manufacturing,Finance
JOB00939,bachelors_degree,Education & Certifications,Finance
JOB00939,masters_degree,Education & Certifications,Finance
JOB00940,cross_functional_collaboration,Business & Soft Skills,Finance
JOB00940,bachelors_degree,Education & Certifications,Finance
JOB00941,sql,Programming Languages,Finance
JOB00941,compliance,Security,Finance
JOB00941,bachelors_degree,Education & Certifications,Finance
JOB00942,cybersecurity,Security,Finance
JOB00942,security_general,Security,Finance
JOB00942,compliance,Security,Finance
JOB00942,risk_management,Security,Finance
JOB00942,product_management,Business & Soft Skills,Finance
JOB00942,leadership,Business & Soft Skills,Finance
JOB00942,cross_functional_collaboration,Business & Soft Skills,Finance
JOB00942,strategic_planning,Business & Soft Skills,Finance
JOB00942,consulting,Business & Soft Skills,Finance
JOB00942,hardware_engineering,Hardware & Manufacturing,Finance
JOB00942,bachelors_degree,Education & Certifications,Finance
JOB00942,masters_degree,Education & Certifications,Finance
JOB00943,google_cloud,Cloud & Infrastructure,Finance
JOB00943,compliance,Security,Finance
JOB00943,risk_management,Security,Finance
JOB00943,leadership,Business & Soft Skills,Finance
JOB00943,bachelors_degree,Education & Certifications,Finance
JOB00944,scala,Programming Languages,Finance
JOB00944,stakeholder_management,Business & Soft Skills,Finance
JOB00944,communication_skills,Business & Soft Skills,Finance
JOB00944,cross_functional_collaboration,Business & Soft Skills,Finance
JOB00944,bachelors_degree,Education & Certifications,Finance
JOB00945,compliance,Security,Finance
JOB00945,communication_skills,Business & Soft Skills,Finance
JOB00945,team_management,Business & Soft Skills,Finance
JOB00945,strategic_planning,Business & Soft Skills,Finance
JOB00945,masters_degree,Education & Certifications,Finance
JOB00946,communication_skills,Business & Soft Skills,Finance
JOB00946,masters_degree,Education & Certifications,Finance
JOB00947,scala,Programming Languages,Finance
JOB00947,data_analysis,Data & Machine Learning,Finance
JOB00947,compliance,Security,Finance
JOB00947,project_management,Business & Soft Skills,Finance
JOB00947,stakeholder_management,Business & Soft Skills,Finance
JOB00947,communication_skills,Business & Soft Skills,Finance
JOB00947,leadership,Business & Soft Skills,Finance
JOB00947,problem_solving,Business & Soft Skills,Finance
JOB00947,customer_service,Business & Soft Skills,Finance
JOB00947,bachelors_degree,Education & Certifications,Finance
JOB00948,project_management,Business & Soft Skills,Finance
JOB00948,stakeholder_management,Business & Soft Skills,Finance
JOB00948,cross_functional_collaboration,Business & Soft Skills,Finance
JOB00948,problem_solving,Business & Soft Skills,Finance
JOB00948,team_management,Business & Soft Skills,Finance
JOB00948,sales,Business & Soft Skills,Finance
JOB00948,masters_degree,Education & Certifications,Finance
JOB00949,scala,Programming Languages,Finance
JOB00949,leadership,Business & Soft Skills,Finance
JOB00949,cross_functional_collaboration,Business & Soft Skills,Finance
JOB00949,budget_management,Business & Soft Skills,Finance
JOB00949,consulting,Business & Soft Skills,Finance
JOB00949,hardware_engineering,Hardware & Manufacturing,Finance
JOB00949,supply_chain,Hardware & Manufacturing,Finance
JOB00949,bachelors_degree,Education & Certifications,Finance
JOB00949,masters_degree,Education & Certifications,Finance
JOB00950,compliance,Security,Finance
JOB00950,project_management,Business & Soft Skills,Finance
JOB00950,bachelors_degree,Education & Certifications,Finance
JOB00951,leadership,Business & Soft Skills,Finance
JOB00951,cross_functional_collaboration,Business & Soft Skills,Finance
JOB00951,analytical_skills,Business & Soft Skills,Finance
JOB00951,strategic_planning,Business & Soft Skills,Finance
JOB00951,customer_service,Business & Soft Skills,Finance
JOB00951,manufacturing,Hardware & Manufacturing,Finance
JOB00952,sql,Programming Languages,Finance
JOB00952,databases_general,Databases,Finance
JOB00952,data_warehousing,Databases,Finance
JOB00952,cross_functional_collaboration,Business & Soft Skills,Finance
JOB00952,problem_solving,Business & Soft Skills,Finance
JOB00952,analytical_skills,Business & Soft Skills,Finance
JOB00952,bachelors_degree,Education & Certifications,Finance
JOB00953,python,Programming Languages,Finance
JOB00953,c++,Programming Languages,Finance
JOB00953,c_lang,Programming Languages,Finance
JOB00953,r_lang,Programming Languages,Finance
JOB00953,sql,Programming Languages,Finance
JOB00953,scala,Programming Languages,Finance
JOB00953,big_data,Data & Machine Learning,Finance
JOB00953,stakeholder_management,Business & Soft Skills,Finance
JOB00953,leadership,Business & Soft Skills,Finance
JOB00953,presentation_skills,Business & Soft Skills,Finance
JOB00953,strategic_planning,Business & Soft Skills,Finance
JOB00953,bachelors_degree,Education & Certifications,Finance
JOB00954,scala,Programming Languages,Finance
JOB00954,databases_general,Databases,Finance
JOB00954,project_management,Business & Soft Skills,Finance
JOB00954,cross_functional_collaboration,Business & Soft Skills,Finance
JOB00954,bachelors_degree,Education & Certifications,Finance
JOB00955,sql,Programming Languages,Finance
JOB00955,communication_skills,Business & Soft Skills,Finance
JOB00955,negotiation,Business & Soft Skills,Finance
JOB00955,bachelors_degree,Education & Certifications,Finance
JOB00956,scala,Programming Languages,Finance
JOB00956,stakeholder_management,Business & Soft Skills,Finance
JOB00956,communication_skills,Business & Soft Skills,Finance
JOB00956,cross_functional_collaboration,Business & Soft Skills,Finance
JOB00956,bachelors_degree,Education & Certifications,Finance
JOB00957,leadership,Business & Soft Skills,Finance
JOB00957,cross_functional_collaboration,Business & Soft Skills,Finance
JOB00957,analytical_skills,Business & Soft Skills,Finance
JOB00957,bachelors_degree,Education & Certifications,Finance
JOB00958,statistics,Data & Machine Learning,Finance
JOB00958,google_cloud,Cloud & Infrastructure,Finance
JOB00958,leadership,Business & Soft Skills,Finance
JOB00958,cross_functional_collaboration,Business & Soft Skills,Finance
JOB00958,strategic_planning,Business & Soft Skills,Finance
JOB00958,sales,Business & Soft Skills,Finance
JOB00958,marketing,Business & Soft Skills,Finance
JOB00958,consulting,Business & Soft Skills,Finance
JOB00959,python,Programming Languages,Finance
JOB00959,java,Programming Languages,Finance
JOB00959,c++,Programming Languages,Finance
JOB00959,c_lang,Programming Languages,Finance
JOB00959,r_lang,Programming Languages,Finance
JOB00959,matlab,Programming Languages,Finance
JOB00959,machine_learning,Data & Machine Learning,Finance
JOB00959,statistics,Data & Machine Learning,Finance
JOB00959,data_mining,Data & Machine Learning,Finance
JOB00959,mysql,Databases,Finance
JOB00959,communication_skills,Business & Soft Skills,Finance
JOB00959,leadership,Business & Soft Skills,Finance
JOB00959,team_management,Business & Soft Skills,Finance
JOB00960,compliance,Security,Finance
JOB00960,stakeholder_management,Business & Soft Skills,Finance
JOB00960,communication_skills,Business & Soft Skills,Finance
JOB00960,analytical_skills,Business & Soft Skills,Finance
JOB00960,customer_service,Business & Soft Skills,Finance
JOB00960,bachelors_degree,Education & Certifications,Finance
JOB00961,security_general,Security,Legal & Government Relations
JOB00961,compliance,Security,Legal & Government Relations
JOB00961,privacy,Security,Legal & Government Relations
JOB00962,privacy,Security,Legal & Government Relations
JOB00962,communication_skills,Business & Soft Skills,Legal & Government Relations
JOB00962,bachelors_degree,Education & Certifications,Legal & Government Relations
JOB00963,marketing,Business & Soft Skills,Legal & Government Relations
JOB00964,bachelors_degree,Education & Certifications,Legal & Government Relations
JOB00965,compliance,Security,Legal & Government Relations
JOB00965,leadership,Business & Soft Skills,Legal & Government Relations
JOB00965,cross_functional_collaboration,Business & Soft Skills,Legal & Government Relations
JOB00966,compliance,Security,Legal & Government Relations
JOB00966,leadership,Business & Soft Skills,Legal & Government Relations
JOB00966,negotiation,Business & Soft Skills,Legal & Government Relations
JOB00966,sales,Business & Soft Skills,Legal & Government Relations
JOB00966,marketing,Business & Soft Skills,Legal & Government Relations
JOB00967,google_cloud,Cloud & Infrastructure,Legal & Government Relations
JOB00967,bachelors_degree,Education & Certifications,Legal & Government Relations
JOB00968,python,Programming Languages,Legal & Government Relations
JOB00968,java,Programming Languages,Legal & Government Relations
JOB00968,javascript,Programming Languages,Legal & Government Relations
JOB00968,r_lang,Programming Languages,Legal & Government Relations
JOB00968,sql,Programming Languages,Legal & Government Relations
JOB00968,scala,Programming Languages,Legal & Government Relations
JOB00968,data_analysis,Data & Machine Learning,Legal & Government Relations
JOB00968,statistics,Data & Machine Learning,Legal & Government Relations
JOB00968,databases_general,Databases,Legal & Government Relations
JOB00968,risk_management,Security,Legal & Government Relations
JOB00968,stakeholder_management,Business & Soft Skills,Legal & Government Relations
JOB00968,leadership,Business & Soft Skills,Legal & Government Relations
JOB00968,sales,Business & Soft Skills,Legal & Government Relations
JOB00968,bachelors_degree,Education & Certifications,Legal & Government Relations
JOB00969,google_cloud,Cloud & Infrastructure,Legal & Government Relations
JOB00969,communication_skills,Business & Soft Skills,Legal & Government Relations
JOB00969,consulting,Business & Soft Skills,Legal & Government Relations
JOB00969,bachelors_degree,Education & Certifications,Legal & Government Relations
JOB00970,scala,Programming Languages,Legal & Government Relations
JOB00970,data_analysis,Data & Machine Learning,Legal & Government Relations
JOB00970,communication_skills,Business & Soft Skills,Legal & Government Relations
JOB00970,analytical_skills,Business & Soft Skills,Legal & Government Relations
JOB00970,customer_service,Business & Soft Skills,Legal & Government Relations
JOB00970,bachelors_degree,Education & Certifications,Legal & Government Relations
JOB00971,project_management,Business & Soft Skills,Legal & Government Relations
JOB00971,consulting,Business & Soft Skills,Legal & Government Relations
JOB00971,bachelors_degree,Education & Certifications,Legal & Government Relations
JOB00972,compliance,Security,Legal & Government Relations
JOB00972,product_management,Business & Soft Skills,Legal & Government Relations
JOB00972,leadership,Business & Soft Skills,Legal & Government Relations
JOB00972,cross_functional_collaboration,Business & Soft Skills,Legal & Government Relations
JOB00972,negotiation,Business & Soft Skills,Legal & Government Relations
JOB00972,sales,Business & Soft Skills,Legal & Government Relations
JOB00972,marketing,Business & Soft Skills,Legal & Government Relations
JOB00973,security_general,Security,Legal & Government Relations
JOB00973,compliance,Security,Legal & Government Relations
JOB00973,privacy,Security,Legal & Government Relations
JOB00974,communication_skills,Business & Soft Skills,Legal & Government Relations
JOB00974,analytical_skills,Business & Soft Skills,Legal & Government Relations
JOB00974,bachelors_degree,Education & Certifications,Legal & Government Relations
JOB00975,security_general,Security,Legal & Government Relations
JOB00975,compliance,Security,Legal & Government Relations
JOB00975,privacy,Security,Legal & Government Relations
JOB00976,communication_skills,Business & Soft Skills,Legal & Government Relations
JOB00976,sales,Business & Soft Skills,Legal & Government Relations
JOB00976,marketing,Business & Soft Skills,Legal & Government Relations
JOB00976,bachelors_degree,Education & Certifications,Legal & Government Relations
JOB00977,cross_functional_collaboration,Business & Soft Skills,Legal & Government Relations
JOB00977,marketing,Business & Soft Skills,Legal & Government Relations
JOB00978,scala,Programming Languages,Legal & Government Relations
JOB00978,compliance,Security,Legal & Government Relations
JOB00978,stakeholder_management,Business & Soft Skills,Legal & Government Relations
JOB00978,analytical_skills,Business & Soft Skills,Legal & Government Relations
JOB00979,google_cloud,Cloud & Infrastructure,Legal & Government Relations
JOB00979,bachelors_degree,Education & Certifications,Legal & Government Relations
JOB00980,communication_skills,Business & Soft Skills,Legal & Government Relations
JOB00980,analytical_skills,Business & Soft Skills,Legal & Government Relations
JOB00980,bachelors_degree,Education & Certifications,Legal & Government Relations
JOB00981,google_cloud,Cloud & Infrastructure,Legal & Government Relations
JOB00981,cloud_computing,Cloud & Infrastructure,Legal & Government Relations
JOB00981,privacy,Security,Legal & Government Relations
JOB00981,stakeholder_management,Business & Soft Skills,Legal & Government Relations
JOB00981,cross_functional_collaboration,Business & Soft Skills,Legal & Government Relations
JOB00981,strategic_planning,Business & Soft Skills,Legal & Government Relations
JOB00981,sales,Business & Soft Skills,Legal & Government Relations
JOB00982,scala,Programming Languages,Legal & Government Relations
JOB00982,data_analysis,Data & Machine Learning,Legal & Government Relations
JOB00982,communication_skills,Business & Soft Skills,Legal & Government Relations
JOB00982,analytical_skills,Business & Soft Skills,Legal & Government Relations
JOB00982,customer_service,Business & Soft Skills,Legal & Government Relations
JOB00982,bachelors_degree,Education & Certifications,Legal & Government Relations
JOB00983,sql,Programming Languages,Legal & Government Relations
JOB00983,scala,Programming Languages,Legal & Government Relations
JOB00983,risk_management,Security,Legal & Government Relations
JOB00983,project_management,Business & Soft Skills,Legal & Government Relations
JOB00983,cross_functional_collaboration,Business & Soft Skills,Legal & Government Relations
JOB00983,bachelors_degree,Education & Certifications,Legal & Government Relations
JOB00983,phd,Education & Certifications,Legal & Government Relations
JOB00984,compliance,Security,Legal & Government Relations
JOB00984,privacy,Security,Legal & Government Relations
JOB00984,product_management,Business & Soft Skills,Legal & Government Relations
JOB00984,sales,Business & Soft Skills,Legal & Government Relations
JOB00984,marketing,Business & Soft Skills,Legal & Government Relations
JOB00985,sql,Programming Languages,Legal & Government Relations
JOB00985,scala,Programming Languages,Legal & Government Relations
JOB00985,program_management,Business & Soft Skills,Legal & Government Relations
JOB00985,stakeholder_management,Business & Soft Skills,Legal & Government Relations
JOB00985,communication_skills,Business & Soft Skills,Legal & Government Relations
JOB00985,cross_functional_collaboration,Business & Soft Skills,Legal & Government Relations
JOB00985,consulting,Business & Soft Skills,Legal & Government Relations
JOB00985,quality_assurance,Hardware & Manufacturing,Legal & Government Relations
JOB00986,analytical_skills,Business & Soft Skills,Legal & Government Relations
JOB00986,bachelors_degree,Education & Certifications,Legal & Government Relations
JOB00987,communication_skills,Business & Soft Skills,Legal & Government Relations
JOB00987,sales,Business & Soft Skills,Legal & Government Relations
JOB00987,marketing,Business & Soft Skills,Legal & Government Relations
JOB00987,bachelors_degree,Education & Certifications,Legal & Government Relations
JOB00988,leadership,Business & Soft Skills,Legal & Government Relations
JOB00988,problem_solving,Business & Soft Skills,Legal & Government Relations
JOB00989,networking,Cloud & Infrastructure,Legal & Government Relations
JOB00989,privacy,Security,Legal & Government Relations
JOB00989,stakeholder_management,Business & Soft Skills,Legal & Government Relations
JOB00989,presentation_skills,Business & Soft Skills,Legal & Government Relations
JOB00989,bachelors_degree,Education & Certifications,Legal & Government Relations
JOB00990,product_management,Business & Soft Skills,Legal & Government Relations
JOB00990,negotiation,Business & Soft Skills,Legal & Government Relations
JOB00990,strategic_planning,Business & Soft Skills,Legal & Government Relations
JOB00990,sales,Business & Soft Skills,Legal & Government Relations
JOB00990,marketing,Business & Soft Skills,Legal & Government Relations
JOB00990,hardware_engineering,Hardware & Manufacturing,Legal & Government Relations
JOB00991,compliance,Security,Legal & Government Relations
JOB00991,privacy,Security,Legal & Government Relations
JOB00991,strategic_planning,Business & Soft Skills,Legal & Government Relations
JOB00992,compliance,Security,Legal & Government Relations
JOB00992,privacy,Security,Legal & Government Relations
JOB00992,product_management,Business & Soft Skills,Legal & Government Relations
JOB00992,negotiation,Business & Soft Skills,Legal & Government Relations
JOB00992,strategic_planning,Business & Soft Skills,Legal & Government Relations
JOB00992,sales,Business & Soft Skills,Legal & Government Relations
JOB00992,marketing,Business & Soft Skills,Legal & Government Relations
JOB00992,hardware_engineering,Hardware & Manufacturing,Legal & Government Relations
JOB00993,product_management,Business & Soft Skills,Legal & Government Relations
JOB00993,leadership,Business & Soft Skills,Legal & Government Relations
JOB00993,cross_functional_collaboration,Business & Soft Skills,Legal & Government Relations
JOB00993,sales,Business & Soft Skills,Legal & Government Relations
JOB00993,marketing,Business & Soft Skills,Legal & Government Relations
JOB00993,bachelors_degree,Education & Certifications,Legal & Government Relations
JOB00994,security_general,Security,Legal & Government Relations
JOB00994,compliance,Security,Legal & Government Relations
JOB00994,analytical_skills,Business & Soft Skills,Legal & Government Relations
JOB00994,bachelors_degree,Education & Certifications,Legal & Government Relations
JOB00995,bachelors_degree,Education & Certifications,Legal & Government Relations
JOB00996,communication_skills,Business & Soft Skills,Legal & Government Relations
JOB00996,consulting,Business & Soft Skills,Legal & Government Relations
JOB00996,bachelors_degree,Education & Certifications,Legal & Government Relations
JOB00997,communication_skills,Business & Soft Skills,Legal & Government Relations
JOB00997,strategic_planning,Business & Soft Skills,Legal & Government Relations
JOB00997,sales,Business & Soft Skills,Legal & Government Relations
JOB00997,marketing,Business & Soft Skills,Legal & Government Relations
JOB00997,hardware_engineering,Hardware & Manufacturing,Legal & Government Relations
JOB00998,marketing,Business & Soft Skills,Legal & Government Relations
JOB00998,consulting,Business & Soft Skills,Legal & Government Relations
JOB00998,bachelors_degree,Education & Certifications,Legal & Government Relations
JOB00999,sales,Business & Soft Skills,Legal & Government Relations
JOB00999,marketing,Business & Soft Skills,Legal & Government Relations
JOB00999,consulting,Business & Soft Skills,Legal & Government Relations
JOB01000,privacy,Security,Legal & Government Relations
JOB01000,cross_functional_collaboration,Business & Soft Skills,Legal & Government Relations
JOB01000,marketing,Business & Soft Skills,Legal & Government Relations
JOB01001,scala,Programming Languages,Legal & Government Relations
JOB01001,compliance,Security,Legal & Government Relations
JOB01001,privacy,Security,Legal & Government Relations
JOB01001,sales,Business & Soft Skills,Legal & Government Relations
JOB01002,analytical_skills,Business & Soft Skills,Legal & Government Relations
JOB01002,bachelors_degree,Education & Certifications,Legal & Government Relations
JOB01003,google_cloud,Cloud & Infrastructure,Legal & Government Relations
JOB01003,cloud_computing,Cloud & Infrastructure,Legal & Government Relations
JOB01003,presentation_skills,Business & Soft Skills,Legal & Government Relations
JOB01003,strategic_planning,Business & Soft Skills,Legal & Government Relations
JOB01003,sales,Business & Soft Skills,Legal & Government Relations
JOB01003,bachelors_degree,Education & Certifications,Legal & Government Relations
JOB01004,google_cloud,Cloud & Infrastructure,Legal & Government Relations
JOB01004,cloud_computing,Cloud & Infrastructure,Legal & Government Relations
JOB01004,presentation_skills,Business & Soft Skills,Legal & Government Relations
JOB01004,strategic_planning,Business & Soft Skills,Legal & Government Relations
JOB01004,sales,Business & Soft Skills,Legal & Government Relations
JOB01004,bachelors_degree,Education & Certifications,Legal & Government Relations
JOB01005,bachelors_degree,Education & Certifications,People Operations
JOB01006,stakeholder_management,Business & Soft Skills,People Operations
JOB01006,leadership,Business & Soft Skills,People Operations
JOB01006,analytical_skills,Business & Soft Skills,People Operations
JOB01006,strategic_planning,Business & Soft Skills,People Operations
JOB01006,bachelors_degree,Education & Certifications,People Operations
JOB01007,project_management,Business & Soft Skills,People Operations
JOB01007,stakeholder_management,Business & Soft Skills,People Operations
JOB01007,communication_skills,Business & Soft Skills,People Operations
JOB01007,cross_functional_collaboration,Business & Soft Skills,People Operations
JOB01007,bachelors_degree,Education & Certifications,People Operations
JOB01008,bachelors_degree,Education & Certifications,People Operations
JOB01009,google_cloud,Cloud & Infrastructure,People Operations
JOB01009,networking,Cloud & Infrastructure,People Operations
JOB01009,stakeholder_management,Business & Soft Skills,People Operations
JOB01009,bachelors_degree,Education & Certifications,People Operations
JOB01010,stakeholder_management,Business & Soft Skills,People Operations
JOB01010,analytical_skills,Business & Soft Skills,People Operations
JOB01010,strategic_planning,Business & Soft Skills,People Operations
JOB01010,bachelors_degree,Education & Certifications,People Operations
JOB01011,cross_functional_collaboration,Business & Soft Skills,People Operations
JOB01011,customer_service,Business & Soft Skills,People Operations
JOB01011,bachelors_degree,Education & Certifications,People Operations
JOB01012,compliance,Security,People Operations
JOB01012,risk_management,Security,People Operations
JOB01012,project_management,Business & Soft Skills,People Operations
JOB01012,program_management,Business & Soft Skills,People Operations
JOB01012,stakeholder_management,Business & Soft Skills,People Operations
JOB01012,leadership,Business & Soft Skills,People Operations
JOB01012,strategic_planning,Business & Soft Skills,People Operations
JOB01012,consulting,Business & Soft Skills,People Operations
JOB01012,bachelors_degree,Education & Certifications,People Operations
JOB01013,project_management,Business & Soft Skills,People Operations
JOB01013,communication_skills,Business & Soft Skills,People Operations
JOB01013,problem_solving,Business & Soft Skills,People Operations
JOB01013,team_management,Business & Soft Skills,People Operations
JOB01013,bachelors_degree,Education & Certifications,People Operations
JOB01014,scala,Programming Languages,People Operations
JOB01014,project_management,Business & Soft Skills,People Operations
JOB01014,product_management,Business & Soft Skills,People Operations
JOB01014,communication_skills,Business & Soft Skills,People Operations
JOB01014,cross_functional_collaboration,Business & Soft Skills,People Operations
JOB01014,problem_solving,Business & Soft Skills,People Operations
JOB01014,analytical_skills,Business & Soft Skills,People Operations
JOB01014,presentation_skills,Business & Soft Skills,People Operations
JOB01014,budget_management,Business & Soft Skills,People Operations
JOB01014,strategic_planning,Business & Soft Skills,People Operations
JOB01014,marketing,Business & Soft Skills,People Operations
JOB01014,consulting,Business & Soft Skills,People Operations
JOB01014,supply_chain,Hardware & Manufacturing,People Operations
JOB01014,bachelors_degree,Education & Certifications,People Operations
JOB01014,masters_degree,Education & Certifications,People Operations
JOB01015,stakeholder_management,Business & Soft Skills,People Operations
JOB01015,cross_functional_collaboration,Business & Soft Skills,People Operations
JOB01015,customer_service,Business & Soft Skills,People Operations
JOB01015,bachelors_degree,Education & Certifications,People Operations
JOB01015,masters_degree,Education & Certifications,People Operations
JOB01016,python,Programming Languages,People Operations
JOB01016,javascript,Programming Languages,People Operations
JOB01016,sql,Programming Languages,People Operations
JOB01016,stakeholder_management,Business & Soft Skills,People Operations
JOB01016,cross_functional_collaboration,Business & Soft Skills,People Operations
JOB01016,bachelors_degree,Education & Certifications,People Operations
JOB01017,stakeholder_management,Business & Soft Skills,People Operations
JOB01017,analytical_skills,Business & Soft Skills,People Operations
JOB01017,strategic_planning,Business & Soft Skills,People Operations
JOB01017,bachelors_degree,Education & Certifications,People Operations
JOB01018,networking,Cloud & Infrastructure,People Operations
JOB01018,problem_solving,Business & Soft Skills,People Operations
JOB01018,analytical_skills,Business & Soft Skills,People Operations
JOB01018,bachelors_degree,Education & Certifications,People Operations
JOB01019,data_analysis,Data & Machine Learning,People Operations
JOB01019,project_management,Business & Soft Skills,People Operations
JOB01019,stakeholder_management,Business & Soft Skills,People Operations
JOB01019,leadership,Business & Soft Skills,People Operations
JOB01019,problem_solving,Business & Soft Skills,People Operations
JOB01019,strategic_planning,Business & Soft Skills,People Operations
JOB01019,consulting,Business & Soft Skills,People Operations
JOB01019,bachelors_degree,Education & Certifications,People Operations
JOB01019,masters_degree,Education & Certifications,People Operations
JOB01020,stakeholder_management,Business & Soft Skills,People Operations
JOB01020,cross_functional_collaboration,Business & Soft Skills,People Operations
JOB01020,bachelors_degree,Education & Certifications,People Operations
JOB01021,google_cloud,Cloud & Infrastructure,People Operations
JOB01021,stakeholder_management,Business & Soft Skills,People Operations
JOB01021,communication_skills,Business & Soft Skills,People Operations
JOB01021,budget_management,Business & Soft Skills,People Operations
JOB01021,marketing,Business & Soft Skills,People Operations
JOB01021,consulting,Business & Soft Skills,People Operations
JOB01021,bachelors_degree,Education & Certifications,People Operations
JOB01022,bachelors_degree,Education & Certifications,People Operations
JOB01023,leadership,Business & Soft Skills,People Operations
JOB01023,consulting,Business & Soft Skills,People Operations
JOB01023,bachelors_degree,Education & Certifications,People Operations
JOB01024,java,Programming Languages,People Operations
JOB01024,c++,Programming Languages,People Operations
JOB01024,c_lang,Programming Languages,People Operations
JOB01024,sql,Programming Languages,People Operations
JOB01024,databases_general,Databases,People Operations
JOB01024,mysql,Databases,People Operations
JOB01024,project_management,Business & Soft Skills,People Operations
JOB01024,stakeholder_management,Business & Soft Skills,People Operations
JOB01024,communication_skills,Business & Soft Skills,People Operations
JOB01024,cross_functional_collaboration,Business & Soft Skills,People Operations
JOB01024,bachelors_degree,Education & Certifications,People Operations
JOB01025,cross_functional_collaboration,Business & Soft Skills,People Operations
JOB01025,customer_service,Business & Soft Skills,People Operations
JOB01025,bachelors_degree,Education & Certifications,People Operations
JOB01026,google_cloud,Cloud & Infrastructure,People Operations
JOB01026,cross_functional_collaboration,Business & Soft Skills,People Operations
JOB01026,bachelors_degree,Education & Certifications,People Operations
JOB01027,project_management,Business & Soft Skills,People Operations
JOB01027,leadership,Business & Soft Skills,People Operations
JOB01027,cross_functional_collaboration,Business & Soft Skills,People Operations
JOB01027,consulting,Business & Soft Skills,People Operations
JOB01027,supply_chain,Hardware & Manufacturing,People Operations
JOB01027,bachelors_degree,Education & Certifications,People Operations
JOB01028,cross_functional_collaboration,Business & Soft Skills,People Operations
JOB01028,customer_service,Business & Soft Skills,People Operations
JOB01028,bachelors_degree,Education & Certifications,People Operations
JOB01029,bachelors_degree,Education & Certifications,People Operations
JOB01030,scala,Programming Languages,People Operations
JOB01030,stakeholder_management,Business & Soft Skills,People Operations
JOB01030,communication_skills,Business & Soft Skills,People Operations
JOB01030,leadership,Business & Soft Skills,People Operations
JOB01030,problem_solving,Business & Soft Skills,People Operations
JOB01030,strategic_planning,Business & Soft Skills,People Operations
JOB01030,consulting,Business & Soft Skills,People Operations
JOB01030,bachelors_degree,Education & Certifications,People Operations
JOB01030,masters_degree,Education & Certifications,People Operations
JOB01031,python,Programming Languages,People Operations
JOB01031,sql,Programming Languages,People Operations
JOB01031,scala,Programming Languages,People Operations
JOB01031,statistics,Data & Machine Learning,People Operations
JOB01031,data_visualization,Data & Machine Learning,People Operations
JOB01031,stakeholder_management,Business & Soft Skills,People Operations
JOB01031,bachelors_degree,Education & Certifications,People Operations
JOB01032,project_management,Business & Soft Skills,People Operations
JOB01032,stakeholder_management,Business & Soft Skills,People Operations
JOB01032,leadership,Business & Soft Skills,People Operations
JOB01032,cross_functional_collaboration,Business & Soft Skills,People Operations
JOB01032,problem_solving,Business & Soft Skills,People Operations
JOB01032,strategic_planning,Business & Soft Skills,People Operations
JOB01032,bachelors_degree,Education & Certifications,People Operations
JOB01033,networking,Cloud & Infrastructure,People Operations
JOB01033,stakeholder_management,Business & Soft Skills,People Operations
JOB01033,leadership,Business & Soft Skills,People Operations
JOB01033,bachelors_degree,Education & Certifications,People Operations
JOB01034,communication_skills,Business & Soft Skills,People Operations
JOB01034,strategic_planning,Business & Soft Skills,People Operations
JOB01034,hardware_engineering,Hardware & Manufacturing,People Operations
JOB01034,bachelors_degree,Education & Certifications,People Operations
JOB01035,communication_skills,Business & Soft Skills,People Operations
JOB01035,cross_functional_collaboration,Business & Soft Skills,People Operations
JOB01035,bachelors_degree,Education & Certifications,People Operations
JOB01036,communication_skills,Business & Soft Skills,People Operations
JOB01036,strategic_planning,Business & Soft Skills,People Operations
JOB01036,hardware_engineering,Hardware & Manufacturing,People Operations
JOB01036,bachelors_degree,Education & Certifications,People Operations
JOB01037,project_management,Business & Soft Skills,People Operations
JOB01037,stakeholder_management,Business & Soft Skills,People Operations
JOB01037,problem_solving,Business & Soft Skills,People Operations
JOB01037,strategic_planning,Business & Soft Skills,People Operations
JOB01037,consulting,Business & Soft Skills,People Operations
JOB01037,bachelors_degree,Education & Certifications,People Operations
JOB01038,communication_skills,Business & Soft Skills,People Operations
JOB01038,customer_service,Business & Soft Skills,People Operations
JOB01038,consulting,Business & Soft Skills,People Operations
JOB01038,bachelors_degree,Education & Certifications,People Operations
JOB01039,cross_functional_collaboration,Business & Soft Skills,People Operations
JOB01039,customer_service,Business & Soft Skills,People Operations
JOB01039,bachelors_degree,Education & Certifications,People Operations
JOB01040,leadership,Business & Soft Skills,People Operations
JOB01040,consulting,Business & Soft Skills,People Operations
JOB01040,bachelors_degree,Education & Certifications,People Operations
JOB01041,project_management,Business & Soft Skills,People Operations
JOB01041,leadership,Business & Soft Skills,People Operations
JOB01041,cross_functional_collaboration,Business & Soft Skills,People Operations
JOB01041,consulting,Business & Soft Skills,People Operations
JOB01041,supply_chain,Hardware & Manufacturing,People Operations
JOB01041,bachelors_degree,Education & Certifications,People Operations
JOB01042,communication_skills,Business & Soft Skills,People Operations
JOB01042,customer_service,Business & Soft Skills,People Operations
JOB01042,consulting,Business & Soft Skills,People Operations
JOB01042,bachelors_degree,Education & Certifications,People Operations
JOB01043,scala,Programming Languages,People Operations
JOB01043,team_management,Business & Soft Skills,People Operations
JOB01043,strategic_planning,Business & Soft Skills,People Operations
JOB01043,bachelors_degree,Education & Certifications,People Operations
JOB01044,android,Web & Frameworks,People Operations
JOB01044,leadership,Business & Soft Skills,People Operations
JOB01044,strategic_planning,Business & Soft Skills,People Operations
JOB01044,sales,Business & Soft Skills,People Operations
JOB01044,marketing,Business & Soft Skills,People Operations
JOB01044,consulting,Business & Soft Skills,People Operations
JOB01044,hardware_engineering,Hardware & Manufacturing,People Operations
JOB01044,bachelors_degree,Education & Certifications,People Operations
JOB01045,stakeholder_management,Business & Soft Skills,Administrative
JOB01045,communication_skills,Business & Soft Skills,Administrative
JOB01045,cross_functional_collaboration,Business & Soft Skills,Administrative
JOB01045,budget_management,Business & Soft Skills,Administrative
JOB01045,marketing,Business & Soft Skills,Administrative
JOB01045,consulting,Business & Soft Skills,Administrative
JOB01045,bachelors_degree,Education & Certifications,Administrative
JOB01046,data_analysis,Data & Machine Learning,People Operations
JOB01046,stakeholder_management,Business & Soft Skills,People Operations
JOB01046,leadership,Business & Soft Skills,People Operations
JOB01046,problem_solving,Business & Soft Skills,People Operations
JOB01046,strategic_planning,Business & Soft Skills,People Operations
JOB01046,consulting,Business & Soft Skills,People Operations
JOB01046,bachelors_degree,Education & Certifications,People Operations
JOB01046,masters_degree,Education & Certifications,People Operations
JOB01047,bachelors_degree,Education & Certifications,People Operations
JOB01048,data_analysis,Data & Machine Learning,People Operations
JOB01048,html_css,Web & Frameworks,People Operations
JOB01048,project_management,Business & Soft Skills,People Operations
JOB01048,problem_solving,Business & Soft Skills,People Operations
JOB01048,customer_service,Business & Soft Skills,People Operations
JOB01048,bachelors_degree,Education & Certifications,People Operations
JOB01049,scala,Programming Languages,People Operations
JOB01049,communication_skills,Business & Soft Skills,People Operations
JOB01049,cross_functional_collaboration,Business & Soft Skills,People Operations
JOB01049,analytical_skills,Business & Soft Skills,People Operations
JOB01049,consulting,Business & Soft Skills,People Operations
JOB01049,bachelors_degree,Education & Certifications,People Operations
JOB01050,python,Programming Languages,People Operations
JOB01050,javascript,Programming Languages,People Operations
JOB01050,sql,Programming Languages,People Operations
JOB01050,stakeholder_management,Business & Soft Skills,People Operations
JOB01050,cross_functional_collaboration,Business & Soft Skills,People Operations
JOB01050,bachelors_degree,Education & Certifications,People Operations
JOB01051,bachelors_degree,Education & Certifications,People Operations
JOB01052,communication_skills,Business & Soft Skills,People Operations
JOB01052,consulting,Business & Soft Skills,People Operations
JOB01052,bachelors_degree,Education & Certifications,People Operations
JOB01053,google_cloud,Cloud & Infrastructure,People Operations
JOB01053,cross_functional_collaboration,Business & Soft Skills,People Operations
JOB01053,bachelors_degree,Education & Certifications,People Operations
JOB01054,stakeholder_management,Business & Soft Skills,People Operations
JOB01054,leadership,Business & Soft Skills,People Operations
JOB01054,analytical_skills,Business & Soft Skills,People Operations
JOB01054,strategic_planning,Business & Soft Skills,People Operations
JOB01054,bachelors_degree,Education & Certifications,People Operations
JOB01055,data_analysis,Data & Machine Learning,People Operations
JOB01055,stakeholder_management,Business & Soft Skills,People Operations
JOB01055,communication_skills,Business & Soft Skills,People Operations
JOB01055,leadership,Business & Soft Skills,People Operations
JOB01055,problem_solving,Business & Soft Skills,People Operations
JOB01055,strategic_planning,Business & Soft Skills,People Operations
JOB01055,hardware_engineering,Hardware & Manufacturing,People Operations
JOB01055,bachelors_degree,Education & Certifications,People Operations
JOB01055,masters_degree,Education & Certifications,People Operations
JOB01056,stakeholder_management,Business & Soft Skills,People Operations
JOB01056,cross_functional_collaboration,Business & Soft Skills,People Operations
JOB01056,bachelors_degree,Education & Certifications,People Operations
JOB01057,communication_skills,Business & Soft Skills,People Operations
JOB01057,customer_service,Business & Soft Skills,People Operations
JOB01057,consulting,Business & Soft Skills,People Operations
JOB01057,bachelors_degree,Education & Certifications,People Operations
JOB01058,cross_functional_collaboration,Business & Soft Skills,People Operations
JOB01058,customer_service,Business & Soft Skills,People Operations
JOB01058,bachelors_degree,Education & Certifications,People Operations
JOB01059,google_cloud,Cloud & Infrastructure,People Operations
JOB01059,stakeholder_management,Business & Soft Skills,People Operations
JOB01059,leadership,Business & Soft Skills,People Operations
JOB01059,presentation_skills,Business & Soft Skills,People Operations
JOB01059,sales,Business & Soft Skills,People Operations
JOB01059,consulting,Business & Soft Skills,People Operations
JOB01059,bachelors_degree,Education & Certifications,People Operations
JOB01059,masters_degree,Education & Certifications,People Operations
JOB01060,sql,Programming Languages,People Operations
JOB01060,scala,Programming Languages,People Operations
JOB01060,stakeholder_management,Business & Soft Skills,People Operations
JOB01060,communication_skills,Business & Soft Skills,People Operations
JOB01060,cross_functional_collaboration,Business & Soft Skills,People Operations
JOB01060,problem_solving,Business & Soft Skills,People Operations
JOB01060,analytical_skills,Business & Soft Skills,People Operations
JOB01060,team_management,Business & Soft Skills,People Operations
JOB01060,strategic_planning,Business & Soft Skills,People Operations
JOB01061,data_analysis,Data & Machine Learning,People Operations
JOB01061,project_management,Business & Soft Skills,People Operations
JOB01061,stakeholder_management,Business & Soft Skills,People Operations
JOB01061,leadership,Business & Soft Skills,People Operations
JOB01061,problem_solving,Business & Soft Skills,People Operations
JOB01061,strategic_planning,Business & Soft Skills,People Operations
JOB01061,consulting,Business & Soft Skills,People Operations
JOB01061,bachelors_degree,Education & Certifications,People Operations
JOB01061,masters_degree,Education & Certifications,People Operations
JOB01062,android,Web & Frameworks,People Operations
JOB01062,leadership,Business & Soft Skills,People Operations
JOB01062,strategic_planning,Business & Soft Skills,People Operations
JOB01062,sales,Business & Soft Skills,People Operations
JOB01062,marketing,Business & Soft Skills,People Operations
JOB01062,consulting,Business & Soft Skills,People Operations
JOB01062,bachelors_degree,Education & Certifications,People Operations
JOB01063,program_management,Business & Soft Skills,People Operations
JOB01063,communication_skills,Business & Soft Skills,People Operations
JOB01063,cross_functional_collaboration,Business & Soft Skills,People Operations
JOB01063,consulting,Business & Soft Skills,People Operations
JOB01063,bachelors_degree,Education & Certifications,People Operations
JOB01064,program_management,Business & Soft Skills,Administrative
JOB01064,bachelors_degree,Education & Certifications,Administrative
JOB01065,communication_skills,Business & Soft Skills,People Operations
JOB01065,customer_service,Business & Soft Skills,People Operations
JOB01065,consulting,Business & Soft Skills,People Operations
JOB01065,bachelors_degree,Education & Certifications,People Operations
JOB01066,project_management,Business & Soft Skills,People Operations
JOB01066,bachelors_degree,Education & Certifications,People Operations
JOB01067,stakeholder_management,Business & Soft Skills,People Operations
JOB01067,leadership,Business & Soft Skills,People Operations
JOB01067,analytical_skills,Business & Soft Skills,People Operations
JOB01067,strategic_planning,Business & Soft Skills,People Operations
JOB01067,bachelors_degree,Education & Certifications,People Operations
JOB01068,python,Programming Languages,People Operations
JOB01068,sql,Programming Languages,People Operations
JOB01068,statistics,Data & Machine Learning,People Operations
JOB01068,data_warehousing,Databases,People Operations
JOB01068,security_general,Security,People Operations
JOB01068,problem_solving,Business & Soft Skills,People Operations
JOB01068,analytical_skills,Business & Soft Skills,People Operations
JOB01068,computer_science_degree,Education & Certifications,People Operations
JOB01069,customer_service,Business & Soft Skills,People Operations
JOB01069,consulting,Business & Soft Skills,People Operations
JOB01070,sql,Programming Languages,People Operations
JOB01070,databases_general,Databases,People Operations
JOB01070,project_management,Business & Soft Skills,People Operations
JOB01070,strategic_planning,Business & Soft Skills,People Operations
JOB01070,consulting,Business & Soft Skills,People Operations
JOB01070,bachelors_degree,Education & Certifications,People Operations
JOB01071,communication_skills,Business & Soft Skills,People Operations
JOB01071,customer_service,Business & Soft Skills,People Operations
JOB01071,consulting,Business & Soft Skills,People Operations
JOB01071,bachelors_degree,Education & Certifications,People Operations
JOB01072,sql,Programming Languages,People Operations
JOB01072,databases_general,Databases,People Operations
JOB01072,stakeholder_management,Business & Soft Skills,People Operations
JOB01072,communication_skills,Business & Soft Skills,People Operations
JOB01072,leadership,Business & Soft Skills,People Operations
JOB01072,cross_functional_collaboration,Business & Soft Skills,People Operations
JOB01072,agile_scrum,Business & Soft Skills,People Operations
JOB01072,bachelors_degree,Education & Certifications,People Operations
JOB01073,leadership,Business & Soft Skills,People Operations
JOB01073,team_management,Business & Soft Skills,People Operations
JOB01073,consulting,Business & Soft Skills,People Operations
JOB01073,bachelors_degree,Education & Certifications,People Operations
JOB01073,phd,Education & Certifications,People Operations
JOB01074,communication_skills,Business & Soft Skills,People Operations
JOB01074,cross_functional_collaboration,Business & Soft Skills,People Operations
JOB01074,bachelors_degree,Education & Certifications,People Operations
JOB01075,project_management,Business & Soft Skills,Administrative
JOB01075,customer_service,Business & Soft Skills,Administrative
JOB01075,sales,Business & Soft Skills,Administrative
JOB01075,marketing,Business & Soft Skills,Administrative
JOB01075,consulting,Business & Soft Skills,Administrative
JOB01075,masters_degree,Education & Certifications,Administrative
JOB01076,python,Programming Languages,Administrative
JOB01076,java,Programming Languages,Administrative
JOB01076,go,Programming Languages,Administrative
JOB01076,sql,Programming Languages,Administrative
JOB01076,google_cloud,Cloud & Infrastructure,Administrative
JOB01076,linux,Cloud & Infrastructure,Administrative
JOB01076,networking,Cloud & Infrastructure,Administrative
JOB01076,site_reliability,Cloud & Infrastructure,Administrative
JOB01076,databases_general,Databases,Administrative
JOB01076,product_management,Business & Soft Skills,Administrative
JOB01076,communication_skills,Business & Soft Skills,Administrative
JOB01076,problem_solving,Business & Soft Skills,Administrative
JOB01076,hardware_engineering,Hardware & Manufacturing,Administrative
JOB01076,bachelors_degree,Education & Certifications,Administrative
JOB01077,communication_skills,Business & Soft Skills,People Operations
JOB01077,consulting,Business & Soft Skills,People Operations
JOB01077,bachelors_degree,Education & Certifications,People Operations
JOB01078,leadership,Business & Soft Skills,People Operations
JOB01078,consulting,Business & Soft Skills,People Operations
JOB01078,bachelors_degree,Education & Certifications,People Operations
JOB01079,sql,Programming Languages,People Operations
JOB01079,databases_general,Databases,People Operations
JOB01079,stakeholder_management,Business & Soft Skills,People Operations
JOB01079,leadership,Business & Soft Skills,People Operations
JOB01079,cross_functional_collaboration,Business & Soft Skills,People Operations
JOB01079,team_management,Business & Soft Skills,People Operations
JOB01079,strategic_planning,Business & Soft Skills,People Operations
JOB01079,consulting,Business & Soft Skills,People Operations
JOB01079,bachelors_degree,Education & Certifications,People Operations
JOB01080,program_management,Business & Soft Skills,Administrative
JOB01080,bachelors_degree,Education & Certifications,Administrative
JOB01081,program_management,Business & Soft Skills,Administrative
JOB01081,hardware_engineering,Hardware & Manufacturing,Administrative
JOB01081,bachelors_degree,Education & Certifications,Administrative
JOB01082,security_general,Security,Administrative
JOB01082,stakeholder_management,Business & Soft Skills,Administrative
JOB01082,customer_service,Business & Soft Skills,Administrative
JOB01082,bachelors_degree,Education & Certifications,Administrative
JOB01083,python,Programming Languages,People Operations
JOB01083,r_lang,Programming Languages,People Operations
JOB01083,sql,Programming Languages,People Operations
JOB01083,statistics,Data & Machine Learning,People Operations
JOB01083,leadership,Business & Soft Skills,People Operations
JOB01083,strategic_planning,Business & Soft Skills,People Operations
JOB01083,consulting,Business & Soft Skills,People Operations
JOB01083,bachelors_degree,Education & Certifications,People Operations
JOB01083,computer_science_degree,Education & Certifications,People Operations
JOB01084,security_general,Security,People Operations
JOB01084,privacy,Security,People Operations
JOB01084,communication_skills,Business & Soft Skills,People Operations
JOB01084,leadership,Business & Soft Skills,People Operations
JOB01084,cross_functional_collaboration,Business & Soft Skills,People Operations
JOB01084,problem_solving,Business & Soft Skills,People Operations
JOB01084,strategic_planning,Business & Soft Skills,People Operations
JOB01084,consulting,Business & Soft Skills,People Operations
JOB01084,bachelors_degree,Education & Certifications,People Operations
JOB01085,python,Programming Languages,Administrative
JOB01085,java,Programming Languages,Administrative
JOB01085,javascript,Programming Languages,Administrative
JOB01085,sql,Programming Languages,Administrative
JOB01085,scala,Programming Languages,Administrative
JOB01085,html_css,Web & Frameworks,Administrative
JOB01085,project_management,Business & Soft Skills,Administrative
JOB01085,product_management,Business & Soft Skills,Administrative
JOB01085,stakeholder_management,Business & Soft Skills,Administrative
JOB01085,analytical_skills,Business & Soft Skills,Administrative
JOB01085,bachelors_degree,Education & Certifications,Administrative
JOB01085,computer_science_degree,Education & Certifications,Administrative
JOB01086,android,Web & Frameworks,People Operations
JOB01086,leadership,Business & Soft Skills,People Operations
JOB01086,cross_functional_collaboration,Business & Soft Skills,People Operations
JOB01086,strategic_planning,Business & Soft Skills,People Operations
JOB01086,sales,Business & Soft Skills,People Operations
JOB01086,marketing,Business & Soft Skills,People Operations
JOB01086,consulting,Business & Soft Skills,People Operations
JOB01086,bachelors_degree,Education & Certifications,People Operations
JOB01087,stakeholder_management,Business & Soft Skills,People Operations
JOB01087,leadership,Business & Soft Skills,People Operations
JOB01087,analytical_skills,Business & Soft Skills,People Operations
JOB01087,strategic_planning,Business & Soft Skills,People Operations
JOB01087,bachelors_degree,Education & Certifications,People Operations
JOB01088,bachelors_degree,Education & Certifications,People Operations
JOB01089,python,Programming Languages,Administrative
JOB01089,java,Programming Languages,Administrative
JOB01089,javascript,Programming Languages,Administrative
JOB01089,sql,Programming Languages,Administrative
JOB01089,scala,Programming Languages,Administrative
JOB01089,html_css,Web & Frameworks,Administrative
JOB01089,project_management,Business & Soft Skills,Administrative
JOB01089,product_management,Business & Soft Skills,Administrative
JOB01089,stakeholder_management,Business & Soft Skills,Administrative
JOB01089,analytical_skills,Business & Soft Skills,Administrative
JOB01089,bachelors_degree,Education & Certifications,Administrative
JOB01089,computer_science_degree,Education & Certifications,Administrative
JOB01090,compliance,Security,People Operations
JOB01090,project_management,Business & Soft Skills,People Operations
JOB01090,stakeholder_management,Business & Soft Skills,People Operations
JOB01090,problem_solving,Business & Soft Skills,People Operations
JOB01090,strategic_planning,Business & Soft Skills,People Operations
JOB01090,customer_service,Business & Soft Skills,People Operations
JOB01090,marketing,Business & Soft Skills,People Operations
JOB01090,masters_degree,Education & Certifications,People Operations
JOB01091,communication_skills,Business & Soft Skills,People Operations
JOB01091,cross_functional_collaboration,Business & Soft Skills,People Operations
JOB01091,bachelors_degree,Education & Certifications,People Operations
JOB01092,project_management,Business & Soft Skills,People Operations
JOB01092,stakeholder_management,Business & Soft Skills,People Operations
JOB01092,leadership,Business & Soft Skills,People Operations
JOB01092,cross_functional_collaboration,Business & Soft Skills,People Operations
JOB01092,problem_solving,Business & Soft Skills,People Operations
JOB01092,strategic_planning,Business & Soft Skills,People Operations
JOB01092,bachelors_degree,Education & Certifications,People Operations
JOB01093,program_management,Business & Soft Skills,Administrative
JOB01093,bachelors_degree,Education & Certifications,Administrative
JOB01094,project_management,Business & Soft Skills,People Operations
JOB01094,stakeholder_management,Business & Soft Skills,People Operations
JOB01094,problem_solving,Business & Soft Skills,People Operations
JOB01094,strategic_planning,Business & Soft Skills,People Operations
JOB01094,consulting,Business & Soft Skills,People Operations
JOB01094,bachelors_degree,Education & Certifications,People Operations
JOB01095,scala,Programming Languages,People Operations
JOB01095,stakeholder_management,Business & Soft Skills,People Operations
JOB01095,leadership,Business & Soft Skills,People Operations
JOB01095,cross_functional_collaboration,Business & Soft Skills,People Operations
JOB01095,problem_solving,Business & Soft Skills,People Operations
JOB01095,team_management,Business & Soft Skills,People Operations
JOB01095,strategic_planning,Business & Soft Skills,People Operations
JOB01095,bachelors_degree,Education & Certifications,People Operations
JOB01096,statistics,Data & Machine Learning,People Operations
JOB01096,project_management,Business & Soft Skills,People Operations
JOB01096,leadership,Business & Soft Skills,People Operations
JOB01096,cross_functional_collaboration,Business & Soft Skills,People Operations
JOB01096,strategic_planning,Business & Soft Skills,People Operations
JOB01096,sales,Business & Soft Skills,People Operations
JOB01096,consulting,Business & Soft Skills,People Operations
JOB01096,bachelors_degree,Education & Certifications,People Operations
JOB01097,program_management,Business & Soft Skills,Administrative
JOB01097,bachelors_degree,Education & Certifications,Administrative
JOB01098,stakeholder_management,Business & Soft Skills,People Operations
JOB01098,leadership,Business & Soft Skills,People Operations
JOB01098,analytical_skills,Business & Soft Skills,People Operations
JOB01098,strategic_planning,Business & Soft Skills,People Operations
JOB01098,bachelors_degree,Education & Certifications,People Operations
JOB01099,project_management,Business & Soft Skills,Administrative
JOB01099,customer_service,Business & Soft Skills,Administrative
JOB01099,sales,Business & Soft Skills,Administrative
JOB01099,marketing,Business & Soft Skills,Administrative
JOB01099,consulting,Business & Soft Skills,Administrative
JOB01099,masters_degree,Education & Certifications,Administrative
JOB01100,r_lang,Programming Languages,People Operations
JOB01100,sql,Programming Languages,People Operations
JOB01100,statistics,Data & Machine Learning,People Operations
JOB01100,leadership,Business & Soft Skills,People Operations
JOB01100,strategic_planning,Business & Soft Skills,People Operations
JOB01100,consulting,Business & Soft Skills,People Operations
JOB01100,bachelors_degree,Education & Certifications,People Operations
JOB01101,google_cloud,Cloud & Infrastructure,People Operations
JOB01101,stakeholder_management,Business & Soft Skills,People Operations
JOB01101,leadership,Business & Soft Skills,People Operations
JOB01101,presentation_skills,Business & Soft Skills,People Operations
JOB01101,sales,Business & Soft Skills,People Operations
JOB01101,consulting,Business & Soft Skills,People Operations
JOB01101,bachelors_degree,Education & Certifications,People Operations
JOB01101,masters_degree,Education & Certifications,People Operations
JOB01102,data_analysis,Data & Machine Learning,Real Estate & Workplace Services
JOB01102,security_general,Security,Real Estate & Workplace Services
JOB01102,compliance,Security,Real Estate & Workplace Services
JOB01102,risk_management,Security,Real Estate & Workplace Services
JOB01102,communication_skills,Business & Soft Skills,Real Estate & Workplace Services
JOB01102,bachelors_degree,Education & Certifications,Real Estate & Workplace Services
JOB01103,data_analysis,Data & Machine Learning,Real Estate & Workplace Services
JOB01103,security_general,Security,Real Estate & Workplace Services
JOB01103,compliance,Security,Real Estate & Workplace Services
JOB01103,risk_management,Security,Real Estate & Workplace Services
JOB01103,communication_skills,Business & Soft Skills,Real Estate & Workplace Services
JOB01103,bachelors_degree,Education & Certifications,Real Estate & Workplace Services
JOB01104,data_analysis,Data & Machine Learning,Real Estate & Workplace Services
JOB01104,security_general,Security,Real Estate & Workplace Services
JOB01104,compliance,Security,Real Estate & Workplace Services
JOB01104,risk_management,Security,Real Estate & Workplace Services
JOB01104,communication_skills,Business & Soft Skills,Real Estate & Workplace Services
JOB01105,databases_general,Databases,Real Estate & Workplace Services
JOB01105,project_management,Business & Soft Skills,Real Estate & Workplace Services
JOB01105,stakeholder_management,Business & Soft Skills,Real Estate & Workplace Services
JOB01105,communication_skills,Business & Soft Skills,Real Estate & Workplace Services
JOB01105,cross_functional_collaboration,Business & Soft Skills,Real Estate & Workplace Services
JOB01105,analytical_skills,Business & Soft Skills,Real Estate & Workplace Services
JOB01105,budget_management,Business & Soft Skills,Real Estate & Workplace Services
JOB01105,bachelors_degree,Education & Certifications,Real Estate & Workplace Services
JOB01106,security_general,Security,Real Estate & Workplace Services
JOB01106,communication_skills,Business & Soft Skills,Real Estate & Workplace Services
JOB01106,strategic_planning,Business & Soft Skills,Real Estate & Workplace Services
JOB01107,scala,Programming Languages,Real Estate & Workplace Services
JOB01107,stakeholder_management,Business & Soft Skills,Real Estate & Workplace Services
JOB01107,communication_skills,Business & Soft Skills,Real Estate & Workplace Services
JOB01107,cross_functional_collaboration,Business & Soft Skills,Real Estate & Workplace Services
JOB01107,problem_solving,Business & Soft Skills,Real Estate & Workplace Services
JOB01107,analytical_skills,Business & Soft Skills,Real Estate & Workplace Services
JOB01107,team_management,Business & Soft Skills,Real Estate & Workplace Services
JOB01107,strategic_planning,Business & Soft Skills,Real Estate & Workplace Services
JOB01107,marketing,Business & Soft Skills,Real Estate & Workplace Services
JOB01107,consulting,Business & Soft Skills,Real Estate & Workplace Services
JOB01107,bachelors_degree,Education & Certifications,Real Estate & Workplace Services
JOB01107,masters_degree,Education & Certifications,Real Estate & Workplace Services
JOB01108,project_management,Business & Soft Skills,Real Estate & Workplace Services
JOB01108,bachelors_degree,Education & Certifications,Real Estate & Workplace Services
JOB01109,security_general,Security,Real Estate & Workplace Services
JOB01109,risk_management,Security,Real Estate & Workplace Services
JOB01109,project_management,Business & Soft Skills,Real Estate & Workplace Services
JOB01109,communication_skills,Business & Soft Skills,Real Estate & Workplace Services
JOB01109,hardware_engineering,Hardware & Manufacturing,Real Estate & Workplace Services
JOB01109,manufacturing,Hardware & Manufacturing,Real Estate & Workplace Services
JOB01109,bachelors_degree,Education & Certifications,Real Estate & Workplace Services
JOB01110,data_analysis,Data & Machine Learning,Real Estate & Workplace Services
JOB01110,security_general,Security,Real Estate & Workplace Services
JOB01110,compliance,Security,Real Estate & Workplace Services
JOB01110,risk_management,Security,Real Estate & Workplace Services
JOB01110,communication_skills,Business & Soft Skills,Real Estate & Workplace Services
JOB01110,bachelors_degree,Education & Certifications,Real Estate & Workplace Services
JOB01111,supply_chain,Hardware & Manufacturing,Real Estate & Workplace Services
JOB01111,bachelors_degree,Education & Certifications,Real Estate & Workplace Services
JOB01112,project_management,Business & Soft Skills,Real Estate & Workplace Services
JOB01112,stakeholder_management,Business & Soft Skills,Real Estate & Workplace Services
JOB01112,leadership,Business & Soft Skills,Real Estate & Workplace Services
JOB01112,budget_management,Business & Soft Skills,Real Estate & Workplace Services
JOB01112,strategic_planning,Business & Soft Skills,Real Estate & Workplace Services
JOB01112,bachelors_degree,Education & Certifications,Real Estate & Workplace Services
JOB01112,masters_degree,Education & Certifications,Real Estate & Workplace Services
JOB01113,supply_chain,Hardware & Manufacturing,Real Estate & Workplace Services
JOB01113,bachelors_degree,Education & Certifications,Real Estate & Workplace Services
JOB01114,security_general,Security,Real Estate & Workplace Services
JOB01114,risk_management,Security,Real Estate & Workplace Services
JOB01114,leadership,Business & Soft Skills,Real Estate & Workplace Services
JOB01114,problem_solving,Business & Soft Skills,Real Estate & Workplace Services
JOB01114,bachelors_degree,Education & Certifications,Real Estate & Workplace Services
JOB01115,compliance,Security,Real Estate & Workplace Services
JOB01115,stakeholder_management,Business & Soft Skills,Real Estate & Workplace Services
JOB01115,analytical_skills,Business & Soft Skills,Real Estate & Workplace Services
JOB01115,budget_management,Business & Soft Skills,Real Estate & Workplace Services
JOB01115,strategic_planning,Business & Soft Skills,Real Estate & Workplace Services
JOB01115,quality_assurance,Hardware & Manufacturing,Real Estate & Workplace Services
JOB01115,bachelors_degree,Education & Certifications,Real Estate & Workplace Services
JOB01116,compliance,Security,Real Estate & Workplace Services
JOB01116,stakeholder_management,Business & Soft Skills,Real Estate & Workplace Services
JOB01116,analytical_skills,Business & Soft Skills,Real Estate & Workplace Services
JOB01116,budget_management,Business & Soft Skills,Real Estate & Workplace Services
JOB01116,strategic_planning,Business & Soft Skills,Real Estate & Workplace Services
JOB01116,quality_assurance,Hardware & Manufacturing,Real Estate & Workplace Services
JOB01116,bachelors_degree,Education & Certifications,Real Estate & Workplace Services
JOB01117,leadership,Business & Soft Skills,Real Estate & Workplace Services
JOB01117,strategic_planning,Business & Soft Skills,Real Estate & Workplace Services
JOB01118,project_management,Business & Soft Skills,Real Estate & Workplace Services
JOB01118,stakeholder_management,Business & Soft Skills,Real Estate & Workplace Services
JOB01118,leadership,Business & Soft Skills,Real Estate & Workplace Services
JOB01118,budget_management,Business & Soft Skills,Real Estate & Workplace Services
JOB01118,strategic_planning,Business & Soft Skills,Real Estate & Workplace Services
JOB01118,bachelors_degree,Education & Certifications,Real Estate & Workplace Services
JOB01118,masters_degree,Education & Certifications,Real Estate & Workplace Services
JOB01119,security_general,Security,Real Estate & Workplace Services
JOB01119,risk_management,Security,Real Estate & Workplace Services
JOB01119,leadership,Business & Soft Skills,Real Estate & Workplace Services
JOB01119,problem_solving,Business & Soft Skills,Real Estate & Workplace Services
JOB01119,bachelors_degree,Education & Certifications,Real Estate & Workplace Services
JOB01120,data_analysis,Data & Machine Learning,Real Estate & Workplace Services
JOB01120,security_general,Security,Real Estate & Workplace Services
JOB01120,compliance,Security,Real Estate & Workplace Services
JOB01120,risk_management,Security,Real Estate & Workplace Services
JOB01120,communication_skills,Business & Soft Skills,Real Estate & Workplace Services
JOB01120,bachelors_degree,Education & Certifications,Real Estate & Workplace Services
JOB01121,security_general,Security,Real Estate & Workplace Services
JOB01121,stakeholder_management,Business & Soft Skills,Real Estate & Workplace Services
JOB01121,cross_functional_collaboration,Business & Soft Skills,Real Estate & Workplace Services
JOB01121,bachelors_degree,Education & Certifications,Real Estate & Workplace Services
JOB01122,supply_chain,Hardware & Manufacturing,Real Estate & Workplace Services
JOB01122,bachelors_degree,Education & Certifications,Real Estate & Workplace Services
JOB01123,data_analysis,Data & Machine Learning,Real Estate & Workplace Services
JOB01123,security_general,Security,Real Estate & Workplace Services
JOB01123,compliance,Security,Real Estate & Workplace Services
JOB01123,risk_management,Security,Real Estate & Workplace Services
JOB01123,communication_skills,Business & Soft Skills,Real Estate & Workplace Services
JOB01123,bachelors_degree,Education & Certifications,Real Estate & Workplace Services
JOB01124,security_general,Security,Real Estate & Workplace Services
JOB01124,leadership,Business & Soft Skills,Real Estate & Workplace Services
JOB01124,budget_management,Business & Soft Skills,Real Estate & Workplace Services
JOB01124,customer_service,Business & Soft Skills,Real Estate & Workplace Services
JOB01124,bachelors_degree,Education & Certifications,Real Estate & Workplace Services
JOB01125,security_general,Security,Real Estate & Workplace Services
JOB01125,risk_management,Security,Real Estate & Workplace Services
JOB01125,leadership,Business & Soft Skills,Real Estate & Workplace Services
JOB01125,bachelors_degree,Education & Certifications,Real Estate & Workplace Services
JOB01126,security_general,Security,Real Estate & Workplace Services
JOB01126,risk_management,Security,Real Estate & Workplace Services
JOB01126,leadership,Business & Soft Skills,Real Estate & Workplace Services
JOB01126,problem_solving,Business & Soft Skills,Real Estate & Workplace Services
JOB01126,bachelors_degree,Education & Certifications,Real Estate & Workplace Services
